<?xml version="1.0" encoding="UTF-8"?>
<doi_batch xmlns="http://www.crossref.org/schema/4.3.6"
           xmlns:xsi="http://www.w3.org/2001/XMLSchema-instance"
           xmlns:jats="http://www.ncbi.nlm.nih.gov/JATS1"
           xmlns:ai="http://www.crossref.org/AccessIndicators.xsd"
           version="4.3.6"
           xsi:schemaLocation="http://www.crossref.org/schema/4.3.6 https://www.crossref.org/schemas/crossref4.3.6.xsd">
  <head>
      <doi_batch_id>_1545413976</doi_batch_id>
      <timestamp>1545413976</timestamp>
      <depositor>
         <depositor_name>Sonya Betz</depositor_name>
         <email_address>ojshelp@ualberta.ca</email_address>
      </depositor>
      <registrant>University of Alberta</registrant>
  </head>
  <body>
      <conference>
         <event_metadata>
            <conference_name>International Kimberlite Conference</conference_name>
         </event_metadata>
         <proceedings_metadata>
            <proceedings_title>International Kimberlite Conference Extended Abstracts: 1995</proceedings_title>
            <publisher>
               <publisher_name>University of Alberta</publisher_name>
            </publisher>
            <publication_date media_type="online">
               <month>09</month>
               <day>19</day>
               <year>1995</year>
            </publication_date>
            <isbn>978-1-55195-424-0</isbn>
         </proceedings_metadata>
         <conference_paper publication_type="full_text" metadata_distribution_opts="any">
            <titles>
               <title>Garnet and ilmenite from some Premier kimberlite intrusives</title>
            </titles>
            <doi_data>
               <doi>10.29173/ikc1837</doi>
               <resource>https://ikcabstracts.com/index.php/ikc/article/view/1837</resource>
               <collection property="crawler-based">
                  <item crawler="iParadigms">
                     <resource>https://ikcabstracts.com/index.php/ikc/article/download/1837/1837</resource>
                  </item>
               </collection>
               <collection property="text-mining">
                  <item>
                     <resource mime_type="application/pdf">https://ikcabstracts.com/index.php/ikc/article/download/1837/1837</resource>
                  </item>
               </collection>
            </doi_data>
         </conference_paper>
      </conference>
      <conference>
         <event_metadata>
            <conference_name>International Kimberlite Conference</conference_name>
         </event_metadata>
         <proceedings_metadata>
            <proceedings_title>International Kimberlite Conference Extended Abstracts: 1995</proceedings_title>
            <publisher>
               <publisher_name>University of Alberta</publisher_name>
            </publisher>
            <publication_date media_type="online">
               <month>09</month>
               <day>19</day>
               <year>1995</year>
            </publication_date>
            <isbn>978-1-55195-424-0</isbn>
         </proceedings_metadata>
         <conference_paper publication_type="full_text" metadata_distribution_opts="any">
            <titles>
               <title>Jwaneng diamond inclusions</title>
            </titles>
            <doi_data>
               <doi>10.29173/ikc1836</doi>
               <resource>https://ikcabstracts.com/index.php/ikc/article/view/1836</resource>
               <collection property="crawler-based">
                  <item crawler="iParadigms">
                     <resource>https://ikcabstracts.com/index.php/ikc/article/download/1836/1836</resource>
                  </item>
               </collection>
               <collection property="text-mining">
                  <item>
                     <resource mime_type="application/pdf">https://ikcabstracts.com/index.php/ikc/article/download/1836/1836</resource>
                  </item>
               </collection>
            </doi_data>
         </conference_paper>
      </conference>
      <conference>
         <event_metadata>
            <conference_name>International Kimberlite Conference</conference_name>
         </event_metadata>
         <proceedings_metadata>
            <proceedings_title>International Kimberlite Conference Extended Abstracts: 1995</proceedings_title>
            <publisher>
               <publisher_name>University of Alberta</publisher_name>
            </publisher>
            <publication_date media_type="online">
               <month>09</month>
               <day>19</day>
               <year>1995</year>
            </publication_date>
            <isbn>978-1-55195-424-0</isbn>
         </proceedings_metadata>
         <conference_paper publication_type="full_text" metadata_distribution_opts="any">
            <titles>
               <title>Ages and processes as reported by isotopes of kimberlite derived low temperature Iherzolites</title>
            </titles>
            <doi_data>
               <doi>10.29173/ikc1835</doi>
               <resource>https://ikcabstracts.com/index.php/ikc/article/view/1835</resource>
               <collection property="crawler-based">
                  <item crawler="iParadigms">
                     <resource>https://ikcabstracts.com/index.php/ikc/article/download/1835/1835</resource>
                  </item>
               </collection>
               <collection property="text-mining">
                  <item>
                     <resource mime_type="application/pdf">https://ikcabstracts.com/index.php/ikc/article/download/1835/1835</resource>
                  </item>
               </collection>
            </doi_data>
         </conference_paper>
      </conference>
      <conference>
         <event_metadata>
            <conference_name>International Kimberlite Conference</conference_name>
         </event_metadata>
         <proceedings_metadata>
            <proceedings_title>International Kimberlite Conference Extended Abstracts: 1995</proceedings_title>
            <publisher>
               <publisher_name>University of Alberta</publisher_name>
            </publisher>
            <publication_date media_type="online">
               <month>09</month>
               <day>19</day>
               <year>1995</year>
            </publication_date>
            <isbn>978-1-55195-424-0</isbn>
         </proceedings_metadata>
         <conference_paper publication_type="full_text" metadata_distribution_opts="any">
            <titles>
               <title>Lithosphere evolution beneath the Kaapvaal craton: 200-80 MA.</title>
            </titles>
            <doi_data>
               <doi>10.29173/ikc1834</doi>
               <resource>https://ikcabstracts.com/index.php/ikc/article/view/1834</resource>
               <collection property="crawler-based">
                  <item crawler="iParadigms">
                     <resource>https://ikcabstracts.com/index.php/ikc/article/download/1834/1834</resource>
                  </item>
               </collection>
               <collection property="text-mining">
                  <item>
                     <resource mime_type="application/pdf">https://ikcabstracts.com/index.php/ikc/article/download/1834/1834</resource>
                  </item>
               </collection>
            </doi_data>
         </conference_paper>
      </conference>
      <conference>
         <event_metadata>
            <conference_name>International Kimberlite Conference</conference_name>
         </event_metadata>
         <proceedings_metadata>
            <proceedings_title>International Kimberlite Conference Extended Abstracts: 1995</proceedings_title>
            <publisher>
               <publisher_name>University of Alberta</publisher_name>
            </publisher>
            <publication_date media_type="online">
               <month>09</month>
               <day>19</day>
               <year>1995</year>
            </publication_date>
            <isbn>978-1-55195-424-0</isbn>
         </proceedings_metadata>
         <conference_paper publication_type="full_text" metadata_distribution_opts="any">
            <titles>
               <title>Trace elements in indicator minerals: area selection and target evaluation in diamond exploration</title>
            </titles>
            <doi_data>
               <doi>10.29173/ikc1833</doi>
               <resource>https://ikcabstracts.com/index.php/ikc/article/view/1833</resource>
               <collection property="crawler-based">
                  <item crawler="iParadigms">
                     <resource>https://ikcabstracts.com/index.php/ikc/article/download/1833/1833</resource>
                  </item>
               </collection>
               <collection property="text-mining">
                  <item>
                     <resource mime_type="application/pdf">https://ikcabstracts.com/index.php/ikc/article/download/1833/1833</resource>
                  </item>
               </collection>
            </doi_data>
         </conference_paper>
      </conference>
      <conference>
         <event_metadata>
            <conference_name>International Kimberlite Conference</conference_name>
         </event_metadata>
         <proceedings_metadata>
            <proceedings_title>International Kimberlite Conference Extended Abstracts: 1995</proceedings_title>
            <publisher>
               <publisher_name>University of Alberta</publisher_name>
            </publisher>
            <publication_date media_type="online">
               <month>09</month>
               <day>19</day>
               <year>1995</year>
            </publication_date>
            <isbn>978-1-55195-424-0</isbn>
         </proceedings_metadata>
         <conference_paper publication_type="full_text" metadata_distribution_opts="any">
            <titles>
               <title>A new diamondiferous eciogite-bearing kimberlitic occurrence from Finland</title>
            </titles>
            <doi_data>
               <doi>10.29173/ikc1832</doi>
               <resource>https://ikcabstracts.com/index.php/ikc/article/view/1832</resource>
               <collection property="crawler-based">
                  <item crawler="iParadigms">
                     <resource>https://ikcabstracts.com/index.php/ikc/article/download/1832/1832</resource>
                  </item>
               </collection>
               <collection property="text-mining">
                  <item>
                     <resource mime_type="application/pdf">https://ikcabstracts.com/index.php/ikc/article/download/1832/1832</resource>
                  </item>
               </collection>
            </doi_data>
         </conference_paper>
      </conference>
      <conference>
         <event_metadata>
            <conference_name>International Kimberlite Conference</conference_name>
         </event_metadata>
         <proceedings_metadata>
            <proceedings_title>International Kimberlite Conference Extended Abstracts: 1995</proceedings_title>
            <publisher>
               <publisher_name>University of Alberta</publisher_name>
            </publisher>
            <publication_date media_type="online">
               <month>09</month>
               <day>19</day>
               <year>1995</year>
            </publication_date>
            <isbn>978-1-55195-424-0</isbn>
         </proceedings_metadata>
         <conference_paper publication_type="full_text" metadata_distribution_opts="any">
            <titles>
               <title>Geochemistry of magnesian ilmenite megacrysts from Southern African kimberlites</title>
            </titles>
            <doi_data>
               <doi>10.29173/ikc1831</doi>
               <resource>https://ikcabstracts.com/index.php/ikc/article/view/1831</resource>
               <collection property="crawler-based">
                  <item crawler="iParadigms">
                     <resource>https://ikcabstracts.com/index.php/ikc/article/download/1831/1831</resource>
                  </item>
               </collection>
               <collection property="text-mining">
                  <item>
                     <resource mime_type="application/pdf">https://ikcabstracts.com/index.php/ikc/article/download/1831/1831</resource>
                  </item>
               </collection>
            </doi_data>
         </conference_paper>
      </conference>
      <conference>
         <event_metadata>
            <conference_name>International Kimberlite Conference</conference_name>
         </event_metadata>
         <proceedings_metadata>
            <proceedings_title>International Kimberlite Conference Extended Abstracts: 1995</proceedings_title>
            <publisher>
               <publisher_name>University of Alberta</publisher_name>
            </publisher>
            <publication_date media_type="online">
               <month>09</month>
               <day>19</day>
               <year>1995</year>
            </publication_date>
            <isbn>978-1-55195-424-0</isbn>
         </proceedings_metadata>
         <conference_paper publication_type="full_text" metadata_distribution_opts="any">
            <titles>
               <title>Mapping the Siberian lithosphere with garnets and spinels</title>
            </titles>
            <doi_data>
               <doi>10.29173/ikc1830</doi>
               <resource>https://ikcabstracts.com/index.php/ikc/article/view/1830</resource>
               <collection property="crawler-based">
                  <item crawler="iParadigms">
                     <resource>https://ikcabstracts.com/index.php/ikc/article/download/1830/1830</resource>
                  </item>
               </collection>
               <collection property="text-mining">
                  <item>
                     <resource mime_type="application/pdf">https://ikcabstracts.com/index.php/ikc/article/download/1830/1830</resource>
                  </item>
               </collection>
            </doi_data>
         </conference_paper>
      </conference>
      <conference>
         <event_metadata>
            <conference_name>International Kimberlite Conference</conference_name>
         </event_metadata>
         <proceedings_metadata>
            <proceedings_title>International Kimberlite Conference Extended Abstracts: 1995</proceedings_title>
            <publisher>
               <publisher_name>University of Alberta</publisher_name>
            </publisher>
            <publication_date media_type="online">
               <month>09</month>
               <day>19</day>
               <year>1995</year>
            </publication_date>
            <isbn>978-1-55195-424-0</isbn>
         </proceedings_metadata>
         <conference_paper publication_type="full_text" metadata_distribution_opts="any">
            <titles>
               <title>CL and FTIR mapping of nitrogen content and hydrogen distribution in a diamond from the Mir pipe - constraints on growth history</title>
            </titles>
            <doi_data>
               <doi>10.29173/ikc1829</doi>
               <resource>https://ikcabstracts.com/index.php/ikc/article/view/1829</resource>
               <collection property="crawler-based">
                  <item crawler="iParadigms">
                     <resource>https://ikcabstracts.com/index.php/ikc/article/download/1829/1829</resource>
                  </item>
               </collection>
               <collection property="text-mining">
                  <item>
                     <resource mime_type="application/pdf">https://ikcabstracts.com/index.php/ikc/article/download/1829/1829</resource>
                  </item>
               </collection>
            </doi_data>
         </conference_paper>
      </conference>
      <conference>
         <event_metadata>
            <conference_name>International Kimberlite Conference</conference_name>
         </event_metadata>
         <proceedings_metadata>
            <proceedings_title>International Kimberlite Conference Extended Abstracts: 1995</proceedings_title>
            <publisher>
               <publisher_name>University of Alberta</publisher_name>
            </publisher>
            <publication_date media_type="online">
               <month>09</month>
               <day>19</day>
               <year>1995</year>
            </publication_date>
            <isbn>978-1-55195-424-0</isbn>
         </proceedings_metadata>
         <conference_paper publication_type="full_text" metadata_distribution_opts="any">
            <titles>
               <title>Progress towards understanding the Kaapvaal lithosphere: geophysical and geochemical perspectives</title>
            </titles>
            <doi_data>
               <doi>10.29173/ikc1828</doi>
               <resource>https://ikcabstracts.com/index.php/ikc/article/view/1828</resource>
               <collection property="crawler-based">
                  <item crawler="iParadigms">
                     <resource>https://ikcabstracts.com/index.php/ikc/article/download/1828/1828</resource>
                  </item>
               </collection>
               <collection property="text-mining">
                  <item>
                     <resource mime_type="application/pdf">https://ikcabstracts.com/index.php/ikc/article/download/1828/1828</resource>
                  </item>
               </collection>
            </doi_data>
         </conference_paper>
      </conference>
      <conference>
         <event_metadata>
            <conference_name>International Kimberlite Conference</conference_name>
         </event_metadata>
         <proceedings_metadata>
            <proceedings_title>International Kimberlite Conference Extended Abstracts: 1995</proceedings_title>
            <publisher>
               <publisher_name>University of Alberta</publisher_name>
            </publisher>
            <publication_date media_type="online">
               <month>09</month>
               <day>19</day>
               <year>1995</year>
            </publication_date>
            <isbn>978-1-55195-424-0</isbn>
         </proceedings_metadata>
         <conference_paper publication_type="full_text" metadata_distribution_opts="any">
            <titles>
               <title>Native metals Cr, Ni and a-Fe in cryptocrystalline diamonds (carbonado) from Yakutia</title>
            </titles>
            <doi_data>
               <doi>10.29173/ikc1827</doi>
               <resource>https://ikcabstracts.com/index.php/ikc/article/view/1827</resource>
               <collection property="crawler-based">
                  <item crawler="iParadigms">
                     <resource>https://ikcabstracts.com/index.php/ikc/article/download/1827/1827</resource>
                  </item>
               </collection>
               <collection property="text-mining">
                  <item>
                     <resource mime_type="application/pdf">https://ikcabstracts.com/index.php/ikc/article/download/1827/1827</resource>
                  </item>
               </collection>
            </doi_data>
         </conference_paper>
      </conference>
      <conference>
         <event_metadata>
            <conference_name>International Kimberlite Conference</conference_name>
         </event_metadata>
         <proceedings_metadata>
            <proceedings_title>International Kimberlite Conference Extended Abstracts: 1995</proceedings_title>
            <publisher>
               <publisher_name>University of Alberta</publisher_name>
            </publisher>
            <publication_date media_type="online">
               <month>09</month>
               <day>19</day>
               <year>1995</year>
            </publication_date>
            <isbn>978-1-55195-424-0</isbn>
         </proceedings_metadata>
         <conference_paper publication_type="full_text" metadata_distribution_opts="any">
            <titles>
               <title>Geotectonic considerations on primary diamond sources in mobil belts</title>
            </titles>
            <doi_data>
               <doi>10.29173/ikc1826</doi>
               <resource>https://ikcabstracts.com/index.php/ikc/article/view/1826</resource>
               <collection property="crawler-based">
                  <item crawler="iParadigms">
                     <resource>https://ikcabstracts.com/index.php/ikc/article/download/1826/1826</resource>
                  </item>
               </collection>
               <collection property="text-mining">
                  <item>
                     <resource mime_type="application/pdf">https://ikcabstracts.com/index.php/ikc/article/download/1826/1826</resource>
                  </item>
               </collection>
            </doi_data>
         </conference_paper>
      </conference>
      <conference>
         <event_metadata>
            <conference_name>International Kimberlite Conference</conference_name>
         </event_metadata>
         <proceedings_metadata>
            <proceedings_title>International Kimberlite Conference Extended Abstracts: 1995</proceedings_title>
            <publisher>
               <publisher_name>University of Alberta</publisher_name>
            </publisher>
            <publication_date media_type="online">
               <month>09</month>
               <day>19</day>
               <year>1995</year>
            </publication_date>
            <isbn>978-1-55195-424-0</isbn>
         </proceedings_metadata>
         <conference_paper publication_type="full_text" metadata_distribution_opts="any">
            <titles>
               <title>Reaction products of carbonatite with ultramafic rocks in the Catalao-I Complex, Brazil: possible implications for mantle metasomatism</title>
            </titles>
            <doi_data>
               <doi>10.29173/ikc1825</doi>
               <resource>https://ikcabstracts.com/index.php/ikc/article/view/1825</resource>
               <collection property="crawler-based">
                  <item crawler="iParadigms">
                     <resource>https://ikcabstracts.com/index.php/ikc/article/download/1825/1825</resource>
                  </item>
               </collection>
               <collection property="text-mining">
                  <item>
                     <resource mime_type="application/pdf">https://ikcabstracts.com/index.php/ikc/article/download/1825/1825</resource>
                  </item>
               </collection>
            </doi_data>
         </conference_paper>
      </conference>
      <conference>
         <event_metadata>
            <conference_name>International Kimberlite Conference</conference_name>
         </event_metadata>
         <proceedings_metadata>
            <proceedings_title>International Kimberlite Conference Extended Abstracts: 1995</proceedings_title>
            <publisher>
               <publisher_name>University of Alberta</publisher_name>
            </publisher>
            <publication_date media_type="online">
               <month>09</month>
               <day>19</day>
               <year>1995</year>
            </publication_date>
            <isbn>978-1-55195-424-0</isbn>
         </proceedings_metadata>
         <conference_paper publication_type="full_text" metadata_distribution_opts="any">
            <titles>
               <title>Archean and Proterozoic mantle in West Greenland</title>
            </titles>
            <doi_data>
               <doi>10.29173/ikc1824</doi>
               <resource>https://ikcabstracts.com/index.php/ikc/article/view/1824</resource>
               <collection property="crawler-based">
                  <item crawler="iParadigms">
                     <resource>https://ikcabstracts.com/index.php/ikc/article/download/1824/1824</resource>
                  </item>
               </collection>
               <collection property="text-mining">
                  <item>
                     <resource mime_type="application/pdf">https://ikcabstracts.com/index.php/ikc/article/download/1824/1824</resource>
                  </item>
               </collection>
            </doi_data>
         </conference_paper>
      </conference>
      <conference>
         <event_metadata>
            <conference_name>International Kimberlite Conference</conference_name>
         </event_metadata>
         <proceedings_metadata>
            <proceedings_title>International Kimberlite Conference Extended Abstracts: 1995</proceedings_title>
            <publisher>
               <publisher_name>University of Alberta</publisher_name>
            </publisher>
            <publication_date media_type="online">
               <month>09</month>
               <day>19</day>
               <year>1995</year>
            </publication_date>
            <isbn>978-1-55195-424-0</isbn>
         </proceedings_metadata>
         <conference_paper publication_type="full_text" metadata_distribution_opts="any">
            <titles>
               <title>Typomorphism of microcrystalline oxides from kimberlite groundmass in Arkhangelsk kimberlite province</title>
            </titles>
            <doi_data>
               <doi>10.29173/ikc1823</doi>
               <resource>https://ikcabstracts.com/index.php/ikc/article/view/1823</resource>
               <collection property="crawler-based">
                  <item crawler="iParadigms">
                     <resource>https://ikcabstracts.com/index.php/ikc/article/download/1823/1823</resource>
                  </item>
               </collection>
               <collection property="text-mining">
                  <item>
                     <resource mime_type="application/pdf">https://ikcabstracts.com/index.php/ikc/article/download/1823/1823</resource>
                  </item>
               </collection>
            </doi_data>
         </conference_paper>
      </conference>
      <conference>
         <event_metadata>
            <conference_name>International Kimberlite Conference</conference_name>
         </event_metadata>
         <proceedings_metadata>
            <proceedings_title>International Kimberlite Conference Extended Abstracts: 1995</proceedings_title>
            <publisher>
               <publisher_name>University of Alberta</publisher_name>
            </publisher>
            <publication_date media_type="online">
               <month>09</month>
               <day>19</day>
               <year>1995</year>
            </publication_date>
            <isbn>978-1-55195-424-0</isbn>
         </proceedings_metadata>
         <conference_paper publication_type="full_text" metadata_distribution_opts="any">
            <titles>
               <title>Morphology and growth history of diamonds in Arkhangelsk kimberlite pipes</title>
            </titles>
            <doi_data>
               <doi>10.29173/ikc1822</doi>
               <resource>https://ikcabstracts.com/index.php/ikc/article/view/1822</resource>
               <collection property="crawler-based">
                  <item crawler="iParadigms">
                     <resource>https://ikcabstracts.com/index.php/ikc/article/download/1822/1822</resource>
                  </item>
               </collection>
               <collection property="text-mining">
                  <item>
                     <resource mime_type="application/pdf">https://ikcabstracts.com/index.php/ikc/article/download/1822/1822</resource>
                  </item>
               </collection>
            </doi_data>
         </conference_paper>
      </conference>
      <conference>
         <event_metadata>
            <conference_name>International Kimberlite Conference</conference_name>
         </event_metadata>
         <proceedings_metadata>
            <proceedings_title>International Kimberlite Conference Extended Abstracts: 1995</proceedings_title>
            <publisher>
               <publisher_name>University of Alberta</publisher_name>
            </publisher>
            <publication_date media_type="online">
               <month>09</month>
               <day>19</day>
               <year>1995</year>
            </publication_date>
            <isbn>978-1-55195-424-0</isbn>
         </proceedings_metadata>
         <conference_paper publication_type="full_text" metadata_distribution_opts="any">
            <titles>
               <title>Laseroluminescent sorting and identification of diamonds</title>
            </titles>
            <doi_data>
               <doi>10.29173/ikc1821</doi>
               <resource>https://ikcabstracts.com/index.php/ikc/article/view/1821</resource>
               <collection property="crawler-based">
                  <item crawler="iParadigms">
                     <resource>https://ikcabstracts.com/index.php/ikc/article/download/1821/1821</resource>
                  </item>
               </collection>
               <collection property="text-mining">
                  <item>
                     <resource mime_type="application/pdf">https://ikcabstracts.com/index.php/ikc/article/download/1821/1821</resource>
                  </item>
               </collection>
            </doi_data>
         </conference_paper>
      </conference>
      <conference>
         <event_metadata>
            <conference_name>International Kimberlite Conference</conference_name>
         </event_metadata>
         <proceedings_metadata>
            <proceedings_title>International Kimberlite Conference Extended Abstracts: 1995</proceedings_title>
            <publisher>
               <publisher_name>University of Alberta</publisher_name>
            </publisher>
            <publication_date media_type="online">
               <month>09</month>
               <day>19</day>
               <year>1995</year>
            </publication_date>
            <isbn>978-1-55195-424-0</isbn>
         </proceedings_metadata>
         <conference_paper publication_type="full_text" metadata_distribution_opts="any">
            <titles>
               <title>Metasomatic reequilibration of mantle xenoliths from the Gibeon kimberlite province (Namibia</title>
            </titles>
            <doi_data>
               <doi>10.29173/ikc1820</doi>
               <resource>https://ikcabstracts.com/index.php/ikc/article/view/1820</resource>
               <collection property="crawler-based">
                  <item crawler="iParadigms">
                     <resource>https://ikcabstracts.com/index.php/ikc/article/download/1820/1820</resource>
                  </item>
               </collection>
               <collection property="text-mining">
                  <item>
                     <resource mime_type="application/pdf">https://ikcabstracts.com/index.php/ikc/article/download/1820/1820</resource>
                  </item>
               </collection>
            </doi_data>
         </conference_paper>
      </conference>
      <conference>
         <event_metadata>
            <conference_name>International Kimberlite Conference</conference_name>
         </event_metadata>
         <proceedings_metadata>
            <proceedings_title>International Kimberlite Conference Extended Abstracts: 1995</proceedings_title>
            <publisher>
               <publisher_name>University of Alberta</publisher_name>
            </publisher>
            <publication_date media_type="online">
               <month>09</month>
               <day>19</day>
               <year>1995</year>
            </publication_date>
            <isbn>978-1-55195-424-0</isbn>
         </proceedings_metadata>
         <conference_paper publication_type="full_text" metadata_distribution_opts="any">
            <titles>
               <title>Three series of kimberlite bodies from the Daldyn -Alakit region of Western Yakutia</title>
            </titles>
            <doi_data>
               <doi>10.29173/ikc1819</doi>
               <resource>https://ikcabstracts.com/index.php/ikc/article/view/1819</resource>
               <collection property="crawler-based">
                  <item crawler="iParadigms">
                     <resource>https://ikcabstracts.com/index.php/ikc/article/download/1819/1819</resource>
                  </item>
               </collection>
               <collection property="text-mining">
                  <item>
                     <resource mime_type="application/pdf">https://ikcabstracts.com/index.php/ikc/article/download/1819/1819</resource>
                  </item>
               </collection>
            </doi_data>
         </conference_paper>
      </conference>
      <conference>
         <event_metadata>
            <conference_name>International Kimberlite Conference</conference_name>
         </event_metadata>
         <proceedings_metadata>
            <proceedings_title>International Kimberlite Conference Extended Abstracts: 1995</proceedings_title>
            <publisher>
               <publisher_name>University of Alberta</publisher_name>
            </publisher>
            <publication_date media_type="online">
               <month>09</month>
               <day>19</day>
               <year>1995</year>
            </publication_date>
            <isbn>978-1-55195-424-0</isbn>
         </proceedings_metadata>
         <conference_paper publication_type="full_text" metadata_distribution_opts="any">
            <titles>
               <title>Trace element partitioning in natural phlogopite- and K-richterite-bearing xenoliths from Southern African kimberlites</title>
            </titles>
            <doi_data>
               <doi>10.29173/ikc1818</doi>
               <resource>https://ikcabstracts.com/index.php/ikc/article/view/1818</resource>
               <collection property="crawler-based">
                  <item crawler="iParadigms">
                     <resource>https://ikcabstracts.com/index.php/ikc/article/download/1818/1818</resource>
                  </item>
               </collection>
               <collection property="text-mining">
                  <item>
                     <resource mime_type="application/pdf">https://ikcabstracts.com/index.php/ikc/article/download/1818/1818</resource>
                  </item>
               </collection>
            </doi_data>
         </conference_paper>
      </conference>
      <conference>
         <event_metadata>
            <conference_name>International Kimberlite Conference</conference_name>
         </event_metadata>
         <proceedings_metadata>
            <proceedings_title>International Kimberlite Conference Extended Abstracts: 1995</proceedings_title>
            <publisher>
               <publisher_name>University of Alberta</publisher_name>
            </publisher>
            <publication_date media_type="online">
               <month>09</month>
               <day>19</day>
               <year>1995</year>
            </publication_date>
            <isbn>978-1-55195-424-0</isbn>
         </proceedings_metadata>
         <conference_paper publication_type="full_text" metadata_distribution_opts="any">
            <titles>
               <title>Experimental melting reactions in amphibole- and phlogopite-bearing mantle vein assemblages and the trace element compositions of derived partial melts</title>
            </titles>
            <doi_data>
               <doi>10.29173/ikc1817</doi>
               <resource>https://ikcabstracts.com/index.php/ikc/article/view/1817</resource>
               <collection property="crawler-based">
                  <item crawler="iParadigms">
                     <resource>https://ikcabstracts.com/index.php/ikc/article/download/1817/1817</resource>
                  </item>
               </collection>
               <collection property="text-mining">
                  <item>
                     <resource mime_type="application/pdf">https://ikcabstracts.com/index.php/ikc/article/download/1817/1817</resource>
                  </item>
               </collection>
            </doi_data>
         </conference_paper>
      </conference>
      <conference>
         <event_metadata>
            <conference_name>International Kimberlite Conference</conference_name>
         </event_metadata>
         <proceedings_metadata>
            <proceedings_title>International Kimberlite Conference Extended Abstracts: 1995</proceedings_title>
            <publisher>
               <publisher_name>University of Alberta</publisher_name>
            </publisher>
            <publication_date media_type="online">
               <month>09</month>
               <day>19</day>
               <year>1995</year>
            </publication_date>
            <isbn>978-1-55195-424-0</isbn>
         </proceedings_metadata>
         <conference_paper publication_type="full_text" metadata_distribution_opts="any">
            <titles>
               <title>History of the discovery of diamondiferous kimberlites in the Northwest Territories, Canada</title>
            </titles>
            <doi_data>
               <doi>10.29173/ikc1816</doi>
               <resource>https://ikcabstracts.com/index.php/ikc/article/view/1816</resource>
               <collection property="crawler-based">
                  <item crawler="iParadigms">
                     <resource>https://ikcabstracts.com/index.php/ikc/article/download/1816/1816</resource>
                  </item>
               </collection>
               <collection property="text-mining">
                  <item>
                     <resource mime_type="application/pdf">https://ikcabstracts.com/index.php/ikc/article/download/1816/1816</resource>
                  </item>
               </collection>
            </doi_data>
         </conference_paper>
      </conference>
      <conference>
         <event_metadata>
            <conference_name>International Kimberlite Conference</conference_name>
         </event_metadata>
         <proceedings_metadata>
            <proceedings_title>International Kimberlite Conference Extended Abstracts: 1995</proceedings_title>
            <publisher>
               <publisher_name>University of Alberta</publisher_name>
            </publisher>
            <publication_date media_type="online">
               <month>09</month>
               <day>19</day>
               <year>1995</year>
            </publication_date>
            <isbn>978-1-55195-424-0</isbn>
         </proceedings_metadata>
         <conference_paper publication_type="full_text" metadata_distribution_opts="any">
            <titles>
               <title>The geology of the Orapa A/K1 kimberlite, Botswana: further insight into the emplacement of kimberlite pipes</title>
            </titles>
            <doi_data>
               <doi>10.29173/ikc1815</doi>
               <resource>https://ikcabstracts.com/index.php/ikc/article/view/1815</resource>
               <collection property="crawler-based">
                  <item crawler="iParadigms">
                     <resource>https://ikcabstracts.com/index.php/ikc/article/download/1815/1815</resource>
                  </item>
               </collection>
               <collection property="text-mining">
                  <item>
                     <resource mime_type="application/pdf">https://ikcabstracts.com/index.php/ikc/article/download/1815/1815</resource>
                  </item>
               </collection>
            </doi_data>
         </conference_paper>
      </conference>
      <conference>
         <event_metadata>
            <conference_name>International Kimberlite Conference</conference_name>
         </event_metadata>
         <proceedings_metadata>
            <proceedings_title>International Kimberlite Conference Extended Abstracts: 1995</proceedings_title>
            <publisher>
               <publisher_name>University of Alberta</publisher_name>
            </publisher>
            <publication_date media_type="online">
               <month>09</month>
               <day>19</day>
               <year>1995</year>
            </publication_date>
            <isbn>978-1-55195-424-0</isbn>
         </proceedings_metadata>
         <conference_paper publication_type="full_text" metadata_distribution_opts="any">
            <titles>
               <title>Kimberlite and lamproite comparative petrogeochemistry</title>
            </titles>
            <doi_data>
               <doi>10.29173/ikc1814</doi>
               <resource>https://ikcabstracts.com/index.php/ikc/article/view/1814</resource>
               <collection property="crawler-based">
                  <item crawler="iParadigms">
                     <resource>https://ikcabstracts.com/index.php/ikc/article/download/1814/1814</resource>
                  </item>
               </collection>
               <collection property="text-mining">
                  <item>
                     <resource mime_type="application/pdf">https://ikcabstracts.com/index.php/ikc/article/download/1814/1814</resource>
                  </item>
               </collection>
            </doi_data>
         </conference_paper>
      </conference>
      <conference>
         <event_metadata>
            <conference_name>International Kimberlite Conference</conference_name>
         </event_metadata>
         <proceedings_metadata>
            <proceedings_title>International Kimberlite Conference Extended Abstracts: 1995</proceedings_title>
            <publisher>
               <publisher_name>University of Alberta</publisher_name>
            </publisher>
            <publication_date media_type="online">
               <month>09</month>
               <day>19</day>
               <year>1995</year>
            </publication_date>
            <isbn>978-1-55195-424-0</isbn>
         </proceedings_metadata>
         <conference_paper publication_type="full_text" metadata_distribution_opts="any">
            <titles>
               <title>Conceptual approach to the problem of spatial distribution of different-rank kimberlite shows at ancient platforms</title>
            </titles>
            <doi_data>
               <doi>10.29173/ikc1813</doi>
               <resource>https://ikcabstracts.com/index.php/ikc/article/view/1813</resource>
               <collection property="crawler-based">
                  <item crawler="iParadigms">
                     <resource>https://ikcabstracts.com/index.php/ikc/article/download/1813/1813</resource>
                  </item>
               </collection>
               <collection property="text-mining">
                  <item>
                     <resource mime_type="application/pdf">https://ikcabstracts.com/index.php/ikc/article/download/1813/1813</resource>
                  </item>
               </collection>
            </doi_data>
         </conference_paper>
      </conference>
      <conference>
         <event_metadata>
            <conference_name>International Kimberlite Conference</conference_name>
         </event_metadata>
         <proceedings_metadata>
            <proceedings_title>International Kimberlite Conference Extended Abstracts: 1995</proceedings_title>
            <publisher>
               <publisher_name>University of Alberta</publisher_name>
            </publisher>
            <publication_date media_type="online">
               <month>09</month>
               <day>19</day>
               <year>1995</year>
            </publication_date>
            <isbn>978-1-55195-424-0</isbn>
         </proceedings_metadata>
         <conference_paper publication_type="full_text" metadata_distribution_opts="any">
            <titles>
               <title>Origin of eclogite nodules from the Mbujii Mayi kimberlites (Kasai, Zaire): subducted ancient oceanic crust?</title>
            </titles>
            <doi_data>
               <doi>10.29173/ikc1812</doi>
               <resource>https://ikcabstracts.com/index.php/ikc/article/view/1812</resource>
               <collection property="crawler-based">
                  <item crawler="iParadigms">
                     <resource>https://ikcabstracts.com/index.php/ikc/article/download/1812/1812</resource>
                  </item>
               </collection>
               <collection property="text-mining">
                  <item>
                     <resource mime_type="application/pdf">https://ikcabstracts.com/index.php/ikc/article/download/1812/1812</resource>
                  </item>
               </collection>
            </doi_data>
         </conference_paper>
      </conference>
      <conference>
         <event_metadata>
            <conference_name>International Kimberlite Conference</conference_name>
         </event_metadata>
         <proceedings_metadata>
            <proceedings_title>International Kimberlite Conference Extended Abstracts: 1995</proceedings_title>
            <publisher>
               <publisher_name>University of Alberta</publisher_name>
            </publisher>
            <publication_date media_type="online">
               <month>09</month>
               <day>19</day>
               <year>1995</year>
            </publication_date>
            <isbn>978-1-55195-424-0</isbn>
         </proceedings_metadata>
         <conference_paper publication_type="full_text" metadata_distribution_opts="any">
            <titles>
               <title>Thermal structure of lithosphere of Siberian platform</title>
            </titles>
            <doi_data>
               <doi>10.29173/ikc1811</doi>
               <resource>https://ikcabstracts.com/index.php/ikc/article/view/1811</resource>
               <collection property="crawler-based">
                  <item crawler="iParadigms">
                     <resource>https://ikcabstracts.com/index.php/ikc/article/download/1811/1811</resource>
                  </item>
               </collection>
               <collection property="text-mining">
                  <item>
                     <resource mime_type="application/pdf">https://ikcabstracts.com/index.php/ikc/article/download/1811/1811</resource>
                  </item>
               </collection>
            </doi_data>
         </conference_paper>
      </conference>
      <conference>
         <event_metadata>
            <conference_name>International Kimberlite Conference</conference_name>
         </event_metadata>
         <proceedings_metadata>
            <proceedings_title>International Kimberlite Conference Extended Abstracts: 1995</proceedings_title>
            <publisher>
               <publisher_name>University of Alberta</publisher_name>
            </publisher>
            <publication_date media_type="online">
               <month>09</month>
               <day>19</day>
               <year>1995</year>
            </publication_date>
            <isbn>978-1-55195-424-0</isbn>
         </proceedings_metadata>
         <conference_paper publication_type="full_text" metadata_distribution_opts="any">
            <titles>
               <title>Water in the Earth's mantle</title>
            </titles>
            <doi_data>
               <doi>10.29173/ikc1810</doi>
               <resource>https://ikcabstracts.com/index.php/ikc/article/view/1810</resource>
               <collection property="crawler-based">
                  <item crawler="iParadigms">
                     <resource>https://ikcabstracts.com/index.php/ikc/article/download/1810/1810</resource>
                  </item>
               </collection>
               <collection property="text-mining">
                  <item>
                     <resource mime_type="application/pdf">https://ikcabstracts.com/index.php/ikc/article/download/1810/1810</resource>
                  </item>
               </collection>
            </doi_data>
         </conference_paper>
      </conference>
      <conference>
         <event_metadata>
            <conference_name>International Kimberlite Conference</conference_name>
         </event_metadata>
         <proceedings_metadata>
            <proceedings_title>International Kimberlite Conference Extended Abstracts: 1995</proceedings_title>
            <publisher>
               <publisher_name>University of Alberta</publisher_name>
            </publisher>
            <publication_date media_type="online">
               <month>09</month>
               <day>19</day>
               <year>1995</year>
            </publication_date>
            <isbn>978-1-55195-424-0</isbn>
         </proceedings_metadata>
         <conference_paper publication_type="full_text" metadata_distribution_opts="any">
            <titles>
               <title>The role of carbon dioxide in the generation and enplacement of kimberlite magmas: New experimental data on CO2 solubility</title>
            </titles>
            <doi_data>
               <doi>10.29173/ikc1809</doi>
               <resource>https://ikcabstracts.com/index.php/ikc/article/view/1809</resource>
               <collection property="crawler-based">
                  <item crawler="iParadigms">
                     <resource>https://ikcabstracts.com/index.php/ikc/article/download/1809/1809</resource>
                  </item>
               </collection>
               <collection property="text-mining">
                  <item>
                     <resource mime_type="application/pdf">https://ikcabstracts.com/index.php/ikc/article/download/1809/1809</resource>
                  </item>
               </collection>
            </doi_data>
         </conference_paper>
      </conference>
      <conference>
         <event_metadata>
            <conference_name>International Kimberlite Conference</conference_name>
         </event_metadata>
         <proceedings_metadata>
            <proceedings_title>International Kimberlite Conference Extended Abstracts: 1995</proceedings_title>
            <publisher>
               <publisher_name>University of Alberta</publisher_name>
            </publisher>
            <publication_date media_type="online">
               <month>09</month>
               <day>19</day>
               <year>1995</year>
            </publication_date>
            <isbn>978-1-55195-424-0</isbn>
         </proceedings_metadata>
         <conference_paper publication_type="full_text" metadata_distribution_opts="any">
            <titles>
               <title>Experimental investigation of joint crystallization of diamond with minerals of eclogites and peridotites</title>
            </titles>
            <doi_data>
               <doi>10.29173/ikc1808</doi>
               <resource>https://ikcabstracts.com/index.php/ikc/article/view/1808</resource>
               <collection property="crawler-based">
                  <item crawler="iParadigms">
                     <resource>https://ikcabstracts.com/index.php/ikc/article/download/1808/1808</resource>
                  </item>
               </collection>
               <collection property="text-mining">
                  <item>
                     <resource mime_type="application/pdf">https://ikcabstracts.com/index.php/ikc/article/download/1808/1808</resource>
                  </item>
               </collection>
            </doi_data>
         </conference_paper>
      </conference>
      <conference>
         <event_metadata>
            <conference_name>International Kimberlite Conference</conference_name>
         </event_metadata>
         <proceedings_metadata>
            <proceedings_title>International Kimberlite Conference Extended Abstracts: 1995</proceedings_title>
            <publisher>
               <publisher_name>University of Alberta</publisher_name>
            </publisher>
            <publication_date media_type="online">
               <month>09</month>
               <day>19</day>
               <year>1995</year>
            </publication_date>
            <isbn>978-1-55195-424-0</isbn>
         </proceedings_metadata>
         <conference_paper publication_type="full_text" metadata_distribution_opts="any">
            <titles>
               <title>Permafrost-thermal conditions of kimberlite tubes ofYakutia</title>
            </titles>
            <doi_data>
               <doi>10.29173/ikc1807</doi>
               <resource>https://ikcabstracts.com/index.php/ikc/article/view/1807</resource>
               <collection property="crawler-based">
                  <item crawler="iParadigms">
                     <resource>https://ikcabstracts.com/index.php/ikc/article/download/1807/1807</resource>
                  </item>
               </collection>
               <collection property="text-mining">
                  <item>
                     <resource mime_type="application/pdf">https://ikcabstracts.com/index.php/ikc/article/download/1807/1807</resource>
                  </item>
               </collection>
            </doi_data>
         </conference_paper>
      </conference>
      <conference>
         <event_metadata>
            <conference_name>International Kimberlite Conference</conference_name>
         </event_metadata>
         <proceedings_metadata>
            <proceedings_title>International Kimberlite Conference Extended Abstracts: 1995</proceedings_title>
            <publisher>
               <publisher_name>University of Alberta</publisher_name>
            </publisher>
            <publication_date media_type="online">
               <month>09</month>
               <day>19</day>
               <year>1995</year>
            </publication_date>
            <isbn>978-1-55195-424-0</isbn>
         </proceedings_metadata>
         <conference_paper publication_type="full_text" metadata_distribution_opts="any">
            <titles>
               <title>The Kundelungu kimberlites (Shaba, Zaire) petrology and geochemistry (trace elements and radiogenic isotopes): A review</title>
            </titles>
            <doi_data>
               <doi>10.29173/ikc1806</doi>
               <resource>https://ikcabstracts.com/index.php/ikc/article/view/1806</resource>
               <collection property="crawler-based">
                  <item crawler="iParadigms">
                     <resource>https://ikcabstracts.com/index.php/ikc/article/download/1806/1806</resource>
                  </item>
               </collection>
               <collection property="text-mining">
                  <item>
                     <resource mime_type="application/pdf">https://ikcabstracts.com/index.php/ikc/article/download/1806/1806</resource>
                  </item>
               </collection>
            </doi_data>
         </conference_paper>
      </conference>
      <conference>
         <event_metadata>
            <conference_name>International Kimberlite Conference</conference_name>
         </event_metadata>
         <proceedings_metadata>
            <proceedings_title>International Kimberlite Conference Extended Abstracts: 1995</proceedings_title>
            <publisher>
               <publisher_name>University of Alberta</publisher_name>
            </publisher>
            <publication_date media_type="online">
               <month>09</month>
               <day>19</day>
               <year>1995</year>
            </publication_date>
            <isbn>978-1-55195-424-0</isbn>
         </proceedings_metadata>
         <conference_paper publication_type="full_text" metadata_distribution_opts="any">
            <titles>
               <title>Small scale oxygen isotope variations in ultradeep (&gt;300 km) and transition zone xenoliths</title>
            </titles>
            <doi_data>
               <doi>10.29173/ikc1805</doi>
               <resource>https://ikcabstracts.com/index.php/ikc/article/view/1805</resource>
               <collection property="crawler-based">
                  <item crawler="iParadigms">
                     <resource>https://ikcabstracts.com/index.php/ikc/article/download/1805/1805</resource>
                  </item>
               </collection>
               <collection property="text-mining">
                  <item>
                     <resource mime_type="application/pdf">https://ikcabstracts.com/index.php/ikc/article/download/1805/1805</resource>
                  </item>
               </collection>
            </doi_data>
         </conference_paper>
      </conference>
      <conference>
         <event_metadata>
            <conference_name>International Kimberlite Conference</conference_name>
         </event_metadata>
         <proceedings_metadata>
            <proceedings_title>International Kimberlite Conference Extended Abstracts: 1995</proceedings_title>
            <publisher>
               <publisher_name>University of Alberta</publisher_name>
            </publisher>
            <publication_date media_type="online">
               <month>09</month>
               <day>19</day>
               <year>1995</year>
            </publication_date>
            <isbn>978-1-55195-424-0</isbn>
         </proceedings_metadata>
         <conference_paper publication_type="full_text" metadata_distribution_opts="any">
            <titles>
               <title>Thermal anomaly in the upper mantle beneath a propagating continental rift: evidence from mantle xenoliths from the Labait volcano, Northern Tanzania</title>
            </titles>
            <doi_data>
               <doi>10.29173/ikc1804</doi>
               <resource>https://ikcabstracts.com/index.php/ikc/article/view/1804</resource>
               <collection property="crawler-based">
                  <item crawler="iParadigms">
                     <resource>https://ikcabstracts.com/index.php/ikc/article/download/1804/1804</resource>
                  </item>
               </collection>
               <collection property="text-mining">
                  <item>
                     <resource mime_type="application/pdf">https://ikcabstracts.com/index.php/ikc/article/download/1804/1804</resource>
                  </item>
               </collection>
            </doi_data>
         </conference_paper>
      </conference>
      <conference>
         <event_metadata>
            <conference_name>International Kimberlite Conference</conference_name>
         </event_metadata>
         <proceedings_metadata>
            <proceedings_title>International Kimberlite Conference Extended Abstracts: 1995</proceedings_title>
            <publisher>
               <publisher_name>University of Alberta</publisher_name>
            </publisher>
            <publication_date media_type="online">
               <month>09</month>
               <day>19</day>
               <year>1995</year>
            </publication_date>
            <isbn>978-1-55195-424-0</isbn>
         </proceedings_metadata>
         <conference_paper publication_type="full_text" metadata_distribution_opts="any">
            <titles>
               <title>Diamondiferous garnet macrocrysts in the Newlands kimberlite, South Africa - Rosetta stones from the Kaapvaal craton</title>
            </titles>
            <doi_data>
               <doi>10.29173/ikc1803</doi>
               <resource>https://ikcabstracts.com/index.php/ikc/article/view/1803</resource>
               <collection property="crawler-based">
                  <item crawler="iParadigms">
                     <resource>https://ikcabstracts.com/index.php/ikc/article/download/1803/1803</resource>
                  </item>
               </collection>
               <collection property="text-mining">
                  <item>
                     <resource mime_type="application/pdf">https://ikcabstracts.com/index.php/ikc/article/download/1803/1803</resource>
                  </item>
               </collection>
            </doi_data>
         </conference_paper>
      </conference>
      <conference>
         <event_metadata>
            <conference_name>International Kimberlite Conference</conference_name>
         </event_metadata>
         <proceedings_metadata>
            <proceedings_title>International Kimberlite Conference Extended Abstracts: 1995</proceedings_title>
            <publisher>
               <publisher_name>University of Alberta</publisher_name>
            </publisher>
            <publication_date media_type="online">
               <month>09</month>
               <day>19</day>
               <year>1995</year>
            </publication_date>
            <isbn>978-1-55195-424-0</isbn>
         </proceedings_metadata>
         <conference_paper publication_type="full_text" metadata_distribution_opts="any">
            <titles>
               <title>Trace elements in garnets and chromites from Colorado-Wyoming kimberlites as a guide to exploration</title>
            </titles>
            <doi_data>
               <doi>10.29173/ikc1802</doi>
               <resource>https://ikcabstracts.com/index.php/ikc/article/view/1802</resource>
               <collection property="crawler-based">
                  <item crawler="iParadigms">
                     <resource>https://ikcabstracts.com/index.php/ikc/article/download/1802/1802</resource>
                  </item>
               </collection>
               <collection property="text-mining">
                  <item>
                     <resource mime_type="application/pdf">https://ikcabstracts.com/index.php/ikc/article/download/1802/1802</resource>
                  </item>
               </collection>
            </doi_data>
         </conference_paper>
      </conference>
      <conference>
         <event_metadata>
            <conference_name>International Kimberlite Conference</conference_name>
         </event_metadata>
         <proceedings_metadata>
            <proceedings_title>International Kimberlite Conference Extended Abstracts: 1995</proceedings_title>
            <publisher>
               <publisher_name>University of Alberta</publisher_name>
            </publisher>
            <publication_date media_type="online">
               <month>09</month>
               <day>19</day>
               <year>1995</year>
            </publication_date>
            <isbn>978-1-55195-424-0</isbn>
         </proceedings_metadata>
         <conference_paper publication_type="full_text" metadata_distribution_opts="any">
            <titles>
               <title>Cathodoluminescence of CO2-bearing and CO2-free diamonds from the George Creek K1 kimberlite dyke, Colorado-Wyoming State Line District</title>
            </titles>
            <doi_data>
               <doi>10.29173/ikc1801</doi>
               <resource>https://ikcabstracts.com/index.php/ikc/article/view/1801</resource>
               <collection property="crawler-based">
                  <item crawler="iParadigms">
                     <resource>https://ikcabstracts.com/index.php/ikc/article/download/1801/1801</resource>
                  </item>
               </collection>
               <collection property="text-mining">
                  <item>
                     <resource mime_type="application/pdf">https://ikcabstracts.com/index.php/ikc/article/download/1801/1801</resource>
                  </item>
               </collection>
            </doi_data>
         </conference_paper>
      </conference>
      <conference>
         <event_metadata>
            <conference_name>International Kimberlite Conference</conference_name>
         </event_metadata>
         <proceedings_metadata>
            <proceedings_title>International Kimberlite Conference Extended Abstracts: 1995</proceedings_title>
            <publisher>
               <publisher_name>University of Alberta</publisher_name>
            </publisher>
            <publication_date media_type="online">
               <month>09</month>
               <day>19</day>
               <year>1995</year>
            </publication_date>
            <isbn>978-1-55195-424-0</isbn>
         </proceedings_metadata>
         <conference_paper publication_type="full_text" metadata_distribution_opts="any">
            <titles>
               <title>CO2-bearing diamonds from the George Creek K1 kimberlite dyke of the Colorado-Wyoming State Line District</title>
            </titles>
            <doi_data>
               <doi>10.29173/ikc1800</doi>
               <resource>https://ikcabstracts.com/index.php/ikc/article/view/1800</resource>
               <collection property="crawler-based">
                  <item crawler="iParadigms">
                     <resource>https://ikcabstracts.com/index.php/ikc/article/download/1800/1800</resource>
                  </item>
               </collection>
               <collection property="text-mining">
                  <item>
                     <resource mime_type="application/pdf">https://ikcabstracts.com/index.php/ikc/article/download/1800/1800</resource>
                  </item>
               </collection>
            </doi_data>
         </conference_paper>
      </conference>
      <conference>
         <event_metadata>
            <conference_name>International Kimberlite Conference</conference_name>
         </event_metadata>
         <proceedings_metadata>
            <proceedings_title>International Kimberlite Conference Extended Abstracts: 1995</proceedings_title>
            <publisher>
               <publisher_name>University of Alberta</publisher_name>
            </publisher>
            <publication_date media_type="online">
               <month>09</month>
               <day>19</day>
               <year>1995</year>
            </publication_date>
            <isbn>978-1-55195-424-0</isbn>
         </proceedings_metadata>
         <conference_paper publication_type="full_text" metadata_distribution_opts="any">
            <titles>
               <title>Distribution and tectonics of kimberlites; a craton/off craton study from South Africa</title>
            </titles>
            <doi_data>
               <doi>10.29173/ikc1799</doi>
               <resource>https://ikcabstracts.com/index.php/ikc/article/view/1799</resource>
               <collection property="crawler-based">
                  <item crawler="iParadigms">
                     <resource>https://ikcabstracts.com/index.php/ikc/article/download/1799/1799</resource>
                  </item>
               </collection>
               <collection property="text-mining">
                  <item>
                     <resource mime_type="application/pdf">https://ikcabstracts.com/index.php/ikc/article/download/1799/1799</resource>
                  </item>
               </collection>
            </doi_data>
         </conference_paper>
      </conference>
      <conference>
         <event_metadata>
            <conference_name>International Kimberlite Conference</conference_name>
         </event_metadata>
         <proceedings_metadata>
            <proceedings_title>International Kimberlite Conference Extended Abstracts: 1995</proceedings_title>
            <publisher>
               <publisher_name>University of Alberta</publisher_name>
            </publisher>
            <publication_date media_type="online">
               <month>09</month>
               <day>19</day>
               <year>1995</year>
            </publication_date>
            <isbn>978-1-55195-424-0</isbn>
         </proceedings_metadata>
         <conference_paper publication_type="full_text" metadata_distribution_opts="any">
            <titles>
               <title>Experimental simulation of diamond genesis</title>
            </titles>
            <doi_data>
               <doi>10.29173/ikc1798</doi>
               <resource>https://ikcabstracts.com/index.php/ikc/article/view/1798</resource>
               <collection property="crawler-based">
                  <item crawler="iParadigms">
                     <resource>https://ikcabstracts.com/index.php/ikc/article/download/1798/1798</resource>
                  </item>
               </collection>
               <collection property="text-mining">
                  <item>
                     <resource mime_type="application/pdf">https://ikcabstracts.com/index.php/ikc/article/download/1798/1798</resource>
                  </item>
               </collection>
            </doi_data>
         </conference_paper>
      </conference>
      <conference>
         <event_metadata>
            <conference_name>International Kimberlite Conference</conference_name>
         </event_metadata>
         <proceedings_metadata>
            <proceedings_title>International Kimberlite Conference Extended Abstracts: 1995</proceedings_title>
            <publisher>
               <publisher_name>University of Alberta</publisher_name>
            </publisher>
            <publication_date media_type="online">
               <month>09</month>
               <day>19</day>
               <year>1995</year>
            </publication_date>
            <isbn>978-1-55195-424-0</isbn>
         </proceedings_metadata>
         <conference_paper publication_type="full_text" metadata_distribution_opts="any">
            <titles>
               <title>Kimberlites of Southeastern Raipur kimberlitic field, Raipur District, Madhya Pradesh, Central India</title>
            </titles>
            <doi_data>
               <doi>10.29173/ikc1797</doi>
               <resource>https://ikcabstracts.com/index.php/ikc/article/view/1797</resource>
               <collection property="crawler-based">
                  <item crawler="iParadigms">
                     <resource>https://ikcabstracts.com/index.php/ikc/article/download/1797/1797</resource>
                  </item>
               </collection>
               <collection property="text-mining">
                  <item>
                     <resource mime_type="application/pdf">https://ikcabstracts.com/index.php/ikc/article/download/1797/1797</resource>
                  </item>
               </collection>
            </doi_data>
         </conference_paper>
      </conference>
      <conference>
         <event_metadata>
            <conference_name>International Kimberlite Conference</conference_name>
         </event_metadata>
         <proceedings_metadata>
            <proceedings_title>International Kimberlite Conference Extended Abstracts: 1995</proceedings_title>
            <publisher>
               <publisher_name>University of Alberta</publisher_name>
            </publisher>
            <publication_date media_type="online">
               <month>09</month>
               <day>19</day>
               <year>1995</year>
            </publication_date>
            <isbn>978-1-55195-424-0</isbn>
         </proceedings_metadata>
         <conference_paper publication_type="full_text" metadata_distribution_opts="any">
            <titles>
               <title>Kimberlite magmatism of the Ukraine</title>
            </titles>
            <doi_data>
               <doi>10.29173/ikc1796</doi>
               <resource>https://ikcabstracts.com/index.php/ikc/article/view/1796</resource>
               <collection property="crawler-based">
                  <item crawler="iParadigms">
                     <resource>https://ikcabstracts.com/index.php/ikc/article/download/1796/1796</resource>
                  </item>
               </collection>
               <collection property="text-mining">
                  <item>
                     <resource mime_type="application/pdf">https://ikcabstracts.com/index.php/ikc/article/download/1796/1796</resource>
                  </item>
               </collection>
            </doi_data>
         </conference_paper>
      </conference>
      <conference>
         <event_metadata>
            <conference_name>International Kimberlite Conference</conference_name>
         </event_metadata>
         <proceedings_metadata>
            <proceedings_title>International Kimberlite Conference Extended Abstracts: 1995</proceedings_title>
            <publisher>
               <publisher_name>University of Alberta</publisher_name>
            </publisher>
            <publication_date media_type="online">
               <month>09</month>
               <day>19</day>
               <year>1995</year>
            </publication_date>
            <isbn>978-1-55195-424-0</isbn>
         </proceedings_metadata>
         <conference_paper publication_type="full_text" metadata_distribution_opts="any">
            <titles>
               <title>Preliminary geothermobarometric and metasomatism studies on mantle xenoliths of kimberlites and associated rocks from the Alto Paranaiba, SE Brazil</title>
            </titles>
            <doi_data>
               <doi>10.29173/ikc1795</doi>
               <resource>https://ikcabstracts.com/index.php/ikc/article/view/1795</resource>
               <collection property="crawler-based">
                  <item crawler="iParadigms">
                     <resource>https://ikcabstracts.com/index.php/ikc/article/download/1795/1795</resource>
                  </item>
               </collection>
               <collection property="text-mining">
                  <item>
                     <resource mime_type="application/pdf">https://ikcabstracts.com/index.php/ikc/article/download/1795/1795</resource>
                  </item>
               </collection>
            </doi_data>
         </conference_paper>
      </conference>
      <conference>
         <event_metadata>
            <conference_name>International Kimberlite Conference</conference_name>
         </event_metadata>
         <proceedings_metadata>
            <proceedings_title>International Kimberlite Conference Extended Abstracts: 1995</proceedings_title>
            <publisher>
               <publisher_name>University of Alberta</publisher_name>
            </publisher>
            <publication_date media_type="online">
               <month>09</month>
               <day>19</day>
               <year>1995</year>
            </publication_date>
            <isbn>978-1-55195-424-0</isbn>
         </proceedings_metadata>
         <conference_paper publication_type="full_text" metadata_distribution_opts="any">
            <titles>
               <title>Geology and exploration of kimberlites on the BHP/DIA MET Claims, Lac de Gras region, Northwest Territories, Canada</title>
            </titles>
            <doi_data>
               <doi>10.29173/ikc1794</doi>
               <resource>https://ikcabstracts.com/index.php/ikc/article/view/1794</resource>
               <collection property="crawler-based">
                  <item crawler="iParadigms">
                     <resource>https://ikcabstracts.com/index.php/ikc/article/download/1794/1794</resource>
                  </item>
               </collection>
               <collection property="text-mining">
                  <item>
                     <resource mime_type="application/pdf">https://ikcabstracts.com/index.php/ikc/article/download/1794/1794</resource>
                  </item>
               </collection>
            </doi_data>
         </conference_paper>
      </conference>
      <conference>
         <event_metadata>
            <conference_name>International Kimberlite Conference</conference_name>
         </event_metadata>
         <proceedings_metadata>
            <proceedings_title>International Kimberlite Conference Extended Abstracts: 1995</proceedings_title>
            <publisher>
               <publisher_name>University of Alberta</publisher_name>
            </publisher>
            <publication_date media_type="online">
               <month>09</month>
               <day>19</day>
               <year>1995</year>
            </publication_date>
            <isbn>978-1-55195-424-0</isbn>
         </proceedings_metadata>
         <conference_paper publication_type="full_text" metadata_distribution_opts="any">
            <titles>
               <title>Seismic properties of continental mantle xenoliths at the garnet-spinel transition. An experimental study</title>
            </titles>
            <doi_data>
               <doi>10.29173/ikc1793</doi>
               <resource>https://ikcabstracts.com/index.php/ikc/article/view/1793</resource>
               <collection property="crawler-based">
                  <item crawler="iParadigms">
                     <resource>https://ikcabstracts.com/index.php/ikc/article/download/1793/1793</resource>
                  </item>
               </collection>
               <collection property="text-mining">
                  <item>
                     <resource mime_type="application/pdf">https://ikcabstracts.com/index.php/ikc/article/download/1793/1793</resource>
                  </item>
               </collection>
            </doi_data>
         </conference_paper>
      </conference>
      <conference>
         <event_metadata>
            <conference_name>International Kimberlite Conference</conference_name>
         </event_metadata>
         <proceedings_metadata>
            <proceedings_title>International Kimberlite Conference Extended Abstracts: 1995</proceedings_title>
            <publisher>
               <publisher_name>University of Alberta</publisher_name>
            </publisher>
            <publication_date media_type="online">
               <month>09</month>
               <day>19</day>
               <year>1995</year>
            </publication_date>
            <isbn>978-1-55195-424-0</isbn>
         </proceedings_metadata>
         <conference_paper publication_type="full_text" metadata_distribution_opts="any">
            <titles>
               <title>Helium, argon and carbon isotope constraints on the formation of cubic and polycryslalline diamond</title>
            </titles>
            <doi_data>
               <doi>10.29173/ikc1792</doi>
               <resource>https://ikcabstracts.com/index.php/ikc/article/view/1792</resource>
               <collection property="crawler-based">
                  <item crawler="iParadigms">
                     <resource>https://ikcabstracts.com/index.php/ikc/article/download/1792/1792</resource>
                  </item>
               </collection>
               <collection property="text-mining">
                  <item>
                     <resource mime_type="application/pdf">https://ikcabstracts.com/index.php/ikc/article/download/1792/1792</resource>
                  </item>
               </collection>
            </doi_data>
         </conference_paper>
      </conference>
      <conference>
         <event_metadata>
            <conference_name>International Kimberlite Conference</conference_name>
         </event_metadata>
         <proceedings_metadata>
            <proceedings_title>International Kimberlite Conference Extended Abstracts: 1995</proceedings_title>
            <publisher>
               <publisher_name>University of Alberta</publisher_name>
            </publisher>
            <publication_date media_type="online">
               <month>09</month>
               <day>19</day>
               <year>1995</year>
            </publication_date>
            <isbn>978-1-55195-424-0</isbn>
         </proceedings_metadata>
         <conference_paper publication_type="full_text" metadata_distribution_opts="any">
            <titles>
               <title>Halogen composition of mantle fluids in diamonds</title>
            </titles>
            <doi_data>
               <doi>10.29173/ikc1791</doi>
               <resource>https://ikcabstracts.com/index.php/ikc/article/view/1791</resource>
               <collection property="crawler-based">
                  <item crawler="iParadigms">
                     <resource>https://ikcabstracts.com/index.php/ikc/article/download/1791/1791</resource>
                  </item>
               </collection>
               <collection property="text-mining">
                  <item>
                     <resource mime_type="application/pdf">https://ikcabstracts.com/index.php/ikc/article/download/1791/1791</resource>
                  </item>
               </collection>
            </doi_data>
         </conference_paper>
      </conference>
      <conference>
         <event_metadata>
            <conference_name>International Kimberlite Conference</conference_name>
         </event_metadata>
         <proceedings_metadata>
            <proceedings_title>International Kimberlite Conference Extended Abstracts: 1995</proceedings_title>
            <publisher>
               <publisher_name>University of Alberta</publisher_name>
            </publisher>
            <publication_date media_type="online">
               <month>09</month>
               <day>19</day>
               <year>1995</year>
            </publication_date>
            <isbn>978-1-55195-424-0</isbn>
         </proceedings_metadata>
         <conference_paper publication_type="full_text" metadata_distribution_opts="any">
            <titles>
               <title>Irregular compositional zoning in garnets from metasomatised high-temperature peridotites from the Jagersfontein kimberlite pipe</title>
            </titles>
            <doi_data>
               <doi>10.29173/ikc1790</doi>
               <resource>https://ikcabstracts.com/index.php/ikc/article/view/1790</resource>
               <collection property="crawler-based">
                  <item crawler="iParadigms">
                     <resource>https://ikcabstracts.com/index.php/ikc/article/download/1790/1790</resource>
                  </item>
               </collection>
               <collection property="text-mining">
                  <item>
                     <resource mime_type="application/pdf">https://ikcabstracts.com/index.php/ikc/article/download/1790/1790</resource>
                  </item>
               </collection>
            </doi_data>
         </conference_paper>
      </conference>
      <conference>
         <event_metadata>
            <conference_name>International Kimberlite Conference</conference_name>
         </event_metadata>
         <proceedings_metadata>
            <proceedings_title>International Kimberlite Conference Extended Abstracts: 1995</proceedings_title>
            <publisher>
               <publisher_name>University of Alberta</publisher_name>
            </publisher>
            <publication_date media_type="online">
               <month>09</month>
               <day>19</day>
               <year>1995</year>
            </publication_date>
            <isbn>978-1-55195-424-0</isbn>
         </proceedings_metadata>
         <conference_paper publication_type="full_text" metadata_distribution_opts="any">
            <titles>
               <title>Oxygen isotope composition of metasomatised mantle peridotite xenoliths - a laser fIuorination and ion microprobe study</title>
            </titles>
            <doi_data>
               <doi>10.29173/ikc1789</doi>
               <resource>https://ikcabstracts.com/index.php/ikc/article/view/1789</resource>
               <collection property="crawler-based">
                  <item crawler="iParadigms">
                     <resource>https://ikcabstracts.com/index.php/ikc/article/download/1789/1789</resource>
                  </item>
               </collection>
               <collection property="text-mining">
                  <item>
                     <resource mime_type="application/pdf">https://ikcabstracts.com/index.php/ikc/article/download/1789/1789</resource>
                  </item>
               </collection>
            </doi_data>
         </conference_paper>
      </conference>
      <conference>
         <event_metadata>
            <conference_name>International Kimberlite Conference</conference_name>
         </event_metadata>
         <proceedings_metadata>
            <proceedings_title>International Kimberlite Conference Extended Abstracts: 1995</proceedings_title>
            <publisher>
               <publisher_name>University of Alberta</publisher_name>
            </publisher>
            <publication_date media_type="online">
               <month>09</month>
               <day>19</day>
               <year>1995</year>
            </publication_date>
            <isbn>978-1-55195-424-0</isbn>
         </proceedings_metadata>
         <conference_paper publication_type="full_text" metadata_distribution_opts="any">
            <titles>
               <title>Anhydrous partial melting of spinel Iherzolites from 3.5 to 20 kbar: Composition of partial melts</title>
            </titles>
            <doi_data>
               <doi>10.29173/ikc1788</doi>
               <resource>https://ikcabstracts.com/index.php/ikc/article/view/1788</resource>
               <collection property="crawler-based">
                  <item crawler="iParadigms">
                     <resource>https://ikcabstracts.com/index.php/ikc/article/download/1788/1788</resource>
                  </item>
               </collection>
               <collection property="text-mining">
                  <item>
                     <resource mime_type="application/pdf">https://ikcabstracts.com/index.php/ikc/article/download/1788/1788</resource>
                  </item>
               </collection>
            </doi_data>
         </conference_paper>
      </conference>
  </body>
</doi_batch>
