<?xml version="1.0"?>
<record xmlns="http://www.loc.gov/MARC21/slim">
  <leader>01419cam a2200337 a 4500</leader>
  <controlfield tag="001">affirmingfrancop00albe</controlfield>
  <controlfield tag="003">CaSfIA</controlfield>
  <controlfield tag="005">20151222160244.0</controlfield>
  <controlfield tag="007">cr||||||||||||</controlfield>
  <controlfield tag="008">000203s2001    abc          s    0 eng d</controlfield>
  <datafield tag="020" ind1=" " ind2=" ">
    <subfield code="a">0778508005</subfield>
  </datafield>
  <datafield tag="035" ind1=" " ind2=" ">
    <subfield code="a">ocm53130895</subfield>
  </datafield>
  <datafield tag="040" ind1=" " ind2=" ">
    <subfield code="a">AEE</subfield>
    <subfield code="b">eng</subfield>
    <subfield code="d">CaSfIA</subfield>
  </datafield>
  <datafield tag="055" ind1=" " ind2=" ">
    <subfield code="a">PC2068.C2</subfield>
    <subfield code="b">A333 2001</subfield>
  </datafield>
  <datafield tag="082" ind1=" " ind2=" ">
    <subfield code="a">440.707123</subfield>
  </datafield>
  <datafield tag="090" ind1=" " ind2=" ">
    <subfield code="a">PC 2068 C2 A333 2001</subfield>
    <subfield code="b">AEE</subfield>
  </datafield>
  <datafield tag="090" ind1=" " ind2=" ">
    <subfield code="a">PC 2068 C2 A333 2001</subfield>
    <subfield code="b">AEU</subfield>
  </datafield>
  <datafield tag="110" ind1="1" ind2=" ">
    <subfield code="a">Alberta.</subfield>
    <subfield code="b">Alberta Learning.</subfield>
    <subfield code="b">French Language Services Branch.</subfield>
  </datafield>
  <datafield tag="245" ind1="1" ind2="0">
    <subfield code="a">Affirming francophone education, foundations and directions :</subfield>
    <subfield code="h">[electronic resource] </subfield>
    <subfield code="b">a framework for French first language education in Alberta.</subfield>
  </datafield>
  <datafield tag="260" ind1=" " ind2=" ">
    <subfield code="a">Edmonton, AB :</subfield>
    <subfield code="b">Alberta Learning,</subfield>
    <subfield code="c">2001.</subfield>
  </datafield>
  <datafield tag="300" ind1=" " ind2=" ">
    <subfield code="a">53 p. ;</subfield>
    <subfield code="c">28 cm.</subfield>
  </datafield>
  <datafield tag="336" ind1=" " ind2=" ">
    <subfield code="a">text</subfield>
    <subfield code="b">txt</subfield>
    <subfield code="2">rdacontent</subfield>
  </datafield>
  <datafield tag="337" ind1=" " ind2=" ">
    <subfield code="a">unmediated</subfield>
    <subfield code="b">n</subfield>
    <subfield code="2">rdamedia</subfield>
  </datafield>
  <datafield tag="338" ind1=" " ind2=" ">
    <subfield code="a">volume</subfield>
    <subfield code="b">nc</subfield>
    <subfield code="2">rdacarrier</subfield>
  </datafield>
  <datafield tag="500" ind1=" " ind2=" ">
    <subfield code="a">French version: Affirmer l'education en francais langue premiere, fondements et orientations: de cadre de l'education.</subfield>
  </datafield>
  <datafield tag="504" ind1=" " ind2=" ">
    <subfield code="a">Includes bibliographical references (p. 46-53).</subfield>
  </datafield>
  <datafield tag="596" ind1=" " ind2=" ">
    <subfield code="a">2 38 41</subfield>
  </datafield>
  <datafield tag="650" ind1=" " ind2="0">
    <subfield code="a">French language</subfield>
    <subfield code="x">Study and teaching</subfield>
    <subfield code="z">Alberta.</subfield>
  </datafield>
  <datafield tag="650" ind1=" " ind2="0">
    <subfield code="a">Education</subfield>
    <subfield code="z">Alberta</subfield>
    <subfield code="x">Francophones.</subfield>
  </datafield>
  <datafield tag="740" ind1="0" ind2=" ">
    <subfield code="a">Framework for French first language education in Alberta.</subfield>
  </datafield>
  <datafield tag="856" ind1="4" ind2="1">
    <subfield code="u">http://archive.org/details/affirmingfrancop00albe</subfield>
    <subfield code="z">Free eBook from the Internet Archive</subfield>
  </datafield>
</record>
