<?xml version="1.0"?>
<record xmlns="http://www.loc.gov/MARC21/slim">
  <!-- Length implementation at offset 22 should hold a digit. Assuming 0 -->
  <leader>01130 as a2200337 a 4500</leader>
  <controlfield tag="001">agfile19871005</controlfield>
  <controlfield tag="003">CaSfIA</controlfield>
  <controlfield tag="005">20151008010651.0</controlfield>
  <controlfield tag="007">cr||||||||||||</controlfield>
  <controlfield tag="008">861023d198u1988abc x p      s0    0eng  </controlfield>
  <datafield tag="035" ind1=" " ind2=" ">
    <subfield code="a">ocn871699107</subfield>
  </datafield>
  <datafield tag="040" ind1=" " ind2=" ">
    <subfield code="a">CaOONLC</subfield>
    <subfield code="b">eng</subfield>
    <subfield code="c">CaOONLC</subfield>
    <subfield code="d">AEU</subfield>
    <subfield code="d">CaSfIA</subfield>
  </datafield>
  <datafield tag="055" ind1=" " ind2="4">
    <subfield code="a">S135</subfield>
    <subfield code="b">.A34</subfield>
  </datafield>
  <datafield tag="090" ind1=" " ind2=" ">
    <subfield code="a">S 135 A34</subfield>
    <subfield code="b">AEU</subfield>
  </datafield>
  <datafield tag="245" ind1="0" ind2="0">
    <subfield code="a">Ag file.</subfield>
    <subfield code="h">[electronic resource] </subfield>
  </datafield>
  <datafield tag="246" ind1="1" ind2=" ">
    <subfield code="a">Ag.File</subfield>
  </datafield>
  <datafield tag="246" ind1="1" ind2=" ">
    <subfield code="a">AgFile</subfield>
  </datafield>
  <datafield tag="260" ind1="0" ind2="0">
    <subfield code="a">[Edmonton :</subfield>
    <subfield code="b">Ministry of Agriculture,</subfield>
    <subfield code="c">198-]-</subfield>
  </datafield>
  <datafield tag="310" ind1=" " ind2=" ">
    <subfield code="a">Irregular</subfield>
  </datafield>
  <datafield tag="362" ind1="1" ind2=" ">
    <subfield code="a">Ceased in 1988?</subfield>
  </datafield>
  <datafield tag="500" ind1=" " ind2=" ">
    <subfield code="a">"Contains material prepared specially and exclusively for Alberta weekly newspapers"--caption.</subfield>
  </datafield>
  <datafield tag="500" ind1=" " ind2=" ">
    <subfield code="a">Description based on: Article for release Aug. 11, 1986.</subfield>
  </datafield>
  <datafield tag="596" ind1=" " ind2=" ">
    <subfield code="a">38</subfield>
  </datafield>
  <datafield tag="610" ind1="1" ind2="0">
    <subfield code="a">Alberta.</subfield>
    <subfield code="b">Alberta Agriculture.</subfield>
    <subfield code="v">Periodicals.</subfield>
  </datafield>
  <datafield tag="650" ind1=" " ind2="0">
    <subfield code="a">Agriculture</subfield>
    <subfield code="z">Alberta</subfield>
    <subfield code="v">Periodicals.</subfield>
  </datafield>
  <datafield tag="700" ind1="1" ind2="2">
    <subfield code="a">Elzinga, Peter.</subfield>
  </datafield>
  <datafield tag="710" ind1="1" ind2="0">
    <subfield code="a">Alberta.</subfield>
    <subfield code="b">Alberta Agriculture.</subfield>
  </datafield>
  <datafield tag="780" ind1="0" ind2="0">
    <subfield code="t">Agriculture is my business.</subfield>
    <subfield code="d">[Edmonton : Alberta Agriculture 198-]-</subfield>
  </datafield>
  <datafield tag="856" ind1="4" ind2="1">
    <subfield code="u">http://archive.org/details/agfile19871005</subfield>
    <subfield code="z">Free eBook from the Internet Archive</subfield>
  </datafield>
</record>
