<?xml version="1.0"?>
<record xmlns="http://www.loc.gov/MARC21/slim">
  <leader>01652cas a2200385 a 4500</leader>
  <controlfield tag="001">albertanewslette21albe</controlfield>
  <controlfield tag="003">CaSfIA</controlfield>
  <controlfield tag="005">20151008010651.0</controlfield>
  <controlfield tag="007">cr||||||||||||</controlfield>
  <controlfield tag="008">920527d19uu1959abcuu p             eng c</controlfield>
  <datafield tag="035" ind1=" " ind2=" ">
    <subfield code="a">ocn463438362</subfield>
  </datafield>
  <datafield tag="040" ind1=" " ind2=" ">
    <subfield code="b">eng</subfield>
    <subfield code="d">CaSfIA</subfield>
  </datafield>
  <datafield tag="043" ind1=" " ind2=" ">
    <subfield code="a">n-cn-ab</subfield>
  </datafield>
  <datafield tag="049" ind1=" " ind2=" ">
    <subfield code="a">AEU</subfield>
    <subfield code="b">eng</subfield>
  </datafield>
  <datafield tag="090" ind1="0" ind2=" ">
    <subfield code="a">GOV DOC CA2 AL ID20 A43</subfield>
  </datafield>
  <datafield tag="110" ind1="1" ind2=" ">
    <subfield code="a">Alberta.</subfield>
    <subfield code="b">Industrial Development Branch.</subfield>
  </datafield>
  <datafield tag="245" ind1="1" ind2="0">
    <subfield code="a">Alberta newsletter /</subfield>
    <subfield code="h">[electronic resource] </subfield>
    <subfield code="c">Industrial Development Board of the Province of Alberta, Dept. of Economic Affairs.</subfield>
  </datafield>
  <datafield tag="260" ind1=" " ind2=" ">
    <subfield code="a">Edmonton, Alta. :</subfield>
    <subfield code="b">Dept. of Economic Affairs,</subfield>
    <subfield code="c">[19--]-1959.</subfield>
  </datafield>
  <datafield tag="300" ind1=" " ind2=" ">
    <subfield code="a">3 v. :</subfield>
    <subfield code="b">ill. ;</subfield>
    <subfield code="c">29 cm.</subfield>
  </datafield>
  <datafield tag="336" ind1=" " ind2=" ">
    <subfield code="a">text</subfield>
    <subfield code="b">txt</subfield>
    <subfield code="2">rdacontent</subfield>
  </datafield>
  <datafield tag="337" ind1=" " ind2=" ">
    <subfield code="a">unmediated</subfield>
    <subfield code="b">n</subfield>
    <subfield code="2">rdamedia</subfield>
  </datafield>
  <datafield tag="338" ind1=" " ind2=" ">
    <subfield code="a">volume</subfield>
    <subfield code="b">nc</subfield>
    <subfield code="2">rdacarrier</subfield>
  </datafield>
  <datafield tag="362" ind1="0" ind2=" ">
    <subfield code="a">-v. 3, no. 4 (Sept. 1959).</subfield>
  </datafield>
  <datafield tag="500" ind1=" " ind2=" ">
    <subfield code="a">Description based on: v. 1, no. 11 (May 1953).</subfield>
  </datafield>
  <datafield tag="596" ind1=" " ind2=" ">
    <subfield code="a">43</subfield>
  </datafield>
  <datafield tag="597" ind1=" " ind2=" ">
    <subfield code="a">2:GOV DOC CA2 AL ID20 A43 v.2:no.1-8 1957-1958</subfield>
  </datafield>
  <datafield tag="610" ind1="1" ind2="0">
    <subfield code="a">Alberta.</subfield>
    <subfield code="b">Industrial Development Branch</subfield>
    <subfield code="x">Information services</subfield>
    <subfield code="v">Periodicals.</subfield>
  </datafield>
  <datafield tag="650" ind1=" " ind2="0">
    <subfield code="a">Cities and towns</subfield>
    <subfield code="z">Alberta</subfield>
    <subfield code="x">Economic aspects</subfield>
    <subfield code="v">Periodicals.</subfield>
  </datafield>
  <datafield tag="651" ind1=" " ind2="0">
    <subfield code="a">Alberta</subfield>
    <subfield code="x">Industries</subfield>
    <subfield code="v">Periodicals.</subfield>
  </datafield>
  <datafield tag="651" ind1=" " ind2="0">
    <subfield code="a">Alberta</subfield>
    <subfield code="x">Industries, Rural</subfield>
    <subfield code="v">Periodicals.</subfield>
  </datafield>
  <datafield tag="785" ind1="0" ind2="0">
    <subfield code="a">Alberta. Industrial Development Branch.</subfield>
    <subfield code="t">Alberta industrial newsletter.</subfield>
  </datafield>
  <datafield tag="856" ind1="4" ind2="1">
    <subfield code="u">http://archive.org/details/albertanewslette21albe</subfield>
    <subfield code="z">Free eBook from the Internet Archive</subfield>
    <subfield code="3">Volume 2 no. 1</subfield>
  </datafield>
</record>
