<?xml version="1.0"?>
<record xmlns="http://www.loc.gov/MARC21/slim">
  <leader>02690cas a22005655  4500</leader>
  <controlfield tag="001">albertamunicipal29albe</controlfield>
  <controlfield tag="003">CaSfIA</controlfield>
  <controlfield tag="005">20151008010651.0</controlfield>
  <controlfield tag="007">cr||||||||||||</controlfield>
  <controlfield tag="008">780609d19561973abcbr p      s0   a0eng  </controlfield>
  <datafield tag="010" ind1=" " ind2=" ">
    <subfield code="a">cn 78080633</subfield>
  </datafield>
  <datafield tag="016" ind1=" " ind2=" ">
    <subfield code="a">780806336</subfield>
  </datafield>
  <datafield tag="022" ind1=" " ind2=" ">
    <subfield code="a">0002-4864</subfield>
  </datafield>
  <datafield tag="035" ind1=" " ind2=" ">
    <subfield code="a">ocm03963687</subfield>
  </datafield>
  <datafield tag="040" ind1=" " ind2=" ">
    <subfield code="a">CaOONL</subfield>
    <subfield code="b">eng</subfield>
    <subfield code="c">CaOONL</subfield>
    <subfield code="d">CaSfIA</subfield>
  </datafield>
  <datafield tag="042" ind1=" " ind2=" ">
    <subfield code="a">nlc</subfield>
    <subfield code="a">isds/c</subfield>
  </datafield>
  <datafield tag="090" ind1=" " ind2=" ">
    <subfield code="a">JS 1721 A4 AL141</subfield>
  </datafield>
  <datafield tag="222" ind1=" " ind2="0">
    <subfield code="a">Alberta municipal counsellor</subfield>
  </datafield>
  <datafield tag="245" ind1="0" ind2="0">
    <subfield code="a">Alberta municipal counsellor.</subfield>
    <subfield code="h">[electronic resource] </subfield>
  </datafield>
  <datafield tag="260" ind1=" " ind2=" ">
    <subfield code="a">Edmonton,</subfield>
    <subfield code="b">Alberta Municipal Affairs.</subfield>
  </datafield>
  <datafield tag="300" ind1=" " ind2=" ">
    <subfield code="a">v.</subfield>
    <subfield code="b">ill.</subfield>
    <subfield code="c">36 cm.</subfield>
  </datafield>
  <datafield tag="310" ind1=" " ind2=" ">
    <subfield code="a">bimonthly,</subfield>
    <subfield code="b">-July/Oct. 1973.</subfield>
  </datafield>
  <datafield tag="321" ind1=" " ind2=" ">
    <subfield code="a">Monthly,</subfield>
    <subfield code="b">Jan. 1956-;</subfield>
  </datafield>
  <datafield tag="336" ind1=" " ind2=" ">
    <subfield code="a">text</subfield>
    <subfield code="b">txt</subfield>
    <subfield code="2">rdacontent</subfield>
  </datafield>
  <datafield tag="337" ind1=" " ind2=" ">
    <subfield code="a">unmediated</subfield>
    <subfield code="b">n</subfield>
    <subfield code="2">rdamedia</subfield>
  </datafield>
  <datafield tag="338" ind1=" " ind2=" ">
    <subfield code="a">volume</subfield>
    <subfield code="b">nc</subfield>
    <subfield code="2">rdacarrier</subfield>
  </datafield>
  <datafield tag="362" ind1="0" ind2=" ">
    <subfield code="a">v. 1-18, no. 3; Jan. 1956-July/Oct. 1973.</subfield>
  </datafield>
  <datafield tag="515" ind1=" " ind2=" ">
    <subfield code="a">Not published for Nov./Dec. 1973.</subfield>
  </datafield>
  <datafield tag="596" ind1=" " ind2=" ">
    <subfield code="a">38</subfield>
  </datafield>
  <datafield tag="599" ind1=" " ind2=" ">
    <subfield code="a">1</subfield>
    <subfield code="b">V. 18 NO. 3 JUL/OCT. 1973;</subfield>
    <subfield code="b">V. 18 NO. 2 MAR/JUN. 1973;</subfield>
    <subfield code="b">V. 18 NO. 1 JAN/FEB 1973;</subfield>
  </datafield>
  <datafield tag="710" ind1="1" ind2=" ">
    <subfield code="a">Alberta.</subfield>
    <subfield code="b">Dept. of Municipal Affairs.</subfield>
  </datafield>
  <datafield tag="785" ind1="0" ind2="0">
    <subfield code="t">Municipal counsellor.</subfield>
    <subfield code="d">Edmonton, Dept. of Municipal Affairs.</subfield>
    <subfield code="x">0703-2412</subfield>
    <subfield code="w">(CaOONL) 780806328</subfield>
    <subfield code="w">(OCoLC)ocl73959378</subfield>
    <subfield code="w">(DLC)cn 78080632</subfield>
  </datafield>
  <datafield tag="856" ind1="4" ind2="1">
    <subfield code="u">http://archive.org/details/albertamunicipal29albe</subfield>
    <subfield code="z">Free eBook from the Internet Archive</subfield>
    <subfield code="3">Volume 2 no. 9</subfield>
  </datafield>
</record>
