<?xml version="1.0"?>
<record xmlns="http://www.loc.gov/MARC21/slim">
  <leader>04414cas a2200841 a 4500</leader>
  <controlfield tag="001">albertaspeciesat2004albe</controlfield>
  <controlfield tag="003">CaSfIA</controlfield>
  <controlfield tag="005">20160526203615.0</controlfield>
  <controlfield tag="007">cr||||||||||||</controlfield>
  <controlfield tag="008">971106c20019999abcar        s0     eng d</controlfield>
  <datafield tag="022" ind1=" " ind2=" ">
    <subfield code="a">1496-7219 (print)</subfield>
  </datafield>
  <datafield tag="022" ind1=" " ind2=" ">
    <subfield code="a">1496-7146 (online)</subfield>
  </datafield>
  <datafield tag="035" ind1=" " ind2=" ">
    <subfield code="a">ocm54762927</subfield>
  </datafield>
  <datafield tag="040" ind1=" " ind2=" ">
    <subfield code="a">AEEN</subfield>
    <subfield code="b">eng</subfield>
    <subfield code="d">AEU</subfield>
    <subfield code="d">CaSfIA</subfield>
  </datafield>
  <datafield tag="043" ind1=" " ind2=" ">
    <subfield code="a">n-cn-ab</subfield>
  </datafield>
  <datafield tag="055" ind1=" " ind2="3">
    <subfield code="a">QL 84.26 A3*</subfield>
  </datafield>
  <datafield tag="090" ind1=" " ind2=" ">
    <subfield code="a">QL 84.26 A3 A332</subfield>
    <subfield code="b">AEU</subfield>
  </datafield>
  <datafield tag="090" ind1=" " ind2=" ">
    <subfield code="a">QL 84.26 A3 A332</subfield>
    <subfield code="b">AEEN</subfield>
  </datafield>
  <datafield tag="245" ind1="0" ind2="0">
    <subfield code="a">Alberta species at risk program and projects.</subfield>
    <subfield code="h">[electronic resource] </subfield>
  </datafield>
  <datafield tag="260" ind1=" " ind2=" ">
    <subfield code="a">Edmonton :</subfield>
    <subfield code="b">Alberta Sustainable Resource Development,</subfield>
    <subfield code="c">2001-</subfield>
  </datafield>
  <datafield tag="300" ind1=" " ind2=" ">
    <subfield code="a">v. :</subfield>
    <subfield code="b">ill. ;</subfield>
    <subfield code="c">28 cm.</subfield>
  </datafield>
  <datafield tag="310" ind1=" " ind2=" ">
    <subfield code="a">Annual</subfield>
  </datafield>
  <datafield tag="336" ind1=" " ind2=" ">
    <subfield code="a">text</subfield>
    <subfield code="b">txt</subfield>
    <subfield code="2">rdacontent</subfield>
  </datafield>
  <datafield tag="337" ind1=" " ind2=" ">
    <subfield code="a">unmediated</subfield>
    <subfield code="b">n</subfield>
    <subfield code="2">rdamedia</subfield>
  </datafield>
  <datafield tag="338" ind1=" " ind2=" ">
    <subfield code="a">volume</subfield>
    <subfield code="b">nc</subfield>
    <subfield code="2">rdacarrier</subfield>
  </datafield>
  <datafield tag="362" ind1="0" ind2=" ">
    <subfield code="a">2000/2001-</subfield>
  </datafield>
  <datafield tag="490" ind1="1" ind2=" ">
    <subfield code="a">Alberta species at risk report ;</subfield>
    <subfield code="v">no. 1 [etc.]</subfield>
  </datafield>
  <datafield tag="490" ind1="1" ind2=" ">
    <subfield code="a">Pub. ;</subfield>
    <subfield code="v">no. I/001 [etc.]</subfield>
  </datafield>
  <datafield tag="515" ind1=" " ind2=" ">
    <subfield code="a">Report covers fiscal year ending Mar. 31.</subfield>
  </datafield>
  <datafield tag="550" ind1=" " ind2=" ">
    <subfield code="a">Issued by: Fish &amp; Wildlife Division.</subfield>
  </datafield>
  <datafield tag="596" ind1=" " ind2=" ">
    <subfield code="a">2 48</subfield>
  </datafield>
  <datafield tag="650" ind1=" " ind2="0">
    <subfield code="a">Endangered species</subfield>
    <subfield code="z">Alberta.</subfield>
  </datafield>
  <datafield tag="650" ind1=" " ind2="0">
    <subfield code="a">Wildlife conservation</subfield>
    <subfield code="z">Alberta.</subfield>
  </datafield>
  <datafield tag="650" ind1=" " ind2="0">
    <subfield code="a">Endangered species</subfield>
    <subfield code="x">Research</subfield>
    <subfield code="z">Alberta.</subfield>
  </datafield>
  <datafield tag="650" ind1=" " ind2="0">
    <subfield code="a">Wildlife management</subfield>
    <subfield code="z">Alberta.</subfield>
  </datafield>
  <datafield tag="710" ind1="1" ind2=" ">
    <subfield code="a">Alberta.</subfield>
    <subfield code="b">Fish and Wildlife Division.</subfield>
  </datafield>
  <datafield tag="830" ind1=" " ind2="0">
    <subfield code="a">Alberta species at risk report ;</subfield>
    <subfield code="v">no. 1.</subfield>
  </datafield>
  <datafield tag="830" ind1=" " ind2="0">
    <subfield code="a">Alberta species at risk report ;</subfield>
    <subfield code="v">no. 55.</subfield>
  </datafield>
  <datafield tag="830" ind1=" " ind2="0">
    <subfield code="a">Alberta species at risk report ;</subfield>
    <subfield code="v">no. 77.</subfield>
  </datafield>
  <datafield tag="830" ind1=" " ind2="0">
    <subfield code="a">Alberta species at risk report ;</subfield>
    <subfield code="v">no. 120.</subfield>
  </datafield>
  <datafield tag="830" ind1=" " ind2="0">
    <subfield code="a">Publication (Alberta. Alberta Sustainable Resource Development) ;</subfield>
    <subfield code="v">no. I/001.</subfield>
  </datafield>
  <datafield tag="830" ind1=" " ind2="0">
    <subfield code="a">Publication (Alberta. Alberta Sustainable Resource Development) ;</subfield>
    <subfield code="v">no. I/080.</subfield>
  </datafield>
  <datafield tag="830" ind1=" " ind2="0">
    <subfield code="a">Publication (Alberta. Alberta Sustainable Resource Development) ;</subfield>
    <subfield code="v">no. I/132.</subfield>
  </datafield>
  <datafield tag="830" ind1=" " ind2="0">
    <subfield code="a">Publication (Alberta. Alberta Sustainable Resource Development) ;</subfield>
    <subfield code="v">no. I/305.</subfield>
  </datafield>
  <datafield tag="856" ind1="4" ind2="1">
    <subfield code="3">Free Access: 2000/2001</subfield>
    <subfield code="u">http://srd.alberta.ca/BioDiversityStewardship/SpeciesAtRisk/documents/SAR1-ProgramsProjects-2000-2001.pdf</subfield>
  </datafield>
  <datafield tag="856" ind1="4" ind2="1">
    <subfield code="3">Free Access: 2001/2002</subfield>
    <subfield code="u">http://srd.alberta.ca/BioDiversityStewardship/SpeciesAtRisk/documents/SAR55-ProgramsAndProjects2001-2002.pdf</subfield>
  </datafield>
  <datafield tag="856" ind1="4" ind2="1">
    <subfield code="3">Free Access: 2002/2003</subfield>
    <subfield code="u">http://srd.alberta.ca/BioDiversityStewardship/SpeciesAtRisk/documents/SAR77-ProgramsProjects2002-2003.pdf</subfield>
  </datafield>
  <datafield tag="856" ind1="4" ind2="1">
    <subfield code="3">Free Access: 2003/2004</subfield>
    <subfield code="u">http://www.srd.alberta.ca/BioDiversityStewardship/SpeciesAtRisk/documents/SAR100-AlbergtaSpeciesAtRiskProgramAndProjects2003-2004.pdf</subfield>
  </datafield>
  <datafield tag="856" ind1="4" ind2="1">
    <subfield code="3">Free Access: 2004/2008</subfield>
    <subfield code="u">http://srd.alberta.ca/BioDiversityStewardship/SpeciesAtRisk/documents/SAR120-AlbertaSpeciesAtRisk-ProgramAndProjects2004-2008-May2008.pdf</subfield>
  </datafield>
  <datafield tag="856" ind1="4" ind2="1">
    <subfield code="3">Free Access: 2008/2010</subfield>
    <subfield code="u">http://www.srd.alberta.ca/BioDiversityStewardship/SpeciesAtRisk/documents/SAR137-ProgramsAndProjects-2008-2010-Sep-2010.pdf</subfield>
  </datafield>
  <datafield tag="856" ind1="4" ind2="1">
    <subfield code="u">http://archive.org/details/albertaspeciesat2004albe</subfield>
    <subfield code="z">Free eBook from the Internet Archive</subfield>
    <subfield code="3">Volume 2004 - 2008</subfield>
  </datafield>
</record>
