<?xml version="1.0"?>
<record xmlns="http://www.loc.gov/MARC21/slim">
  <leader>12271cam a2202389 a 4500</leader>
  <controlfield tag="001">albertaprovincia18albe</controlfield>
  <controlfield tag="003">CaSfIA</controlfield>
  <controlfield tag="005">20151008010651.0</controlfield>
  <controlfield tag="007">cr||||||||||||</controlfield>
  <controlfield tag="008">100305s1996    abcb     s   s000 0 eng d</controlfield>
  <datafield tag="020" ind1=" " ind2=" ">
    <subfield code="a">0773216413 (v. 1)</subfield>
  </datafield>
  <datafield tag="020" ind1=" " ind2=" ">
    <subfield code="a">0773254536 (v. 2)</subfield>
  </datafield>
  <datafield tag="020" ind1=" " ind2=" ">
    <subfield code="a">077321643X (v. 3)</subfield>
  </datafield>
  <datafield tag="020" ind1=" " ind2=" ">
    <subfield code="a">0773254552 (v. 4)</subfield>
  </datafield>
  <datafield tag="020" ind1=" " ind2=" ">
    <subfield code="a">0773254579 (v. 5)</subfield>
  </datafield>
  <datafield tag="020" ind1=" " ind2=" ">
    <subfield code="a">0773254595 (v. 6)</subfield>
  </datafield>
  <datafield tag="020" ind1=" " ind2=" ">
    <subfield code="a">0773216472 (v. 7)</subfield>
  </datafield>
  <datafield tag="020" ind1=" " ind2=" ">
    <subfield code="a">0773216499 (v. 8)</subfield>
  </datafield>
  <datafield tag="020" ind1=" " ind2=" ">
    <subfield code="a">0773216510 (v. 9)</subfield>
  </datafield>
  <datafield tag="020" ind1=" " ind2=" ">
    <subfield code="a">0773216553 (v. 11)</subfield>
  </datafield>
  <datafield tag="020" ind1=" " ind2=" ">
    <subfield code="a">0773254285 (v. 12)</subfield>
  </datafield>
  <datafield tag="020" ind1=" " ind2=" ">
    <subfield code="a">0773254307 (v. 13)</subfield>
  </datafield>
  <datafield tag="020" ind1=" " ind2=" ">
    <subfield code="a">0773254323 (v. 14)</subfield>
  </datafield>
  <datafield tag="020" ind1=" " ind2=" ">
    <subfield code="a">077325434X (v. 15)</subfield>
  </datafield>
  <datafield tag="020" ind1=" " ind2=" ">
    <subfield code="a">0773254366 (v. 16)</subfield>
  </datafield>
  <datafield tag="020" ind1=" " ind2=" ">
    <subfield code="a">0773254382 (v. 17)</subfield>
  </datafield>
  <datafield tag="020" ind1=" " ind2=" ">
    <subfield code="a">0773254404 (v. 18)</subfield>
  </datafield>
  <datafield tag="020" ind1=" " ind2=" ">
    <subfield code="a">0773254420 (v. 19)</subfield>
  </datafield>
  <datafield tag="020" ind1=" " ind2=" ">
    <subfield code="a">0773254447 (v. 20)</subfield>
  </datafield>
  <datafield tag="020" ind1=" " ind2=" ">
    <subfield code="a">0773254463 (v. 21)</subfield>
  </datafield>
  <datafield tag="020" ind1=" " ind2=" ">
    <subfield code="a">077325448X (v. 22)</subfield>
  </datafield>
  <datafield tag="020" ind1=" " ind2=" ">
    <subfield code="z">0773254500 (v. 23)</subfield>
  </datafield>
  <datafield tag="020" ind1=" " ind2=" ">
    <subfield code="a">0773254528 (v. 24)</subfield>
  </datafield>
  <datafield tag="020" ind1=" " ind2=" ">
    <subfield code="a">0773254544 (v. 25)</subfield>
  </datafield>
  <datafield tag="020" ind1=" " ind2=" ">
    <subfield code="a">0773254560 (v. 26)</subfield>
  </datafield>
  <datafield tag="020" ind1=" " ind2=" ">
    <subfield code="a">0773254587 (v. 27)</subfield>
  </datafield>
  <datafield tag="020" ind1=" " ind2=" ">
    <subfield code="a">0773254617 (v. 28)</subfield>
  </datafield>
  <datafield tag="020" ind1=" " ind2=" ">
    <subfield code="a">0773254633 (v. 29)</subfield>
  </datafield>
  <datafield tag="020" ind1=" " ind2=" ">
    <subfield code="a">077325465X (v. 30)</subfield>
  </datafield>
  <datafield tag="020" ind1=" " ind2=" ">
    <subfield code="a">0773254676 (v. 31)</subfield>
  </datafield>
  <datafield tag="020" ind1=" " ind2=" ">
    <subfield code="a">0773254692 (v. 32)</subfield>
  </datafield>
  <datafield tag="020" ind1=" " ind2=" ">
    <subfield code="a">0773254714 (v. 33)</subfield>
  </datafield>
  <datafield tag="020" ind1=" " ind2=" ">
    <subfield code="a">0773254609 (v. 34)</subfield>
  </datafield>
  <datafield tag="020" ind1=" " ind2=" ">
    <subfield code="a">0773254625 (v. 35)</subfield>
  </datafield>
  <datafield tag="020" ind1=" " ind2=" ">
    <subfield code="a">0773254641 (v. 36)</subfield>
  </datafield>
  <datafield tag="020" ind1=" " ind2=" ">
    <subfield code="a">0773254668 (v. 37)</subfield>
  </datafield>
  <datafield tag="020" ind1=" " ind2=" ">
    <subfield code="a">0773254684 (v. 38)</subfield>
  </datafield>
  <datafield tag="020" ind1=" " ind2=" ">
    <subfield code="a">0773254706 (v. 39)</subfield>
  </datafield>
  <datafield tag="020" ind1=" " ind2=" ">
    <subfield code="a">0773254722 (v. 40)</subfield>
  </datafield>
  <datafield tag="020" ind1=" " ind2=" ">
    <subfield code="a">0773254293 (v. 41)</subfield>
  </datafield>
  <datafield tag="020" ind1=" " ind2=" ">
    <subfield code="a">0773254315 (v. 42)</subfield>
  </datafield>
  <datafield tag="020" ind1=" " ind2=" ">
    <subfield code="a">0773254331 (v. 43)</subfield>
  </datafield>
  <datafield tag="020" ind1=" " ind2=" ">
    <subfield code="a">0773254358 (v. 44)</subfield>
  </datafield>
  <datafield tag="020" ind1=" " ind2=" ">
    <subfield code="a">0773254374 (v. 45)</subfield>
  </datafield>
  <datafield tag="020" ind1=" " ind2=" ">
    <subfield code="a">0773254390 (v. 46)</subfield>
  </datafield>
  <datafield tag="020" ind1=" " ind2=" ">
    <subfield code="a">0773254412 (v. 47)</subfield>
  </datafield>
  <datafield tag="020" ind1=" " ind2=" ">
    <subfield code="a">0773254439 (v. 48)</subfield>
  </datafield>
  <datafield tag="020" ind1=" " ind2=" ">
    <subfield code="a">0773254455 (v. 49)</subfield>
  </datafield>
  <datafield tag="020" ind1=" " ind2=" ">
    <subfield code="a">0773254471 (v. 50)</subfield>
  </datafield>
  <datafield tag="020" ind1=" " ind2=" ">
    <subfield code="a">0773254498 (v. 51)</subfield>
  </datafield>
  <datafield tag="020" ind1=" " ind2=" ">
    <subfield code="a">077325451X (v. 52)</subfield>
  </datafield>
  <datafield tag="020" ind1=" " ind2=" ">
    <subfield code="a">0773254730 (v. 53)</subfield>
  </datafield>
  <datafield tag="020" ind1=" " ind2=" ">
    <subfield code="a">0773253823 (v. 54)</subfield>
  </datafield>
  <datafield tag="020" ind1=" " ind2=" ">
    <subfield code="a">077325384X (v. 55)</subfield>
  </datafield>
  <datafield tag="020" ind1=" " ind2=" ">
    <subfield code="a">0773253866 (v. 56)</subfield>
  </datafield>
  <datafield tag="020" ind1=" " ind2=" ">
    <subfield code="a">0773253882 (v. 57)</subfield>
  </datafield>
  <datafield tag="020" ind1=" " ind2=" ">
    <subfield code="a">0773253904 (v. 58)</subfield>
  </datafield>
  <datafield tag="020" ind1=" " ind2=" ">
    <subfield code="a">0773253920 (v. 59)</subfield>
  </datafield>
  <datafield tag="020" ind1=" " ind2=" ">
    <subfield code="a">0773253947 (v. 60)</subfield>
  </datafield>
  <datafield tag="020" ind1=" " ind2=" ">
    <subfield code="a">0773216456 (v. 61)</subfield>
  </datafield>
  <datafield tag="020" ind1=" " ind2=" ">
    <subfield code="a">0773253963 (v. 62)</subfield>
  </datafield>
  <datafield tag="020" ind1=" " ind2=" ">
    <subfield code="a">077325398X (v. 63)</subfield>
  </datafield>
  <datafield tag="020" ind1=" " ind2=" ">
    <subfield code="a">0773254005 (v. 64)</subfield>
  </datafield>
  <datafield tag="020" ind1=" " ind2=" ">
    <subfield code="a">0773254021 (v. 65)</subfield>
  </datafield>
  <datafield tag="020" ind1=" " ind2=" ">
    <subfield code="a">0773254048 (v. 66)</subfield>
  </datafield>
  <datafield tag="020" ind1=" " ind2=" ">
    <subfield code="a">0773254064 (v. 67)</subfield>
  </datafield>
  <datafield tag="020" ind1=" " ind2=" ">
    <subfield code="a">0773254080 (v. 68)</subfield>
  </datafield>
  <datafield tag="020" ind1=" " ind2=" ">
    <subfield code="a">0773254102 (v. 69)</subfield>
  </datafield>
  <datafield tag="020" ind1=" " ind2=" ">
    <subfield code="a">0773254129 (v. 70)</subfield>
  </datafield>
  <datafield tag="020" ind1=" " ind2=" ">
    <subfield code="a">0773254145 (v. 71)</subfield>
  </datafield>
  <datafield tag="020" ind1=" " ind2=" ">
    <subfield code="a">0773254161 (v. 72)</subfield>
  </datafield>
  <datafield tag="020" ind1=" " ind2=" ">
    <subfield code="a">0773254188 (v. 73)</subfield>
  </datafield>
  <datafield tag="020" ind1=" " ind2=" ">
    <subfield code="a">077325420X (v. 74)</subfield>
  </datafield>
  <datafield tag="020" ind1=" " ind2=" ">
    <subfield code="a">0773254242 (v. 75)</subfield>
  </datafield>
  <datafield tag="020" ind1=" " ind2=" ">
    <subfield code="a">0773254269 (v. 76)</subfield>
  </datafield>
  <datafield tag="020" ind1=" " ind2=" ">
    <subfield code="a">0773254226 (v. 77)</subfield>
  </datafield>
  <datafield tag="020" ind1=" " ind2=" ">
    <subfield code="a">0773254072 (v. 78)</subfield>
  </datafield>
  <datafield tag="020" ind1=" " ind2=" ">
    <subfield code="a">0773254099 (v. 79)</subfield>
  </datafield>
  <datafield tag="020" ind1=" " ind2=" ">
    <subfield code="a">0773254110 (v. 80)</subfield>
  </datafield>
  <datafield tag="020" ind1=" " ind2=" ">
    <subfield code="a">0773254137 (v. 81)</subfield>
  </datafield>
  <datafield tag="020" ind1=" " ind2=" ">
    <subfield code="a">0773254153 (v. 82)</subfield>
  </datafield>
  <datafield tag="020" ind1=" " ind2=" ">
    <subfield code="a">077325417X (v. 83)</subfield>
  </datafield>
  <datafield tag="020" ind1=" " ind2=" ">
    <subfield code="a">0773254196 (v. 84)</subfield>
  </datafield>
  <datafield tag="035" ind1=" " ind2=" ">
    <subfield code="a">ocn540833959</subfield>
  </datafield>
  <datafield tag="040" ind1=" " ind2=" ">
    <subfield code="a">UAB</subfield>
    <subfield code="c">UAB</subfield>
    <subfield code="d">UAB</subfield>
    <subfield code="d">CaSfIA</subfield>
  </datafield>
  <datafield tag="043" ind1=" " ind2=" ">
    <subfield code="a">n-cn-ab</subfield>
  </datafield>
  <datafield tag="050" ind1=" " ind2="4">
    <subfield code="a">HA747.A3</subfield>
    <subfield code="b">A377 1996</subfield>
  </datafield>
  <datafield tag="090" ind1=" " ind2=" ">
    <subfield code="a">HA 747 A42 A4 1996</subfield>
    <subfield code="b">AEHSD</subfield>
  </datafield>
  <datafield tag="090" ind1=" " ind2=" ">
    <subfield code="a">HA 747 A3 A14 1996</subfield>
    <subfield code="b">AEU</subfield>
  </datafield>
  <datafield tag="090" ind1=" " ind2=" ">
    <subfield code="a">HA 747 A3 AL141 1996</subfield>
    <subfield code="b">AEE</subfield>
  </datafield>
  <datafield tag="245" ind1="0" ind2="0">
    <subfield code="a">Alberta provincial electoral division profile.</subfield>
    <subfield code="h">[electronic resource] </subfield>
  </datafield>
  <datafield tag="260" ind1=" " ind2=" ">
    <subfield code="a">Edmonton :</subfield>
    <subfield code="b">Alberta Treasury,</subfield>
    <subfield code="c">c1996.</subfield>
  </datafield>
  <datafield tag="300" ind1=" " ind2=" ">
    <subfield code="a">84 v. :</subfield>
    <subfield code="b">maps ;</subfield>
    <subfield code="c">28 cm.</subfield>
  </datafield>
  <datafield tag="336" ind1=" " ind2=" ">
    <subfield code="a">text</subfield>
    <subfield code="b">txt</subfield>
    <subfield code="2">rdacontent</subfield>
  </datafield>
  <datafield tag="337" ind1=" " ind2=" ">
    <subfield code="a">unmediated</subfield>
    <subfield code="b">n</subfield>
    <subfield code="2">rdamedia</subfield>
  </datafield>
  <datafield tag="338" ind1=" " ind2=" ">
    <subfield code="a">volume</subfield>
    <subfield code="b">nc</subfield>
    <subfield code="2">rdacarrier</subfield>
  </datafield>
  <datafield tag="500" ind1=" " ind2=" ">
    <subfield code="a">Title from cover.</subfield>
  </datafield>
  <datafield tag="500" ind1=" " ind2=" ">
    <subfield code="a">Chiefly tables.</subfield>
  </datafield>
  <datafield tag="500" ind1=" " ind2=" ">
    <subfield code="a">"November 1996"--P. [2] of cover.</subfield>
  </datafield>
  <datafield tag="500" ind1=" " ind2=" ">
    <subfield code="a">"Tabulated from information collected by Statistics Canada during the 1991 Census of Canada"--Introd.</subfield>
  </datafield>
  <datafield tag="505" ind1="0" ind2=" ">
    <subfield code="a">[v. 1]. Alberta summary -- [v. 2]. Airdrie-Rocky View -- [v. 3]. Athabasca-Wabasca -- [v. 4]. Banff-Cochrane -- [v. 5]. Barrhead-Westlock -- [v. 6]. Bonnyville-Cold Lake -- [v. 7]. Calgary-Bow -- [v. 8]. Calgary-Buffalo -- [v. 9]. Calgary-Cross -- [v. 10]. Calgary-Currie -- [v. 11]. Calgary-East -- [v. 12]. Calgary-Egmont -- [v. 13]. Calgary-Elbow -- [v. 14]. Calgary-Fish Creek -- [v. 15]. Calgary-Foothills -- [v. 16]. Calgary-Fort -- [v. 17]. Calgary-Glenmore -- [v. 18]. Calgary-Lougheed -- [v. 19]. Calgary-McCall -- [v. 20]. Calgary-Montrose -- [v. 21]. Calgary-Mountain View -- [v. 22]. Calgary-North Hill -- [v. 23]. Calgary-North West -- [v. 24]. Calgary-Nose Creek -- [v. 25]. Calgary-Shaw -- [v. 26]. Calgary-Varsity -- [v. 27]. Calgary-West -- [v. 28]. Cardston-Taber-Warner -- [v. 29]. Clover Bar-Fort Saskatchewan -- [v. 30]. Cypress-Medicine Hat -- [v. 31]. Drayton Valley-Calmar -- [v. 32]. Drumheller-Chinook -- [v. 33]. Dunvegan -- [v. 34]. Edmonton-Beverly-Clareview -- [v. 35]. Edmonton-Calder -- [v. 36]. Edmonton-Castle Downs -- [v. 37]. Edmonton-Centre -- [v. 38]. Edmonton-Ellerslie -- [v. 39]. Edmonton-Glengarry -- [v. 40]. Edmonton-Glenora -- [v. 41]. Edmonton-Gold Bar -- [v. 42]. Edmonton-Highlands -- [v. 43]. Edmonton-Manning -- [v. 44]. Edmonton-McClung -- [v. 45]. Edmonton-Meadowlark -- [v. 46]. Edmonton-Mill Creek -- [v. 47]. Edmonton-Mill Woods -- [v. 48]. Edmonton-Norwood -- [v. 49]. Edmonton-Riverview -- [v. 50]. Edmonton-Rutherford -- [v. 51]. Edmonton-Strathcona -- [v. 52]. Edmonton-Whitemud -- [v. 53]. Fort McMurray -- [v. 54]. Grande Prairie-Smoky -- [v. 55]. Grande Prairie-Wapiti -- [v. 56]. Highwood -- [v. 57]. Innisfail-Sylvan Lake -- [v. 58]. Lac La Biche-St. Paul -- [v. 59]. Lacombe-Stettler -- [v. 60]. Leduc -- [v. 61]. Lesser Slave Lake -- [v. 62]. Lethbridge-East -- [v. 63]. Lethbridge-West -- [v. 64]. Little Bow -- [v. 65]. Livingstone-MacLeod -- [v. 66]. Medicine Hat -- [v. 67]. Olds-Didsbury-Three Hills -- [v. 68]. Peace River -- [v. 69]. Ponoka-Rimbey -- [v. 70]. Red Deer-North -- [v. 71]. Red Deer-South -- [v. 72]. Redwater -- [v. 73]. Rocky Mountain House -- [v. 74]. Sherwood Park -- [v. 75]. Spruce Grove-Sturgeon-St. Albert -- [v. 76]. St. Albert -- [v. 77]. Strathmore-Brooks -- [v. 78]. Stony Plain -- [v. 79]. Vegreville-Viking -- [v. 80]. Vermilion-Lloydminster -- [v. 81]. Wainwright -- [v. 82]. West Yellowhead -- [v. 83]. Wetaskiwin-Camrose -- [v. 84]. Whitecourt-Ste. Anne.</subfield>
  </datafield>
  <datafield tag="596" ind1=" " ind2=" ">
    <subfield code="a">2 38</subfield>
  </datafield>
  <datafield tag="650" ind1=" " ind2="0">
    <subfield code="a">Election districts</subfield>
    <subfield code="z">Alberta</subfield>
    <subfield code="v">Statistics.</subfield>
  </datafield>
  <datafield tag="651" ind1=" " ind2="0">
    <subfield code="a">Alberta</subfield>
    <subfield code="v">Census, 1991.</subfield>
  </datafield>
  <datafield tag="651" ind1=" " ind2="0">
    <subfield code="a">Alberta</subfield>
    <subfield code="v">Statistics.</subfield>
  </datafield>
  <datafield tag="651" ind1=" " ind2="0">
    <subfield code="a">Alberta</subfield>
    <subfield code="x">Population</subfield>
    <subfield code="v">Statistics.</subfield>
  </datafield>
  <datafield tag="710" ind1="1" ind2=" ">
    <subfield code="a">Alberta.</subfield>
    <subfield code="b">Alberta Treasury.</subfield>
  </datafield>
  <datafield tag="856" ind1="4" ind2="1">
    <subfield code="u">http://archive.org/details/albertaprovincia18albe</subfield>
    <subfield code="z">Free eBook from the Internet Archive</subfield>
    <subfield code="3">Volume 18</subfield>
  </datafield>
</record>
