<?xml version="1.0"?>
<record xmlns="http://www.loc.gov/MARC21/slim">
  <leader>01360cas a2200421 a 4500</leader>
  <controlfield tag="001">altabirdatlasfall1990</controlfield>
  <controlfield tag="003">CaSfIA</controlfield>
  <controlfield tag="005">20151008010651.0</controlfield>
  <controlfield tag="007">cr||||||||||||</controlfield>
  <controlfield tag="008">890928d19871992abctr4p      s0uuua0eng d</controlfield>
  <datafield tag="010" ind1=" " ind2=" ">
    <subfield code="a">cn 87081130</subfield>
  </datafield>
  <datafield tag="022" ind1="0" ind2=" ">
    <subfield code="a">0833-773X</subfield>
  </datafield>
  <datafield tag="035" ind1=" " ind2=" ">
    <subfield code="a">ocm16886931</subfield>
  </datafield>
  <datafield tag="039" ind1=" " ind2=" ">
    <subfield code="f">hd</subfield>
  </datafield>
  <datafield tag="040" ind1=" " ind2=" ">
    <subfield code="a">CaOONLC</subfield>
    <subfield code="b">eng</subfield>
    <subfield code="c">CaOONL</subfield>
    <subfield code="d">CaSfIA</subfield>
  </datafield>
  <datafield tag="042" ind1=" " ind2=" ">
    <subfield code="a">nlc</subfield>
    <subfield code="a">isds/c</subfield>
  </datafield>
  <datafield tag="043" ind1=" " ind2=" ">
    <subfield code="a">n-cn-ab</subfield>
  </datafield>
  <datafield tag="049" ind1=" " ind2=" ">
    <subfield code="a">AEU</subfield>
    <subfield code="b">eng</subfield>
  </datafield>
  <datafield tag="055" ind1=" " ind2="3">
    <subfield code="a">QL 685.5 A4</subfield>
    <subfield code="b">A33</subfield>
  </datafield>
  <datafield tag="082" ind1="0" ind2=" ">
    <subfield code="a">598.297123/07/23</subfield>
    <subfield code="2">19</subfield>
  </datafield>
  <datafield tag="090" ind1=" " ind2=" ">
    <subfield code="a">QL 685.5 A4 A33</subfield>
    <subfield code="b">AEU</subfield>
  </datafield>
  <datafield tag="210" ind1="0" ind2=" ">
    <subfield code="a">Alta. bird atlas newsl.</subfield>
  </datafield>
  <datafield tag="222" ind1="0" ind2="0">
    <subfield code="a">Alberta bird atlas newsletter</subfield>
  </datafield>
  <datafield tag="245" ind1="0" ind2="0">
    <subfield code="a">Alberta bird atlas newsletter.</subfield>
    <subfield code="h">[electronic resource] </subfield>
  </datafield>
  <datafield tag="260" ind1=" " ind2=" ">
    <subfield code="a">Edmonton :</subfield>
    <subfield code="b">Provincial Museum of Alberta,</subfield>
    <subfield code="c">1987-[1992]</subfield>
  </datafield>
  <datafield tag="300" ind1=" " ind2=" ">
    <subfield code="a">6 v. ;</subfield>
    <subfield code="c">28 cm.</subfield>
  </datafield>
  <datafield tag="310" ind1=" " ind2=" ">
    <subfield code="a">Three no. a year,</subfield>
    <subfield code="b">1991</subfield>
  </datafield>
  <datafield tag="321" ind1=" " ind2=" ">
    <subfield code="a">Semiannual,</subfield>
    <subfield code="b">1987</subfield>
  </datafield>
  <datafield tag="321" ind1=" " ind2=" ">
    <subfield code="a">Three no. a year,</subfield>
    <subfield code="b">1988</subfield>
  </datafield>
  <datafield tag="321" ind1=" " ind2=" ">
    <subfield code="a">Semiannual,</subfield>
    <subfield code="b">1989-1990</subfield>
  </datafield>
  <datafield tag="362" ind1="0" ind2=" ">
    <subfield code="a">Vol. 1, no. 1 (spring 1987)-vol. 6, no. 1 (summer 1992).</subfield>
  </datafield>
  <datafield tag="500" ind1=" " ind2=" ">
    <subfield code="a">Title from caption.</subfield>
  </datafield>
  <datafield tag="550" ind1=" " ind2=" ">
    <subfield code="a">"A project of the Federation of Alberta Naturalists".</subfield>
  </datafield>
  <datafield tag="596" ind1=" " ind2=" ">
    <subfield code="a">48</subfield>
  </datafield>
  <datafield tag="650" ind1=" " ind2="0">
    <subfield code="a">Birds</subfield>
    <subfield code="z">Alberta</subfield>
    <subfield code="x">Periodicals.</subfield>
  </datafield>
  <datafield tag="710" ind1="2" ind2="0">
    <subfield code="a">Provincial Museum of Alberta.</subfield>
  </datafield>
  <datafield tag="710" ind1="2" ind2="0">
    <subfield code="a">Federation of Alberta Naturalists.</subfield>
  </datafield>
  <datafield tag="856" ind1="4" ind2="1">
    <subfield code="u">http://archive.org/details/altabirdatlasfall1990</subfield>
    <subfield code="z">Free eBook from the Internet Archive</subfield>
    <subfield code="3">Volume 4</subfield>
  </datafield>
</record>
