<?xml version="1.0"?>
<record xmlns="http://www.loc.gov/MARC21/slim">
  <leader>01849cam a2200421 a 4500</leader>
  <controlfield tag="001">annotatedbibliog00beau</controlfield>
  <controlfield tag="003">CaSfIA</controlfield>
  <controlfield tag="005">20160229234125.0</controlfield>
  <controlfield tag="007">cr||||||||||||</controlfield>
  <controlfield tag="008">900418s1989    abcb     b   s  1 0 eng c</controlfield>
  <datafield tag="035" ind1=" " ind2=" ">
    <subfield code="a">ocn428505473</subfield>
  </datafield>
  <datafield tag="040" ind1=" " ind2=" ">
    <subfield code="b">eng</subfield>
    <subfield code="d">CaSfIA</subfield>
  </datafield>
  <datafield tag="043" ind1=" " ind2=" ">
    <subfield code="a">n-cn-ab</subfield>
  </datafield>
  <datafield tag="049" ind1=" " ind2=" ">
    <subfield code="a">AEU</subfield>
    <subfield code="b">eng</subfield>
  </datafield>
  <datafield tag="090" ind1=" " ind2=" ">
    <subfield code="a">QE 696 B43 1989</subfield>
    <subfield code="b">ARDC</subfield>
  </datafield>
  <datafield tag="090" ind1=" " ind2=" ">
    <subfield code="a">E/78/.A35/M36/no.15</subfield>
    <subfield code="b">GPRC</subfield>
  </datafield>
  <datafield tag="090" ind1=" " ind2=" ">
    <subfield code="a">GOV DOC CA2 AL CU31 M17 no.015</subfield>
    <subfield code="b">AEU</subfield>
  </datafield>
  <datafield tag="100" ind1="1" ind2=" ">
    <subfield code="a">Beaudoin, Alwynne B.</subfield>
    <subfield code="q">(Alwynne Bowyer),</subfield>
    <subfield code="d">1955-</subfield>
  </datafield>
  <datafield tag="245" ind1="1" ind2="0">
    <subfield code="a">Annotated bibliography :</subfield>
    <subfield code="h">[electronic resource] </subfield>
    <subfield code="b">late quaternary studies in Alberta'a western corridor (1950-1988) /</subfield>
    <subfield code="c">by Alwynne B. Beaudoin.</subfield>
  </datafield>
  <datafield tag="260" ind1=" " ind2=" ">
    <subfield code="a">Edmonton :</subfield>
    <subfield code="b">Alberta Culture and Multiculturalism, Historical Resources Division, Archaeological Survey of Alberta,</subfield>
    <subfield code="c">1989.</subfield>
  </datafield>
  <datafield tag="300" ind1=" " ind2=" ">
    <subfield code="a">xvii, 362 p. :</subfield>
    <subfield code="b">maps ;</subfield>
    <subfield code="c">28 cm.</subfield>
  </datafield>
  <datafield tag="336" ind1=" " ind2=" ">
    <subfield code="a">text</subfield>
    <subfield code="b">txt</subfield>
    <subfield code="2">rdacontent</subfield>
  </datafield>
  <datafield tag="337" ind1=" " ind2=" ">
    <subfield code="a">unmediated</subfield>
    <subfield code="b">n</subfield>
    <subfield code="2">rdamedia</subfield>
  </datafield>
  <datafield tag="338" ind1=" " ind2=" ">
    <subfield code="a">volume</subfield>
    <subfield code="b">nc</subfield>
    <subfield code="2">rdacarrier</subfield>
  </datafield>
  <datafield tag="490" ind1="1" ind2=" ">
    <subfield code="a">Manuscript series / Archaeological Survey of Alberta</subfield>
    <subfield code="v">no. 15</subfield>
  </datafield>
  <datafield tag="500" ind1=" " ind2=" ">
    <subfield code="a">Includes index.</subfield>
  </datafield>
  <datafield tag="504" ind1=" " ind2=" ">
    <subfield code="a">Bibliography: p. 335-337.</subfield>
  </datafield>
  <datafield tag="590" ind1=" " ind2=" ">
    <subfield code="a">University of Alberta copy in the Bryan-Gruhn collection.</subfield>
    <subfield code="5">CaAEU</subfield>
  </datafield>
  <datafield tag="596" ind1=" " ind2=" ">
    <subfield code="a">28 35 38 43</subfield>
  </datafield>
  <datafield tag="650" ind1=" " ind2="0">
    <subfield code="a">Archaeology</subfield>
    <subfield code="z">Alberta</subfield>
    <subfield code="v">Bibliography.</subfield>
  </datafield>
  <datafield tag="650" ind1=" " ind2="0">
    <subfield code="a">Geology, Stratigraphic</subfield>
    <subfield code="y">Quaternary</subfield>
    <subfield code="v">Bibliography.</subfield>
  </datafield>
  <datafield tag="650" ind1=" " ind2="0">
    <subfield code="a">Paleontology</subfield>
    <subfield code="y">Quaternary</subfield>
    <subfield code="v">Bibliography.</subfield>
  </datafield>
  <datafield tag="650" ind1=" " ind2="0">
    <subfield code="a">Paleontology</subfield>
    <subfield code="z">Alberta</subfield>
    <subfield code="v">Bibliography.</subfield>
  </datafield>
  <datafield tag="650" ind1=" " ind2="0">
    <subfield code="a">Geology</subfield>
    <subfield code="z">Alberta</subfield>
    <subfield code="v">Bibliography.</subfield>
  </datafield>
  <datafield tag="710" ind1="2" ind2=" ">
    <subfield code="a">Archaeological Survey of Alberta.</subfield>
  </datafield>
  <datafield tag="830" ind1=" " ind2="0">
    <subfield code="a">Manuscript series (Archaeological Survey of Alberta) ;</subfield>
    <subfield code="v">no. 15.</subfield>
  </datafield>
  <datafield tag="856" ind1="4" ind2="1">
    <subfield code="u">http://archive.org/details/annotatedbibliog00beau</subfield>
    <subfield code="z">Free eBook from the Internet Archive</subfield>
  </datafield>
  <datafield tag="856" ind1="4" ind2="2">
    <subfield code="u">http://www.openlibrary.org/books/OL25903592M</subfield>
    <subfield code="z">Additional information and access via Open Library</subfield>
  </datafield>
</record>
