<?xml version="1.0"?>
<record xmlns="http://www.loc.gov/MARC21/slim">
  <!-- Length implementation at offset 22 should hold a digit. Assuming 0 -->
  <leader>01344 as a22003855a 4500</leader>
  <controlfield tag="001">artgallsalbe1984</controlfield>
  <controlfield tag="003">CaSfIA</controlfield>
  <controlfield tag="005">20151008010651.0</controlfield>
  <controlfield tag="007">cr||||||||||||</controlfield>
  <controlfield tag="008">841121d19831984cn ar    ||||s0   |0eng d</controlfield>
  <datafield tag="022" ind1=" " ind2=" ">
    <subfield code="a">0826-5895</subfield>
  </datafield>
  <datafield tag="035" ind1=" " ind2=" ">
    <subfield code="a">ocn864416575</subfield>
  </datafield>
  <datafield tag="040" ind1=" " ind2=" ">
    <subfield code="a">CaMWU</subfield>
    <subfield code="b">eng</subfield>
    <subfield code="c">CaOONLS</subfield>
    <subfield code="d">CaOONL</subfield>
    <subfield code="d">AEU</subfield>
    <subfield code="d">CaSfIA</subfield>
  </datafield>
  <datafield tag="050" ind1=" " ind2=" ">
    <subfield code="a">N410</subfield>
    <subfield code="b">.G85</subfield>
  </datafield>
  <datafield tag="090" ind1=" " ind2=" ">
    <subfield code="a">N 410 G85</subfield>
    <subfield code="b">ARDC</subfield>
  </datafield>
  <datafield tag="090" ind1=" " ind2=" ">
    <subfield code="a">N 410 G85</subfield>
    <subfield code="b">AEU</subfield>
  </datafield>
  <datafield tag="245" ind1="0" ind2="0">
    <subfield code="a">Guide to art galleries in Alberta.</subfield>
    <subfield code="h">[electronic resource] </subfield>
  </datafield>
  <datafield tag="260" ind1="0" ind2="0">
    <subfield code="a">[Edmonton] :</subfield>
    <subfield code="b">Alberta Culture, Visual Arts,</subfield>
    <subfield code="c">1983-[1984].</subfield>
  </datafield>
  <datafield tag="300" ind1=" " ind2=" ">
    <subfield code="a">2 v. ;</subfield>
    <subfield code="c">23 cm.</subfield>
  </datafield>
  <datafield tag="310" ind1=" " ind2=" ">
    <subfield code="a">Annual.</subfield>
  </datafield>
  <datafield tag="362" ind1="0" ind2=" ">
    <subfield code="a">1983-1984.</subfield>
  </datafield>
  <datafield tag="580" ind1=" " ind2=" ">
    <subfield code="a">Continues: Handbook for artists &amp; collectors.</subfield>
  </datafield>
  <datafield tag="596" ind1=" " ind2=" ">
    <subfield code="a">35 38</subfield>
  </datafield>
  <datafield tag="650" ind1=" " ind2="0">
    <subfield code="a">Art museums</subfield>
    <subfield code="z">Alberta</subfield>
    <subfield code="v">Directories.</subfield>
  </datafield>
  <datafield tag="650" ind1=" " ind2="0">
    <subfield code="a">Craft shops</subfield>
    <subfield code="z">Alberta</subfield>
    <subfield code="v">Directories.</subfield>
  </datafield>
  <datafield tag="710" ind1="1" ind2="0">
    <subfield code="a">Alberta.</subfield>
    <subfield code="b">Visual Arts.</subfield>
  </datafield>
  <datafield tag="780" ind1="1" ind2="0">
    <subfield code="t">Handbook for artists &amp; collectors.</subfield>
    <subfield code="d">[Edmonton] : Alberta Culture, Visual Arts, [1979-1981]</subfield>
    <subfield code="x">0709-3284</subfield>
  </datafield>
  <datafield tag="785" ind1="0" ind2="0">
    <subfield code="t">Guide to art galleries and craft outlets in Alberta.</subfield>
    <subfield code="d">Edmonton : Alberta Culture, Visual Arts, [19--]-</subfield>
  </datafield>
  <datafield tag="856" ind1="4" ind2="1">
    <subfield code="u">http://archive.org/details/artgallsalbe1984</subfield>
    <subfield code="z">Free eBook from the Internet Archive</subfield>
  </datafield>
</record>
