<?xml version="1.0"?>
<record xmlns="http://www.loc.gov/MARC21/slim">
  <leader>02439cas a22005891  4500</leader>
  <controlfield tag="001">boarddecisions1982</controlfield>
  <controlfield tag="003">CaSfIA</controlfield>
  <controlfield tag="005">20151008010651.0</controlfield>
  <controlfield tag="007">cr||||||||||||</controlfield>
  <controlfield tag="008">840621d19711994abc x    v   s      eng c</controlfield>
  <datafield tag="035" ind1=" " ind2=" ">
    <subfield code="a">ocn462019500</subfield>
  </datafield>
  <datafield tag="039" ind1="0" ind2=" ">
    <subfield code="f">rev</subfield>
  </datafield>
  <datafield tag="040" ind1=" " ind2=" ">
    <subfield code="b">eng</subfield>
    <subfield code="d">CaSfIA</subfield>
  </datafield>
  <datafield tag="043" ind1=" " ind2=" ">
    <subfield code="a">n-cn-ab</subfield>
  </datafield>
  <datafield tag="049" ind1=" " ind2=" ">
    <subfield code="a">AEU</subfield>
    <subfield code="b">eng</subfield>
  </datafield>
  <datafield tag="090" ind1="0" ind2=" ">
    <subfield code="a">KEA 376 A49 A3332</subfield>
    <subfield code="b">AEU</subfield>
  </datafield>
  <datafield tag="090" ind1=" " ind2=" ">
    <subfield code="a">JO CA2AL ERCB D21</subfield>
    <subfield code="b">ACPMC</subfield>
  </datafield>
  <datafield tag="090" ind1=" " ind2=" ">
    <subfield code="a">ERCB DECISIONS</subfield>
    <subfield code="b">AEEN</subfield>
  </datafield>
  <datafield tag="110" ind1="1" ind2="0">
    <subfield code="a">Alberta.</subfield>
    <subfield code="b">Energy Resources Conservation Board.</subfield>
  </datafield>
  <datafield tag="245" ind1="0" ind2="0">
    <subfield code="a">Board decisions.</subfield>
    <subfield code="h">[electronic resource] </subfield>
  </datafield>
  <datafield tag="260" ind1="0" ind2=" ">
    <subfield code="a">Calgary :</subfield>
    <subfield code="b">The Board,</subfield>
    <subfield code="c">1971-[1994?]</subfield>
  </datafield>
  <datafield tag="300" ind1=" " ind2=" ">
    <subfield code="a">v.</subfield>
  </datafield>
  <datafield tag="362" ind1="0" ind2=" ">
    <subfield code="a">June 1971-   .</subfield>
  </datafield>
  <datafield tag="596" ind1=" " ind2=" ">
    <subfield code="a">2 45</subfield>
  </datafield>
  <datafield tag="597" ind1=" " ind2=" ">
    <subfield code="a">13:KEA 376 A49 A3332 1971:June- 1972 Bound with earlier title</subfield>
  </datafield>
  <datafield tag="650" ind1=" " ind2="0">
    <subfield code="a">Petroleum law and legislation</subfield>
    <subfield code="z">Alberta</subfield>
    <subfield code="x">Cases.</subfield>
  </datafield>
  <datafield tag="650" ind1=" " ind2="0">
    <subfield code="a">Natural gas</subfield>
    <subfield code="x">Law and legislation</subfield>
    <subfield code="z">Alberta</subfield>
    <subfield code="x">Cases.</subfield>
  </datafield>
  <datafield tag="650" ind1=" " ind2="0">
    <subfield code="a">Natural resources</subfield>
    <subfield code="x">Law and legislation</subfield>
    <subfield code="z">Alberta</subfield>
    <subfield code="x">Cases.</subfield>
  </datafield>
  <datafield tag="780" ind1=" " ind2=" ">
    <subfield code="a">Alberta. Energy Resources Conservation Board.</subfield>
    <subfield code="t">Decision.</subfield>
  </datafield>
  <datafield tag="780" ind1=" " ind2=" ">
    <subfield code="a">Alberta. Oil and Gas Conservation Board.</subfield>
    <subfield code="t">Board decisions.</subfield>
  </datafield>
  <datafield tag="785" ind1="0" ind2="0">
    <subfield code="a">Alberta Energy and Utilities Board.</subfield>
    <subfield code="t">Decision</subfield>
  </datafield>
  <datafield tag="856" ind1="4" ind2="1">
    <subfield code="u">http://archive.org/details/boarddecisions1982</subfield>
    <subfield code="z">Free eBook from the Internet Archive</subfield>
  </datafield>
  <datafield tag="361" ind1="1" ind2=" ">
    <subfield code="a">Ceased in 1994?.</subfield>
  </datafield>
</record>
