<?xml version="1.0"?>
<record xmlns="http://www.loc.gov/MARC21/slim">
  <leader>01345cam a22002890a 4500</leader>
  <controlfield tag="001">cadreconceptueld00bour</controlfield>
  <controlfield tag="003">CaSfIA</controlfield>
  <controlfield tag="005">20160407143447.0</controlfield>
  <controlfield tag="007">cr||||||||||||</controlfield>
  <controlfield tag="008">880311s1987    xxc          s000 0 fre  </controlfield>
  <datafield tag="020" ind1=" " ind2=" ">
    <subfield code="a">0920794858 (rel. aa spirale)</subfield>
  </datafield>
  <datafield tag="035" ind1=" " ind2=" ">
    <subfield code="a">ocn465717405</subfield>
  </datafield>
  <datafield tag="040" ind1=" " ind2=" ">
    <subfield code="b">eng</subfield>
    <subfield code="d">CaSfIA</subfield>
  </datafield>
  <datafield tag="050" ind1=" " ind2=" ">
    <subfield code="a">PC2065</subfield>
  </datafield>
  <datafield tag="082" ind1=" " ind2=" ">
    <subfield code="a">440.7/07123 C126</subfield>
  </datafield>
  <datafield tag="090" ind1=" " ind2=" ">
    <subfield code="a">375.06 A333c</subfield>
    <subfield code="b">AEUSJ</subfield>
  </datafield>
  <datafield tag="245" ind1="0" ind2="0">
    <subfield code="a">Cadre conceptuel des programmes de fran&#xE7;ais &#xE0; l'&#xE9;l&#xE9;mentaire :</subfield>
    <subfield code="h">[electronic resource] </subfield>
    <subfield code="b">lignes directrices : fran&#xE7;ais-langue maternelle /</subfield>
    <subfield code="c">auteurs, Francine Bourque ... [et al.].</subfield>
  </datafield>
  <datafield tag="260" ind1=" " ind2=" ">
    <subfield code="a">[Edmonton] :</subfield>
    <subfield code="b">Alberta Education, Language Services,</subfield>
    <subfield code="c">1987.</subfield>
  </datafield>
  <datafield tag="300" ind1=" " ind2=" ">
    <subfield code="a">viii, 43 p. ;</subfield>
    <subfield code="c">28 cm.</subfield>
  </datafield>
  <datafield tag="336" ind1=" " ind2=" ">
    <subfield code="a">text</subfield>
    <subfield code="b">txt</subfield>
    <subfield code="2">rdacontent</subfield>
  </datafield>
  <datafield tag="337" ind1=" " ind2=" ">
    <subfield code="a">unmediated</subfield>
    <subfield code="b">n</subfield>
    <subfield code="2">rdamedia</subfield>
  </datafield>
  <datafield tag="338" ind1=" " ind2=" ">
    <subfield code="a">volume</subfield>
    <subfield code="b">nc</subfield>
    <subfield code="2">rdacarrier</subfield>
  </datafield>
  <datafield tag="520" ind1="8" ind2=" ">
    <subfield code="a">La base th&#xE9;orique est la m&#xEA;me pour l'enseignement du fran&#xE7;ais langue maternelle et du fran&#xE7;ais en immersion. Cette r&#xE9;flexion critique pr&#xE9;sente une &#xE9;valuation du programme de 1979 et propose une approche diff&#xE9;rente, mieux adapt&#xE9;e aux recherches r&#xE9;centes sur l'apprentissage des langues.</subfield>
    <subfield code="z">SDM</subfield>
  </datafield>
  <datafield tag="521" ind1=" " ind2=" ">
    <subfield code="a">P D</subfield>
  </datafield>
  <datafield tag="596" ind1=" " ind2=" ">
    <subfield code="a">38 39</subfield>
  </datafield>
  <datafield tag="650" ind1=" " ind2="6">
    <subfield code="a">Fran&#xE7;ais (Langue)</subfield>
    <subfield code="x">&#xC9;tude et enseignement (Primaire)</subfield>
    <subfield code="z">Alberta.</subfield>
  </datafield>
  <datafield tag="700" ind1="1" ind2=" ">
    <subfield code="a">Bourque, Francine.</subfield>
  </datafield>
  <datafield tag="710" ind1="1" ind2=" ">
    <subfield code="a">Alberta.</subfield>
    <subfield code="b">Alberta Education.</subfield>
    <subfield code="b">Language Services.</subfield>
  </datafield>
  <datafield tag="856" ind1="4" ind2="1">
    <subfield code="u">http://archive.org/details/cadreconceptueld00bour</subfield>
    <subfield code="z">Free eBook from the Internet Archive</subfield>
  </datafield>
</record>
