<?xml version="1.0"?>
<record xmlns="http://www.loc.gov/MARC21/slim">
  <leader>02239cas a2200469   4500</leader>
  <controlfield tag="001">collectivebarg1987</controlfield>
  <controlfield tag="003">CaSfIA</controlfield>
  <controlfield tag="005">20151008010651.0</controlfield>
  <controlfield tag="007">cr||||||||||||</controlfield>
  <controlfield tag="008">840924d19821989oncqr p  s   s     0eng o</controlfield>
  <datafield tag="022" ind1=" " ind2=" ">
    <subfield code="a">0826-9297</subfield>
  </datafield>
  <datafield tag="035" ind1=" " ind2=" ">
    <subfield code="a">ocn233831665</subfield>
  </datafield>
  <datafield tag="039" ind1="0" ind2=" ">
    <subfield code="f">lmm</subfield>
  </datafield>
  <datafield tag="040" ind1=" " ind2=" ">
    <subfield code="b">eng</subfield>
    <subfield code="d">CaSfIA</subfield>
  </datafield>
  <datafield tag="043" ind1=" " ind2=" ">
    <subfield code="a">n-cn-ab</subfield>
  </datafield>
  <datafield tag="049" ind1=" " ind2=" ">
    <subfield code="a">AEU</subfield>
    <subfield code="b">eng</subfield>
  </datafield>
  <datafield tag="090" ind1="0" ind2=" ">
    <subfield code="a">GOV DOC CA2 AL L150 C51</subfield>
    <subfield code="b">AEU</subfield>
  </datafield>
  <datafield tag="245" ind1="0" ind2="0">
    <subfield code="a">Collective bargaining scene labour fact book.</subfield>
    <subfield code="h">[electronic resource] </subfield>
  </datafield>
  <datafield tag="260" ind1="0" ind2=" ">
    <subfield code="a">[Edmonton] :</subfield>
    <subfield code="b">Information &amp; Statistics, Planning &amp; Research, Alberta Labour</subfield>
  </datafield>
  <datafield tag="300" ind1=" " ind2=" ">
    <subfield code="a">6 v. :</subfield>
    <subfield code="b">ill. ;</subfield>
    <subfield code="c">28 cm.</subfield>
  </datafield>
  <datafield tag="310" ind1=" " ind2=" ">
    <subfield code="a">Quarterly.</subfield>
  </datafield>
  <datafield tag="362" ind1="0" ind2=" ">
    <subfield code="a">1982, 1st quarter-1989, 1st quarter.</subfield>
  </datafield>
  <datafield tag="500" ind1=" " ind2=" ">
    <subfield code="a">Imprint varies slightly.</subfield>
  </datafield>
  <datafield tag="525" ind1=" " ind2=" ">
    <subfield code="a">For &lt;1985&gt;, "Preliminary information" supplements published between quarterly issues containing wage settlement, strike and lockout data for a given month or months, in advance of the data being presented in (and thus superseded by) the regular issue.</subfield>
  </datafield>
  <datafield tag="525" ind1=" " ind2=" ">
    <subfield code="a">Issue for 1989 supplemented by: 1989 overview.</subfield>
  </datafield>
  <datafield tag="580" ind1=" " ind2=" ">
    <subfield code="a">Merger of: Collective bargaining scene, and: Labour fact book.--Cf. Alberta Government publications, 1988 cumulation, p. 231.</subfield>
  </datafield>
  <datafield tag="596" ind1=" " ind2=" ">
    <subfield code="a">43 45</subfield>
  </datafield>
  <datafield tag="650" ind1=" " ind2="0">
    <subfield code="a">Working class</subfield>
    <subfield code="z">Alberta</subfield>
    <subfield code="x">Statistics</subfield>
    <subfield code="v">Periodicals.</subfield>
  </datafield>
  <datafield tag="650" ind1=" " ind2="0">
    <subfield code="a">Collective bargaining</subfield>
    <subfield code="z">Alberta</subfield>
    <subfield code="x">Statistics</subfield>
    <subfield code="v">Periodicals.</subfield>
  </datafield>
  <datafield tag="710" ind1="1" ind2="0">
    <subfield code="a">Alberta.</subfield>
    <subfield code="b">Alberta Labour.</subfield>
    <subfield code="b">Statistics &amp; Information Services.</subfield>
  </datafield>
  <datafield tag="780" ind1="1" ind2="4">
    <subfield code="t">Collective bargaining scene.</subfield>
  </datafield>
  <datafield tag="780" ind1="1" ind2="4">
    <subfield code="t">Labour fact book.</subfield>
  </datafield>
  <datafield tag="856" ind1="4" ind2="1">
    <subfield code="u">http://archive.org/details/collectivebarg1987</subfield>
    <subfield code="z">Free eBook from the Internet Archive</subfield>
  </datafield>
</record>
