<?xml version="1.0"?>
<record xmlns="http://www.loc.gov/MARC21/slim">
  <leader>01299cam a2200301 a 4500</leader>
  <controlfield tag="001">committingtoacti00roun</controlfield>
  <controlfield tag="003">CaSfIA</controlfield>
  <controlfield tag="005">20160229234303.0</controlfield>
  <controlfield tag="007">cr||||||||||||</controlfield>
  <controlfield tag="008">920410s1990    abca         s100 0 eng d</controlfield>
  <datafield tag="016" ind1=" " ind2=" ">
    <subfield code="a">920845134</subfield>
  </datafield>
  <datafield tag="035" ind1=" " ind2=" ">
    <subfield code="a">ocm26930261</subfield>
  </datafield>
  <datafield tag="040" ind1=" " ind2=" ">
    <subfield code="a">CaOONL</subfield>
    <subfield code="b">eng</subfield>
    <subfield code="c">CaOONL</subfield>
    <subfield code="d">AEML</subfield>
    <subfield code="d">CaSfIA</subfield>
  </datafield>
  <datafield tag="055" ind1="0" ind2="0">
    <subfield code="a">COP.AL.2.1992-156</subfield>
  </datafield>
  <datafield tag="082" ind1="1" ind2=" ">
    <subfield code="a">658.4</subfield>
    <subfield code="2">12</subfield>
  </datafield>
  <datafield tag="090" ind1=" " ind2=" ">
    <subfield code="a">HD 7654 C6 1990</subfield>
    <subfield code="b">AEHE</subfield>
  </datafield>
  <datafield tag="111" ind1="2" ind2=" ">
    <subfield code="a">Roundtable to Address Health and Safety in Small Business</subfield>
    <subfield code="d">(1990 :</subfield>
    <subfield code="c">Red Deer, Alta.)</subfield>
  </datafield>
  <datafield tag="245" ind1="1" ind2="0">
    <subfield code="a">Committing to action :</subfield>
    <subfield code="h">[electronic resource] </subfield>
    <subfield code="b">a Roundtable to Address Health and Safety in Small Business, Red Deer, Alberta, October 28-30, 1990 : conference proceedings.</subfield>
  </datafield>
  <datafield tag="260" ind1=" " ind2=" ">
    <subfield code="a">[Edmonton] :</subfield>
    <subfield code="b">Occupational Health and Safety Heritage Grant Program,</subfield>
    <subfield code="c">1990.</subfield>
  </datafield>
  <datafield tag="300" ind1=" " ind2=" ">
    <subfield code="a">[3], 15, [11] p. ;</subfield>
    <subfield code="c">28 cm.</subfield>
  </datafield>
  <datafield tag="336" ind1=" " ind2=" ">
    <subfield code="a">text</subfield>
    <subfield code="b">txt</subfield>
    <subfield code="2">rdacontent</subfield>
  </datafield>
  <datafield tag="337" ind1=" " ind2=" ">
    <subfield code="a">unmediated</subfield>
    <subfield code="b">n</subfield>
    <subfield code="2">rdamedia</subfield>
  </datafield>
  <datafield tag="338" ind1=" " ind2=" ">
    <subfield code="a">volume</subfield>
    <subfield code="b">nc</subfield>
    <subfield code="2">rdacarrier</subfield>
  </datafield>
  <datafield tag="500" ind1=" " ind2=" ">
    <subfield code="a">"Co-sponsored by: Advisory Council to the Minister of Occupational Health and Safety, Red Deer Chamber of Commerce".</subfield>
  </datafield>
  <datafield tag="596" ind1=" " ind2=" ">
    <subfield code="a">2</subfield>
  </datafield>
  <datafield tag="650" ind1=" " ind2="0">
    <subfield code="a">Small business</subfield>
    <subfield code="z">Alberta</subfield>
    <subfield code="v">Congresses.</subfield>
  </datafield>
  <datafield tag="650" ind1=" " ind2="0">
    <subfield code="a">Industrial hygiene</subfield>
    <subfield code="z">Alberta</subfield>
    <subfield code="v">Congresses.</subfield>
  </datafield>
  <datafield tag="650" ind1=" " ind2="0">
    <subfield code="a">Industrial safety</subfield>
    <subfield code="z">Alberta</subfield>
    <subfield code="v">Congresses.</subfield>
  </datafield>
  <datafield tag="710" ind1="1" ind2=" ">
    <subfield code="a">Alberta.</subfield>
    <subfield code="b">Occupational Health and Safety Heritage Grant Program.</subfield>
  </datafield>
  <datafield tag="856" ind1="4" ind2="1">
    <subfield code="u">http://archive.org/details/committingtoacti00roun</subfield>
    <subfield code="z">Free eBook from the Internet Archive</subfield>
  </datafield>
  <datafield tag="856" ind1="4" ind2="2">
    <subfield code="u">http://www.openlibrary.org/books/OL25903169M</subfield>
    <subfield code="z">Additional information and access via Open Library</subfield>
  </datafield>
</record>
