<?xml version="1.0"?>
<record xmlns="http://www.loc.gov/MARC21/slim">
  <leader>03781cas a2200745 a 4500</leader>
  <controlfield tag="001">cornerstonejourn134albe</controlfield>
  <controlfield tag="003">CaSfIA</controlfield>
  <controlfield tag="005">20151008010651.0</controlfield>
  <controlfield tag="007">cr||||||||||||</controlfield>
  <controlfield tag="008">920218m19849999abcqr4p      s uuua0eng d</controlfield>
  <datafield tag="010" ind1=" " ind2=" ">
    <subfield code="a">cn 89081858</subfield>
  </datafield>
  <datafield tag="022" ind1="0" ind2=" ">
    <subfield code="a">0844-6474</subfield>
    <subfield code="y">0707-705X</subfield>
  </datafield>
  <datafield tag="035" ind1=" " ind2=" ">
    <subfield code="a">ocm20020717</subfield>
  </datafield>
  <datafield tag="039" ind1="0" ind2=" ">
    <subfield code="f">hs</subfield>
  </datafield>
  <datafield tag="040" ind1=" " ind2=" ">
    <subfield code="a">CaOONLC</subfield>
    <subfield code="b">eng</subfield>
    <subfield code="c">CaOONL</subfield>
    <subfield code="d">CaSfIA</subfield>
  </datafield>
  <datafield tag="042" ind1=" " ind2=" ">
    <subfield code="a">nlc</subfield>
    <subfield code="a">isds/c</subfield>
  </datafield>
  <datafield tag="043" ind1=" " ind2=" ">
    <subfield code="a">n-cn-ab</subfield>
  </datafield>
  <datafield tag="049" ind1=" " ind2=" ">
    <subfield code="a">AEU</subfield>
    <subfield code="b">eng</subfield>
  </datafield>
  <datafield tag="082" ind1="0" ind2=" ">
    <subfield code="a">971.23/006</subfield>
    <subfield code="2">19</subfield>
  </datafield>
  <datafield tag="090" ind1=" " ind2=" ">
    <subfield code="a">FC 3651 C67</subfield>
    <subfield code="b">AEU</subfield>
  </datafield>
  <datafield tag="090" ind1="0" ind2=" ">
    <subfield code="a">GOV DOC CA2 AL AHR N281</subfield>
  </datafield>
  <datafield tag="210" ind1="0" ind2=" ">
    <subfield code="a">Cornerstone</subfield>
    <subfield code="b">(Edmont.)</subfield>
  </datafield>
  <datafield tag="222" ind1="0" ind2="0">
    <subfield code="a">Cornerstone</subfield>
    <subfield code="b">(Edmonton)</subfield>
  </datafield>
  <datafield tag="245" ind1="0" ind2="0">
    <subfield code="a">Cornerstone :</subfield>
    <subfield code="h">[electronic resource] </subfield>
    <subfield code="b">the journal of the Alberta Historical Resources Foundation.</subfield>
  </datafield>
  <datafield tag="260" ind1="0" ind2="0">
    <subfield code="a">[Edmonton] :</subfield>
    <subfield code="b">The Foundation,</subfield>
    <subfield code="c">[1984]-</subfield>
  </datafield>
  <datafield tag="300" ind1=" " ind2=" ">
    <subfield code="a">   v. :</subfield>
    <subfield code="b">ill. ;</subfield>
    <subfield code="c">22-28 cm</subfield>
  </datafield>
  <datafield tag="310" ind1=" " ind2=" ">
    <subfield code="a">Quarterly.</subfield>
  </datafield>
  <datafield tag="362" ind1="0" ind2=" ">
    <subfield code="a">Vol. 7, no. 1 (spring 1984)-</subfield>
  </datafield>
  <datafield tag="500" ind1=" " ind2=" ">
    <subfield code="a">Title from cover.</subfield>
  </datafield>
  <datafield tag="515" ind1=" " ind2=" ">
    <subfield code="a">Only one issue published for vol. 10?</subfield>
  </datafield>
  <datafield tag="596" ind1=" " ind2=" ">
    <subfield code="a">38 43</subfield>
  </datafield>
  <datafield tag="597" ind1=" " ind2=" ">
    <subfield code="a">4:GOV DOC CA2 AL AHR N281 v.11: no.3-4 1988</subfield>
    <subfield code="a">6:GOV DOC CA2 AL AHR N281 v.12: no.3-4 1989</subfield>
    <subfield code="a">7:GOV DOC CA2 AL AHR N281 v.13: no.1-3 1990</subfield>
    <subfield code="a">9:GOV DOC CA2 AL AHR N281 v.15: no.1-3 1992</subfield>
  </datafield>
  <datafield tag="650" ind1=" " ind2="0">
    <subfield code="a">Historic buildings</subfield>
    <subfield code="z">Alberta</subfield>
    <subfield code="x">Periodicals.</subfield>
  </datafield>
  <datafield tag="650" ind1=" " ind2="0">
    <subfield code="a">Historic sites</subfield>
    <subfield code="z">Alberta</subfield>
    <subfield code="x">Periodicals.</subfield>
  </datafield>
  <datafield tag="651" ind1=" " ind2="0">
    <subfield code="a">Alberta</subfield>
    <subfield code="x">Antiquities</subfield>
    <subfield code="x">Periodicals.</subfield>
  </datafield>
  <datafield tag="710" ind1="2" ind2="0">
    <subfield code="a">Alberta Historical Resources Foundation.</subfield>
  </datafield>
  <datafield tag="780" ind1="0" ind2="0">
    <subfield code="a">Alberta Historical Resources Foundation.</subfield>
    <subfield code="t">News &amp; views.</subfield>
    <subfield code="x">0707-705X</subfield>
    <subfield code="w">(OCoLC)4801282</subfield>
    <subfield code="w">(CaOONL) 790807815</subfield>
    <subfield code="w">(DLC)cn 79080781</subfield>
  </datafield>
  <datafield tag="856" ind1="4" ind2="1">
    <subfield code="u">http://archive.org/details/cornerstonejourn134albe</subfield>
    <subfield code="z">Free eBook from the Internet Archive</subfield>
    <subfield code="3">Volume 13: no.4</subfield>
  </datafield>
</record>
