<?xml version="1.0"?>
<record xmlns="http://www.loc.gov/MARC21/slim">
  <leader>01913cam a2200445 a 4500</leader>
  <controlfield tag="001">distanceeducatio00albe</controlfield>
  <controlfield tag="003">CaSfIA</controlfield>
  <controlfield tag="005">20151008010651.0</controlfield>
  <controlfield tag="007">cr||||||||||||</controlfield>
  <controlfield tag="008">890106s1988    abc    c     s    0 eng c</controlfield>
  <datafield tag="035" ind1=" " ind2=" ">
    <subfield code="a">ocm66078733</subfield>
  </datafield>
  <datafield tag="040" ind1=" " ind2=" ">
    <subfield code="b">eng</subfield>
    <subfield code="d">CaSfIA</subfield>
  </datafield>
  <datafield tag="049" ind1=" " ind2=" ">
    <subfield code="a">AEE</subfield>
    <subfield code="b">eng</subfield>
  </datafield>
  <datafield tag="055" ind1=" " ind2="4">
    <subfield code="a">LC5808.A3</subfield>
  </datafield>
  <datafield tag="090" ind1="1" ind2=" ">
    <subfield code="a">LC/5808.A3/A333</subfield>
    <subfield code="b">DOC</subfield>
    <subfield code="m">AE 1988 0088</subfield>
  </datafield>
  <datafield tag="090" ind1="1" ind2=" ">
    <subfield code="a">LC/5808.A3/A333</subfield>
    <subfield code="b">MAIN</subfield>
  </datafield>
  <datafield tag="090" ind1="0" ind2=" ">
    <subfield code="a">GOV DOC CA2 AL ED 88D32</subfield>
  </datafield>
  <datafield tag="090" ind1="0" ind2=" ">
    <subfield code="a">LC 5808 C22 A3 D614 1988</subfield>
  </datafield>
  <datafield tag="090" ind1=" " ind2=" ">
    <subfield code="a">LC5254.2 .A4 D569</subfield>
    <subfield code="b">AEGMCT</subfield>
  </datafield>
  <datafield tag="110" ind1="1" ind2=" ">
    <subfield code="a">Alberta.</subfield>
    <subfield code="b">School Buildings Services.</subfield>
  </datafield>
  <datafield tag="245" ind1="1" ind2="0">
    <subfield code="a">Distance education :</subfield>
    <subfield code="h">[electronic resource] </subfield>
    <subfield code="b">a program and facility study /</subfield>
    <subfield code="c">prepared for the Distance Learning in Small Schools Project by HSP Humanite Services Planning Ltd. under contract to Alberta Education, School Buildings Services.</subfield>
  </datafield>
  <datafield tag="260" ind1=" " ind2=" ">
    <subfield code="a">[Edmonton, Alta.] :</subfield>
    <subfield code="b">Alberta Education, School Buildings Services,</subfield>
    <subfield code="c">1988.</subfield>
  </datafield>
  <datafield tag="300" ind1=" " ind2=" ">
    <subfield code="a">vi, 86 p. :</subfield>
    <subfield code="b">ill., plans ;</subfield>
    <subfield code="c">28 cm.</subfield>
  </datafield>
  <datafield tag="336" ind1=" " ind2=" ">
    <subfield code="a">text</subfield>
    <subfield code="b">txt</subfield>
    <subfield code="2">rdacontent</subfield>
  </datafield>
  <datafield tag="337" ind1=" " ind2=" ">
    <subfield code="a">unmediated</subfield>
    <subfield code="b">n</subfield>
    <subfield code="2">rdamedia</subfield>
  </datafield>
  <datafield tag="338" ind1=" " ind2=" ">
    <subfield code="a">volume</subfield>
    <subfield code="b">nc</subfield>
    <subfield code="2">rdacarrier</subfield>
  </datafield>
  <datafield tag="500" ind1=" " ind2=" ">
    <subfield code="a">Study completed by Malcolm Holt aided by Sylvia Mentz and David Donelon.</subfield>
  </datafield>
  <datafield tag="500" ind1=" " ind2=" ">
    <subfield code="a">Also available on ERIC fiche (ED 308 046) in MAIN.</subfield>
  </datafield>
  <datafield tag="504" ind1=" " ind2=" ">
    <subfield code="a">Bibliography: p. 59-62.</subfield>
  </datafield>
  <datafield tag="596" ind1=" " ind2=" ">
    <subfield code="a">2 38</subfield>
  </datafield>
  <datafield tag="650" ind1=" " ind2="0">
    <subfield code="a">Distance education</subfield>
    <subfield code="z">Alberta.</subfield>
    <subfield code="v">Juvenile literature.</subfield>
  </datafield>
  <datafield tag="650" ind1=" " ind2="0">
    <subfield code="a">Educational technology</subfield>
    <subfield code="z">Alberta.</subfield>
    <subfield code="v">Juvenile literature.</subfield>
  </datafield>
  <datafield tag="650" ind1=" " ind2="0">
    <subfield code="a">School facilities</subfield>
    <subfield code="x">Planning</subfield>
    <subfield code="z">Alberta.</subfield>
    <subfield code="v">Juvenile literature.</subfield>
  </datafield>
  <datafield tag="700" ind1="1" ind2=" ">
    <subfield code="a">Holt, Malcolm.</subfield>
  </datafield>
  <datafield tag="700" ind1="1" ind2=" ">
    <subfield code="a">Mentz, Slyvia.</subfield>
  </datafield>
  <datafield tag="700" ind1="1" ind2=" ">
    <subfield code="a">Donelon, David.</subfield>
  </datafield>
  <datafield tag="710" ind1="2" ind2=" ">
    <subfield code="a">Distance Learning in Small Schools Project.</subfield>
  </datafield>
  <datafield tag="710" ind1="2" ind2=" ">
    <subfield code="a">HSP Humanit&#xE9; Services Planning.</subfield>
  </datafield>
  <datafield tag="856" ind1="4" ind2="1">
    <subfield code="u">http://archive.org/details/distanceeducatio00albe</subfield>
    <subfield code="z">Free eBook from the Internet Archive</subfield>
  </datafield>
  <datafield tag="856" ind1="4" ind2="2">
    <subfield code="u">http://www.openlibrary.org/books/OL25666615M</subfield>
    <subfield code="z">Additional information and access via Open Library</subfield>
  </datafield>
</record>
