<?xml version="1.0"?>
<collection xmlns="http://www.loc.gov/MARC21/slim">
  <record>
    <leader>02315cam a2200505 a 4500</leader>
    <controlfield tag="001">dvashliakhyzbirkalbe</controlfield>
    <controlfield tag="003">CaSfIA</controlfield>
    <controlfield tag="005">20160513143529.0</controlfield>
    <controlfield tag="007">cr||||||||||||</controlfield>
    <controlfield tag="008">971201s2001    abca         s000 0 eng d</controlfield>
    <datafield tag="020" ind1=" " ind2=" ">
      <subfield code="a">0778510980</subfield>
    </datafield>
    <datafield tag="020" ind1=" " ind2=" ">
      <subfield code="a">0778513629 (student activity book)</subfield>
    </datafield>
    <datafield tag="020" ind1=" " ind2=" ">
      <subfield code="a">0778513645 (answer key to student activity book)</subfield>
    </datafield>
    <datafield tag="035" ind1=" " ind2=" ">
      <subfield code="a">ocm52287028</subfield>
    </datafield>
    <datafield tag="040" ind1=" " ind2=" ">
      <subfield code="a">AEE</subfield>
      <subfield code="b">eng</subfield>
      <subfield code="d">CaSfIA</subfield>
    </datafield>
    <datafield tag="055" ind1=" " ind2="3">
      <subfield code="a">PG3811</subfield>
      <subfield code="b">A333 2001</subfield>
    </datafield>
    <datafield tag="082" ind1=" " ind2=" ">
      <subfield code="a">491.79</subfield>
    </datafield>
    <datafield tag="090" ind1=" " ind2=" ">
      <subfield code="a">PG 3826 D83 2001</subfield>
      <subfield code="b">ARDC</subfield>
    </datafield>
    <datafield tag="090" ind1=" " ind2=" ">
      <subfield code="a">PG 3826 D83 2001</subfield>
      <subfield code="b">AEU</subfield>
    </datafield>
    <datafield tag="090" ind1=" " ind2=" ">
      <subfield code="a">PG 3811 A333 2001</subfield>
      <subfield code="b">AEE</subfield>
    </datafield>
    <datafield tag="110" ind1="1" ind2=" ">
      <subfield code="a">Alberta.</subfield>
      <subfield code="b">Learning and Teaching Resources Branch.</subfield>
    </datafield>
    <datafield tag="245" ind1="1" ind2="0">
      <subfield code="a">Dva shliakhy :</subfield>
      <subfield code="h">[electronic resource] </subfield>
      <subfield code="b">zbirka tekstiv = Two paths : a reader /</subfield>
      <subfield code="c">upri&#x361;adkuvala Markii&#x361;ana T&#x361;Synt&#x361;sar-Hryshchuk ; ili&#x361;ustruvaly Soni&#x361;a Burak-Bernard ... [et al.].</subfield>
    </datafield>
    <datafield tag="246" ind1="3" ind2="1">
      <subfield code="a">Two paths :</subfield>
      <subfield code="b">a reader</subfield>
    </datafield>
    <datafield tag="260" ind1=" " ind2=" ">
      <subfield code="a">Edmonton, AB :</subfield>
      <subfield code="b">Alberta Learning,</subfield>
      <subfield code="c">2001.</subfield>
    </datafield>
    <datafield tag="300" ind1=" " ind2=" ">
      <subfield code="a">93 p. :</subfield>
      <subfield code="b">ill. ;</subfield>
      <subfield code="c">28 cm.</subfield>
    </datafield>
    <datafield tag="336" ind1=" " ind2=" ">
      <subfield code="a">text</subfield>
      <subfield code="b">txt</subfield>
      <subfield code="2">rdacontent</subfield>
    </datafield>
    <datafield tag="337" ind1=" " ind2=" ">
      <subfield code="a">unmediated</subfield>
      <subfield code="b">n</subfield>
      <subfield code="2">rdamedia</subfield>
    </datafield>
    <datafield tag="338" ind1=" " ind2=" ">
      <subfield code="a">volume</subfield>
      <subfield code="b">nc</subfield>
      <subfield code="2">rdacarrier</subfield>
    </datafield>
    <datafield tag="490" ind1="1" ind2=" ">
      <subfield code="a">Collage: a Ukrainian language development series.</subfield>
    </datafield>
    <datafield tag="500" ind1=" " ind2=" ">
      <subfield code="a">Compiled by Markiana Cyncar-Hryschuk.</subfield>
    </datafield>
    <datafield tag="500" ind1=" " ind2=" ">
      <subfield code="a">Accompanied by Student activity book (&#xA9;2002) [std.act.bk.] and Answer key to student activity book (&#xA9;2002) [ans.key].</subfield>
    </datafield>
    <datafield tag="590" ind1=" " ind2=" ">
      <subfield code="a">Approved for use in Alberta schools.</subfield>
    </datafield>
    <datafield tag="596" ind1=" " ind2=" ">
      <subfield code="a">2 35 41</subfield>
    </datafield>
    <datafield tag="650" ind1=" " ind2="4">
      <subfield code="a">Ukrainian bilingual</subfield>
      <subfield code="x">Language arts grade 9.</subfield>
    </datafield>
    <datafield tag="650" ind1=" " ind2="0">
      <subfield code="a">Ukrainian language</subfield>
      <subfield code="x">Study and teaching</subfield>
      <subfield code="z">Alberta.</subfield>
    </datafield>
    <datafield tag="650" ind1=" " ind2="0">
      <subfield code="a">Language and languages</subfield>
      <subfield code="x">Study and teaching</subfield>
      <subfield code="z">Alberta</subfield>
      <subfield code="x">Bilingual method.</subfield>
    </datafield>
    <datafield tag="700" ind1="1" ind2=" ">
      <subfield code="a">Cyncar-Hryschuk, Markiana.</subfield>
    </datafield>
    <datafield tag="700" ind1="1" ind2=" ">
      <subfield code="a">Burak-Bernard, Soni&#x361;a.</subfield>
    </datafield>
    <datafield tag="830" ind1=" " ind2="0">
      <subfield code="a">Collage: a Ukrainian language development series.</subfield>
    </datafield>
    <datafield tag="856" ind1="4" ind2="1">
      <subfield code="u">http://archive.org/details/dvashliakhyzbirkalbe</subfield>
      <subfield code="z">Free eBook from the Internet Archive</subfield>
      <subfield code="3">Volume Answer Key to Student Activity Book</subfield>
    </datafield>
  </record>
</collection>
