<?xml version="1.0"?>
<record xmlns="http://www.loc.gov/MARC21/slim">
  <leader>03333cas a2200673 a 4500</leader>
  <controlfield tag="001">fieldpoojun1989</controlfield>
  <controlfield tag="003">CaSfIA</controlfield>
  <controlfield tag="005">20151008010651.0</controlfield>
  <controlfield tag="007">cr||||||||||||</controlfield>
  <controlfield tag="008">920319d197u2001abcfr    s   s0     eng d</controlfield>
  <datafield tag="022" ind1=" " ind2=" ">
    <subfield code="a">0837-4953</subfield>
  </datafield>
  <datafield tag="035" ind1=" " ind2=" ">
    <subfield code="a">ocm17366010</subfield>
  </datafield>
  <datafield tag="039" ind1=" " ind2=" ">
    <subfield code="f">lns</subfield>
  </datafield>
  <datafield tag="040" ind1=" " ind2=" ">
    <subfield code="a">AEU</subfield>
    <subfield code="b">eng</subfield>
    <subfield code="d">CaSfIA</subfield>
  </datafield>
  <datafield tag="043" ind1=" " ind2=" ">
    <subfield code="a">n-cn-ab</subfield>
  </datafield>
  <datafield tag="055" ind1=" " ind2="3">
    <subfield code="a">TN 873 C22 A4</subfield>
    <subfield code="b">F4552</subfield>
  </datafield>
  <datafield tag="090" ind1=" " ind2=" ">
    <subfield code="a">TN 873 C2 A3 F453</subfield>
    <subfield code="b">AECF</subfield>
  </datafield>
  <datafield tag="090" ind1=" " ind2=" ">
    <subfield code="a">TN 873 C22 A4 F4552</subfield>
    <subfield code="b">AEU</subfield>
  </datafield>
  <datafield tag="245" ind1="0" ind2="0">
    <subfield code="a">Field and pool codes numeric list /</subfield>
    <subfield code="h">[electronic resource] </subfield>
    <subfield code="c">Energy Resources Conservation Board.</subfield>
  </datafield>
  <datafield tag="246" ind1="1" ind2="3">
    <subfield code="a">Field and pool codes and names complete list</subfield>
  </datafield>
  <datafield tag="246" ind1="1" ind2="3">
    <subfield code="a">Energy Resources Conservation Board field and pool codes numeric list</subfield>
  </datafield>
  <datafield tag="260" ind1=" " ind2=" ">
    <subfield code="a">[Calgary] :</subfield>
    <subfield code="b">The Board,</subfield>
    <subfield code="c">-[2001]</subfield>
  </datafield>
  <datafield tag="300" ind1=" " ind2=" ">
    <subfield code="a">v. ;</subfield>
    <subfield code="c">28 cm.</subfield>
  </datafield>
  <datafield tag="310" ind1=" " ind2=" ">
    <subfield code="a">Twice a year</subfield>
  </datafield>
  <datafield tag="362" ind1="0" ind2=" ">
    <subfield code="a">-Jan. 2001.</subfield>
  </datafield>
  <datafield tag="500" ind1=" " ind2=" ">
    <subfield code="a">Description based on: July 1987; title from caption.</subfield>
  </datafield>
  <datafield tag="550" ind1=" " ind2=" ">
    <subfield code="a">Issued by: Alberta Energy and Utilities Board, &lt;July 1999&gt;-2001.</subfield>
  </datafield>
  <datafield tag="596" ind1=" " ind2=" ">
    <subfield code="a">12 38 48</subfield>
  </datafield>
  <datafield tag="590" ind1=" " ind2=" ">
    <subfield code="a">UA Library copy includes issues of Field alphabetic list.</subfield>
  </datafield>
  <datafield tag="650" ind1=" " ind2="0">
    <subfield code="a">Oil fields</subfield>
    <subfield code="z">Alberta</subfield>
    <subfield code="v">Code numbers</subfield>
    <subfield code="v">Periodicals.</subfield>
  </datafield>
  <datafield tag="650" ind1=" " ind2="0">
    <subfield code="a">Oil fields</subfield>
    <subfield code="z">Alberta</subfield>
    <subfield code="v">Code names</subfield>
    <subfield code="v">Periodicals.</subfield>
  </datafield>
  <datafield tag="650" ind1=" " ind2="0">
    <subfield code="a">Oil fields</subfield>
    <subfield code="z">Alberta</subfield>
    <subfield code="v">Indexes.</subfield>
  </datafield>
  <datafield tag="710" ind1="1" ind2=" ">
    <subfield code="a">Alberta.</subfield>
    <subfield code="b">Energy Resources Conservation Board.</subfield>
  </datafield>
  <datafield tag="710" ind1="2" ind2=" ">
    <subfield code="a">Alberta Energy and Utilities Board.</subfield>
  </datafield>
  <datafield tag="770" ind1="0" ind2="8">
    <subfield code="i">Kept up to date between editions by:</subfield>
    <subfield code="t">Field and pool codes and names supplementary list</subfield>
    <subfield code="x">0828-3451</subfield>
  </datafield>
  <datafield tag="785" ind1="0" ind2="0">
    <subfield code="t">Field and pool code list</subfield>
  </datafield>
  <datafield tag="856" ind1="4" ind2="1">
    <subfield code="u">http://archive.org/details/fieldpoojun1989</subfield>
    <subfield code="z">Free eBook from the Internet Archive</subfield>
  </datafield>
</record>
