<?xml version="1.0"?>
<record xmlns="http://www.loc.gov/MARC21/slim">
  <leader>01358cam a2200397 a 4500</leader>
  <controlfield tag="001">functionaldiagno00cora</controlfield>
  <controlfield tag="003">CaSfIA</controlfield>
  <controlfield tag="005">20151008010651.0</controlfield>
  <controlfield tag="007">cr||||||||||||</controlfield>
  <controlfield tag="008">981125s1998    abc      b    000 0 eng d</controlfield>
  <datafield tag="020" ind1=" " ind2=" ">
    <subfield code="a">1896956106</subfield>
  </datafield>
  <datafield tag="035" ind1=" " ind2=" ">
    <subfield code="a">ocm55502889</subfield>
  </datafield>
  <datafield tag="040" ind1=" " ind2=" ">
    <subfield code="a">AEGNH</subfield>
    <subfield code="b">eng</subfield>
    <subfield code="d">AEU</subfield>
    <subfield code="d">AEG</subfield>
    <subfield code="d">CaSfIA</subfield>
  </datafield>
  <datafield tag="060" ind1=" " ind2="4">
    <subfield code="a">WL 385</subfield>
  </datafield>
  <datafield tag="090" ind1=" " ind2=" ">
    <subfield code="a">WL 385 C787 1998</subfield>
    <subfield code="b">AEG</subfield>
  </datafield>
  <datafield tag="090" ind1=" " ind2=" ">
    <subfield code="a">WL 385 C787 1998</subfield>
    <subfield code="b">AEMH</subfield>
  </datafield>
  <datafield tag="090" ind1=" " ind2=" ">
    <subfield code="a">RA 645 E64 C63 1998</subfield>
    <subfield code="b">AEHE</subfield>
  </datafield>
  <datafield tag="090" ind1=" " ind2=" ">
    <subfield code="a">RA 645 E64 C63 1998</subfield>
    <subfield code="b">AEU</subfield>
  </datafield>
  <datafield tag="090" ind1=" " ind2=" ">
    <subfield code="a">WL 385 C787 1998</subfield>
    <subfield code="b">AEGNH</subfield>
  </datafield>
  <datafield tag="100" ind1="1" ind2=" ">
    <subfield code="a">Corabian, Paula,</subfield>
    <subfield code="d">1958-</subfield>
  </datafield>
  <datafield tag="245" ind1="1" ind2="0">
    <subfield code="a">Functional diagnostic imaging in epilepsy /</subfield>
    <subfield code="h">[electronic resource] </subfield>
    <subfield code="c">Paula Corabian, David Hailey.</subfield>
  </datafield>
  <datafield tag="260" ind1=" " ind2=" ">
    <subfield code="a">Edmonton :</subfield>
    <subfield code="b">Alberta Heritage Foundation for Medical Research,</subfield>
    <subfield code="c">c1998.</subfield>
  </datafield>
  <datafield tag="300" ind1=" " ind2=" ">
    <subfield code="a">46 p. :</subfield>
    <subfield code="b">ill. ;</subfield>
    <subfield code="c">28 cm.</subfield>
  </datafield>
  <datafield tag="336" ind1=" " ind2=" ">
    <subfield code="a">text</subfield>
    <subfield code="b">txt</subfield>
    <subfield code="2">rdacontent</subfield>
  </datafield>
  <datafield tag="337" ind1=" " ind2=" ">
    <subfield code="a">unmediated</subfield>
    <subfield code="b">n</subfield>
    <subfield code="2">rdamedia</subfield>
  </datafield>
  <datafield tag="338" ind1=" " ind2=" ">
    <subfield code="a">volume</subfield>
    <subfield code="b">nc</subfield>
    <subfield code="2">rdacarrier</subfield>
  </datafield>
  <datafield tag="490" ind1="1" ind2=" ">
    <subfield code="a">HTA</subfield>
    <subfield code="v">10</subfield>
  </datafield>
  <datafield tag="500" ind1=" " ind2=" ">
    <subfield code="a">"August 1998"</subfield>
  </datafield>
  <datafield tag="504" ind1=" " ind2=" ">
    <subfield code="a">Includes bibliographical references.</subfield>
  </datafield>
  <datafield tag="596" ind1=" " ind2=" ">
    <subfield code="a">2 20 42</subfield>
  </datafield>
  <datafield tag="650" ind1=" " ind2="0">
    <subfield code="a">Epilepsy</subfield>
    <subfield code="x">Imaging.</subfield>
  </datafield>
  <datafield tag="650" ind1=" " ind2="0">
    <subfield code="a">Epilepsy</subfield>
    <subfield code="x">Diagnosis.</subfield>
  </datafield>
  <datafield tag="650" ind1=" " ind2="2">
    <subfield code="a">Epilepsy</subfield>
    <subfield code="x">radiography.</subfield>
  </datafield>
  <datafield tag="700" ind1="1" ind2=" ">
    <subfield code="a">Hailey, David.</subfield>
  </datafield>
  <datafield tag="710" ind1="2" ind2=" ">
    <subfield code="a">Alberta Heritage Foundation for Medical Research.</subfield>
  </datafield>
  <datafield tag="830" ind1=" " ind2="0">
    <subfield code="a">"H T A" series ;</subfield>
    <subfield code="v">10.</subfield>
  </datafield>
  <datafield tag="856" ind1="4" ind2="1">
    <subfield code="u">http://archive.org/details/functionaldiagno00cora</subfield>
    <subfield code="z">Free eBook from the Internet Archive</subfield>
  </datafield>
</record>
