NOID	Number of Supervisors
c1v53jx12z	5
t148fj70n	5
44558d91x	4
p5547s06q	4
dj52w5188	4
2j62s5818	4
2n49t243c	4
3x816n82c	4
gt54kn67f	4
1n79h478m	4
pr76f356g	4
73666481z	4
1831ck31f	4
c8c97kq66m	4
5t34sj80w	4
gm80hv832	4
j6731515x	4
cjd472w703	4
4t64gp596	4
2r36tz582	4
cpn89d696n	3
w37638013	3
z603r008s	3
c2514nk70t	3
vx021h75b	3
w3763955m	3
c02870v88m	3
c2n49t1697	3
cm900nt56h	3
cw9505055r	3
c8w32r5749	3
f1881p364	3
z603qx43s	3
k0698876t	3
pc289j19b	3
cd791sg56q	3
w0892d632	3
c5425kb006	3
cvt150j35t	3
bz60cx14q	3
hx11xg68t	3
cn009w247c	3
cxp68kg71n	3
0p096811t	3
cdj52w496k	3
00000014b	3
ks65hc213	3
3j3333045	3
cxs55mc320	3
c5m60qs093	3
cjq085j996	3
cdr26xx386	3
c1v53jx138	3
6969z178m	3
cmk61rh24b	3
c9g54xh84g	3
kh04dr144	3
c5m60qs13h	3
ccc08hf85n	3
0z708x34f	3
ccj82k7308	3
pc289k47q	3
8623hz16k	3
5d86p313s	3
j098zb67v	3
js956g79v	3
m039k576g	3
d791sg391	3
q237ht29n	3
cbz60cw65j	3
0c483j60j	3
csn009z142	3
c3n203z301	3
xg94hr22j	3
79407z51r	3
xs55mc91j	3
3484zh72x	3
c707957687	3
br86b4754	3
9c67wn68q	3
mc87pr39c	3
3r074w12f	3
cj82kb16g	3
dr26xz215	3
0z708x246	3
c9s1616643	3
8g84mm85r	3
8w32r616k	3
v692t662v	3
8336h234f	3
c247dt21p	3
jh343v96z	3
cxs55mc142	3
6d570054t	3
zp38wc642	3
c1r66j117k	3
c2j62s516f	3
chd76s007k	3
2v23vx319	3
cns064604m	3
c2v23vt60h	3
gf06g409x	3
jh343t084	3
n583xw02t	3
pz50gx14g	3
1c18dg58c	3
1c18dg416	3
02870z495	3
05741v16v	3
cfx719m630	3
g158bk94p	3
cqz20ss63w	3
79407z15w	3
ff3656911	3
c6108vb30p	3
pk02cb28s	3
c44558d48r	3
c4q77fr539	3
c8c97kq687	3
ch989r335n	3
6395w9702	3
xk81jm44m	3
4m90dw35v	3
c8049g513b	3
d791sh664	3
csx61dm574	3
1544br81t	3
qv33rx40h	3
c1n79h429b	3
x920fx199	3
sb397875z	3
4x51hj490	3
zs25x878n	3
fn107155v	3
9s161637w	3
gh93h094q	3
j67314178	3
41687m37h	3
3n204009s	3
fj2363188	3
cjw827b679	3
cjq085k150	3
mp48sc78n	3
ft848r44g	3
m900nt90n	3
cn009w2523	3
cn69m550w	3
s4655h23n	3
rr171x54d	3
0k225d884	3
bn999845c	3
r494vk77z	3
n583xv11k	3
sn00b137p	3
crf55z804r	3
nk322f81n	3
5t34sn555	3
gf06g3759	3
rx913s73g	3
s1784m82k	3
ng451j758	3
9p290c93d	3
dj52w739f	3
6h440t89k	3
ctt44pm90q	3
ckp78gg44k	3
ckw52j8202	3
cgm80hv570	3
cw0892b24f	3
cmc87pq45x	3
cgq67jr581	3
cpg15bf20z	3
q237hs54s	2
c05741s11w	2
c05741r91v	2
bc386j919	2
f1881p339	2
k3569696r	2
ch702q641p	2
cf95jb62q	2
m326m262c	2
c79407x34c	2
qj72p865r	2
5425kb49s	2
mw22v595s	2
vt150k47q	2
x920fz119	2
c44558d32m	2
v118rg04x	2
tq57ns390	2
fb4949591	2
z890rv64z	2
ng451j783	2
9p290c924	2
bk128c198	2
08612n66p	2
csj139206g	2
t722h986t	2
4q77fv027	2
44558f21f	2
44558f39w	2
44558f63z	2
pk02cb356	2
rf55z884c	2
c5425k998x	2
5t34sj91d	2
r494vk84c	2
7w62f9728	2
1z40kv40f	2
cvx021f35z	2
9g54xk26n	2
8c97kq91n	2
c2801pg60p	2
fj236501h	2
cj82k855r	2
j098zb63r	2
hq37vp97s	2
ff3655567	2
ft848t209	2
08612p44v	2
xs55mc12w	2
08612q95j	2
1g05fc90c	2
mp48sg32n	2
fb494c186	2
h415pb95n	2
v405sd432	2
jh343s84r	2
cdb78tc409	2
cb5644r94z	2
h415pb712	2
qn59q4075	2
cv979v314z	2
707957706	2
fn106z337	2
c821gk872	2
c3x816m81r	2
wp988k651	2
8c97kq847	2
g158bh70p	2
4x51hj091	2
ck0698775r	2
v118rd66h	2
xp68kh47z	2
c0c483j55v	2
c08612n94x	2
c00000023v	2
c08612n57r	2
xp68kh32b	2
vt150j955	2
chq37vn76r	2
g445cf063	2
6q182m661	2
cnz806008d	2
pz50gw237	2
v118rd60v	2
12579s91d	2
zg64tp50k	2
ckh04dp748	2
6t053g726	2
c3197xm48n	2
1r66j1858	2
k930c069b	2
wd3760001	2
f4752j080	2
9g54xk29g	2
k930bx61j	2
0g354f31b	2
z603qz68v	2
hm50tr751	2
c02870w23n	2
c02870w26k	2
c02870w09z	2
c02870w10f	2
fx719m63q	2
cd217qp509	2
rr171x41b	2
x920fx56f	2
fb494986x	2
m326m3181	2
cjd472w731	2
mk61rj35r	2
k643b238w	2
tx31qm463	2
2b88qf05c	2
dz010r507	2
qv33rx53k	2
ctm70mv575	2
c3b591888p	2
hh63sz256	2
cws859f87w	2
np193b40x	2
chh63sv91w	2
gt54kn73k	2
cwd375w56k	2
c6969z104c	2
qr46r2515	2
kp78gh27q	2
cht24wj63p	2
c0g354f227	2
c0z708w59b	2
c0p0967106	2
c0r967399c	2
c0r967401n	2
c0g354f48n	2
gq67js16x	2
c5t34sj968	2
j098zb110	2
8s45q938c	2
79407x444	2
ctd96k2751	2
4b29b626c	2
cx346d421f	2
ng451h52r	2
w9505051c	2
pn89d707h	2
np193957w	2
cc08hg13s	2
n009w247p	2
c1831ck40b	2
d217qq98z	2
cpc289j31d	2
cv43nx38q	2
f4752j276	2
c2n49t191k	2
hh63sz299	2
z029p591b	2
c4j03d008s	2
dn39x2213	2
c0g354f255	2
c0z708w65c	2
c0z708w778	2
c0v8380986	2
2n49t200k	2
v405sc16z	2
qf85nb97k	2
vx021f61k	2
c1r66j1257	2
2227mq22v	2
j9602181j	2
cqr46r129t	2
v118rf025	2
jh343t02g	2
cs7526c65t	2
c7p88cg808	2
k3569553r	2
7d278v012	2
ff365610t	2
tm70mw64t	2
ks65hd66n	2
csj139229z	2
k35695053	2
5138jh49z	2
sn009z00f	2
8336h325p	2
5425kd517	2
pg15bf62v	2
cz029p497w	2
nv9353384	2
c6h440s749	2
c4j03cz90b	2
k06988463	2
3484zk77q	2
cg445cd34d	2
bv73c195v	2
cmg74qm14x	2
ww72bb705	2
j098zd74p	2
cqz20ss90s	2
jh343v004	2
pc289j709	2
n296x173x	2
xs55mc99r	2
pv63g068h	2
kh04dq96d	2
c0z708w78k	2
c0r967376w	2
c0z708w60t	2
tq57ns55c	2
j9602329q	2
cn69m566s	2
cnv935289j	2
qz20st87n	2
ft848r67s	2
cz316q165k	2
cpr76f371p	2
jq085m52f	2
cst74cq70c	2
8w32r7325	2
cx346d4546	2
cgm80hv38r	2
mg74qm51p	2
6t053g58c	2
wp988k39d	2
z890rt24s	2
3j3333070	2
c2r36tx77t	2
c3b591873v	2
d217qq97p	2
cmw22v565h	2
cr494vk53t	2
c37720d07p	2
bv73c126f	2
0z709018n	2
4t64gq74h	2
c821gm20w	2
70795812h	2
ct148fh17t	2
sn009z36t	2
4t64gp439	2
4j03d2382	2
j3860830s	2
h128ng002	2
cjd472w66p	2
2801pg54d	2
d504rk378	2
c0v838081r	2
f1881n08r	2
qr46r3589	2
kk91fp295	2
5h73pw85g	2
6q182m458	2
cbr86b4052	2
chq37vn70w	2
f7623g08f	2
3r074w361	2
s7526g043	2
z029p7344	2
3x816n47s	2
fn106z779	2
9z9031172	2
0v838302h	2
b5644s81h	2
7w62f911j	2
5999n4711	2
qr46r2141	2
h702q7434	2
9c67wn64m	2
cd504rk72m	2
cdj52w4958	2
gh93h0950	2
2b88qd02b	2
4m90dw097	2
xp68kj920	2
cq237hs19c	2
gt54kn98f	2
9593tv45n	2
cm039k510k	2
3j333244x	2
cfx719m499	2
vx021h76m	2
mg74qn54q	2
4t64gp17p	2
wp988k02r	2
cdn39x189z	2
c5712m694t	2
8049g5125	2
8c97kt47q	2
mg74qm39d	2
j6731548g	2
t722h9563	2
765372669	2
nk322d474	2
zc77sq29p	2
c8336h2036	2
02870x065	2
td96k3573	2
2j62s6300	2
cpr76f3856	2
cdj52w5098	2
cdv13zt343	2
c5t34sj58s	2
h702q654f	2
7h149r20h	2
cnk322d544	2
8w32r7104	2
cb5644r644	2
c4m90dv86b	2
6d5700510	2
ccz30pt00c	2
ckk91fk84z	2
mg74qm86s	2
ww72bb76t	2
c2801pg39n	2
db78tg017	2
2n49t280h	2
zc77sr237	2
cz30pw462	2
6h440t39c	2
w37639532	2
ccr56n145z	2
fj236241v	2
cqj72p7397	2
ms35t9384	2
4q77ft97k	2
ccz30ps983	2
nz806048m	2
tb09j589z	2
c5d86p026n	2
cf95jb59d	2
c6h440s51t	2
c5m60qs08s	2
c821gm11x	2
gf06g289f	2
kw52jb727	2
ctt44pm869	2
h128nd999	2
8k71nk06r	2
cmc87pq706	2
s7526d43c	2
ckh04dp837	2
zg64tm726	2
pv63g208g	2
ng451j81d	2
fx719m90m	2
s4655k44t	2
m039k609t	2
8p58pg891	2
cq524jn79x	2
csq87bt97z	2
cxd07gs955	2
7d278w68n	2
8w32r687j	2
rf55z791k	2
x059c990m	2
n009w356v	2
ft848r967	2
cdz010q19d	2
cd217qp85p	2
6d56zz264	2
mp48sd87t	2
6969z081q	2
cf7623c71p	2
c7d278t254	2
ctx31qh69t	2
qn59q3974	2
8623hz48v	2
c2514nk86z	2
ckh04dp72n	2
wm117p68c	2
6395w724j	2
th83kz46f	2
5425kb14p	2
2801ph60r	2
3197xm75h	2
cj82k7548	2
czg64tm19n	2
8w32r562g	2
tx31qj70r	2
vd66w0289	2
cgt54kn32r	2
pc289m817	2
z890rv04h	2
6m311r83c	2
cqv33rw90n	2
3484zk780	2
c2f75r839s	2
k643b124b	2
ms35t9359	2
jm214q650	2
0z708z03n	2
dj52w741g	2
gq67jt70x	2
gq67js400	2
ks65hc26g	2
w9505091b	2
cqj72p7547	2
gq67js019	2
cz603qx48w	2
zg64tn162	2
nz8061115	2
ht24wm845	2
c9c67wn27v	2
c5h73pw14p	2
c5x21tf47b	2
8w32r625j	2
h989r407r	2
v692t727g	2
5h73pw650	2
bg257f798	2
np193d01n	2
w0892b699	2
4j03d008x	2
v979v423w	2
cn009w282x	2
2r36tx968	2
th83m0804	2
2514nk62v	2
9c67wn045	2
cv979v3247	2
cp8418n34m	2
mp48sd794	2
2801pj03b	2
cn870zq942	2
dr26z1086	2
s7526f119	2
tx31qm45t	2
pk02cb801	2
c1v53jx14k	2
cgm80hv678	2
dr26xz73x	2
vq27zp05t	2
bk128b26g	2
c534fp858	2
c534fq28v	2
0k225b288	2
qr46r139p	2
5425kb98q	2
1n79h496j	2
cgb19f6062	2
3f462616q	2
jh343s826	2
h702q7124	2
8s45q951x	2
sx61dn57j	2
6t053g751	2
7s75dd88x	2
1544bp58m	2
fx719q12v	2
b8515p81r	2
b8515r00z	2
b8515q959	2
c12579s566	2
6969z112h	2
3x816q301	2
c2514nk681	2
9w032329f	2
ck930bx43h	2
c44558d62f	2
c3n203z32n	2
02870w45n	2
c2j62s5037	2
ht24wm86q	2
2f75r837g	2
cr207tp79t	2
2f75r8081	2
0v8382011	2
k3569693x	2
1v53jx34v	2
8s45q891p	2
gb19f670p	2
sb397963c	2
pk02cb56z	2
9p290b14j	2
vt150k00t	2
k3569463s	2
vx021g34w	2
2227mr265	2
cmp48sc835	2
2b88qd080	2
cxw42n809g	2
cgx41mj158	2
gf06g285b	2
cj3860721g	2
mk61rh89v	2
9c67wn61s	2
gh93gz508	2
kk91fk57q	2
k35695117	2
fj2363013	2
g732dc589	2
p5547s134	2
cn69m506b	2
bk128b213	2
9k41zf63t	2
wm117p249	2
q524jp25k	2
cgx41mj08x	2
c5q47rp09t	2
c5q47rn908	2
b8515n67q	2
b8515p85v	2
b8515p686	2
pk02c984x	2
79407x95m	2
db78tc434	2
czs25x8881	2
c7p88cg66k	2
c9s161648s	2
c3484zg922	2
td96k371x	2
ccz30ps688	2
hh63sv983	2
3n2040408	2
pz50gw15j	2
t435gf405	2
qr46r172q	2
cpk02c999k	2
cc534fp19b	2
kk91fm543	2
1c18dg858	2
79407x16z	2
ccf95jb53m	2
rf55z901t	2
pr76f341v	2
jm214r71b	2
bn9996980	2
6682x4252	2
c5712m657n	2
c5712m679t	2
c5138jd94j	2
c5138jf02p	2
qr46r171f	2
pg15bh300	2
np193b74r	2
cbn9996955	2
f4752h08s	2
0z708w85q	2
5t34sj637	2
zp38wf084	2
c1n79h472j	2
cz029p4911	2
ctt44pn25k	2
csj139213t	2
j67314089	2
h989r384n	2
ff3658018	2
2v23vv325	2
pn89d6788	2
cf95jc42f	2
c4q77fr342	2
cnk322d572	2
xk81jm201	2
x633f3750	2
m900nv604	2
kp78gg99r	2
8s45qc56q	2
0c483j488	2
cst74cq514	2
c5t34sj60k	2
c5h73pw286	2
k643b1453	2
c7m01bk953	2
gm80hz06k	2
7h149s64s	2
vd66w023x	2
5425kc08r	2
0v8383017	2
3r074v27v	2
c6395w7289	2
dr26xx405	2
n296wz74m	2
tq57ns46d	2
cnv9353041	2
rn301221q	2
9c67wq60x	2
1r66j174r	2
6d56zx95b	2
b5644r87z	2
5t34sk269	2
47429b06k	2
2227mq21k	2
cb5644r80f	2
2f75r956w	2
hx11xf56t	2
cft848q940	2
xp68kh002	2
cz603qx496	2
wd375w36m	2
8g84mm49w	2
1j92g900m	2
df65vb663	2
kh04dq13n	2
ft848s01w	2
2z10wr20m	2
zw12z5663	2
5d86p181h	2
rf55z914w	2
5t34sk05j	2
c41687h72k	2
tb09j598x	2
m039k5845	2
c534fq27k	2
c534fq33q	2
c534fr58s	2
c7m01bk91v	2
ww72bb62g	2
9019s282h	2
hq37vp736	2
cbn999693j	2
5712m785w	2
0r967630f	2
sf268635f	2
q524jp92f	2
8910jv78t	2
tt44pm866	2
2r36tz493	2
4x51hm73g	2
0c483k09s	2
cr494vk202	2
c9019s251m	2
cn583xv03c	2
0r967635t	2
5h73pz90r	2
cv405s969r	2
4j03d0541	2
sb397914f	2
db78tc55x	2
79407x46p	2
f7623d53v	2
cf95jb70d	2
1544bp92x	2
8s45q935j	2
5h73pw668	2
csj139195d	2
41687h79d	2
n296wz44w	2
th83m0448	2
st74cs84d	2
jd472x97s	2
c8s45q925b	2
cf1881m20z	2
hx11xf74r	2
cz316q192g	2
c6395w7495	2
9880vs48x	2
cbn999707j	2
cbc386j373	2
cb5644r761	2
cbk128b16h	2
zc77sq53r	2
8049g610t	2
fn106z868	2
0p0968319	2
k643b382n	2
3484zg98v	2
zk51vk289	2
chx11xf288	2
sq87bv19n	2
v979v333x	2
jh343t882	2
tx31qj74v	2
cbc386j51s	2
cb2773v94t	2
cg445cd41r	2
wm117n98w	2
nk322f879	2
rj4306041	2
9s1617437	2
ww72bc30d	2
vq27zp879	2
cvt150j47q	2
sx61dm979	2
pc289k53v	2
p2676w02c	2
k3569503j	2
nk322h057	2
5138jf135	2
2b88qc270	2
2b88qc72t	2
cm039k5126	2
z316q423v	2
fj236388z	2
7s75dc97p	2
cm039k523s	2
c9019s261w	2
c2801pg55z	2
0k225d83r	2
db78tc91s	2
7h149q455	2
5x21th00m	2
g445cd805	2
4t64gn39h	2
4t64gn73t	2
c2r36tx71z	2
cbn9997095	2
fb494885f	2
9019s298d	2
9019s270q	2
crf55z7912	2
sn009z71d	2
kw52j817r	2
cqf85nb44t	2
k35694642	2
js956g30d	2
c7h149q18x	2
12579s77k	2
sx61dp48s	2
4t64gq737	2
cfq977t983	2
1831ck79m	2
d504rk48s	2
765371506	2
cjd472w78k	2
qb98mg16b	2
dz010q66x	2
3484zk755	2
cjs956f853	2
cbn999691x	2
5712m707h	2
sb397847s	2
79407x818	2
kd17cw542	2
cv405s978q	2
cb5644r77b	2
cbz60cw41r	2
cb5644r986	2
cbg257f36x	2
4f16c437b	2
zw12z6359	2
6t053h49m	2
5h73pw92w	2
gh93h0640	2
c8s45q904g	2
qj72p737c	2
8c97kq77t	2
9g54xj13c	2
cvh53ww024	2
6h440w288	2
cn69m561d	2
7w62fc10p	2
xw42n9219	2
d791sh36d	2
kw52j897p	2
c47429945z	2
h989r3492	2
m039k5870	2
cbz60cw47m	2
z603qz73q	2
c4x51hj35n	2
cr781wg37n	2
5712m8233	2
0v838145w	2
cbr86b3584	2
5712m6966	2
5712m654p	2
cbr86b406c	2
xk81jm25d	2
9z903246q	2
gt54kn36f	2
cv43nx96m	2
fb494923n	2
chm50tr80f	2
47429959d	2
ch128nf10h	2
c9k41zd731	2
c3197xm06x	2
js956g03h	2
ccj82k746d	2
p5547v04k	2
zw12z611q	2
js956h040	2
vt150k34n	2
7h149p88r	2
x633f212h	2
gm80hw49z	2
c8g84mm32p	2
mg74qm55s	2
rn3012131	2
s7526d466	2
crn301151d	2
9019s315v	2
9019s3139	2
dn39x254n	2
4b29b596v	2
4b29b717m	2
41687j60w	2
tq57ns607	2
1v53jx95k	2
6395w721q	2
2r36tx73z	2
c247dt38v	2
v405s9867	2
ks65hc82t	2
kh04ds37n	2
4f16c299x	2
08612p34m	2
vq27zp07c	2
cs7526c44z	2
8p58pd049	2
c4b29b6282	2
pc289k15f	2
st74cr86r	2
736664763	2
4b29b911c	2
czg64tm18b	2
cvx021f24c	2
4b29b641g	2
0k225c07q	2
kk91fk98z	2
4b29b919k	2
4b29b738c	2
4b29b722g	2
3197xn12f	2
c7s75dc71f	2
cpc289j467	2
ck643b137j	2
nc580n82f	2
crb68xc184	2
9s161626c	2
xs55mf60z	2
v118rf271	2
8k71nj261	2
8w32r639w	2
crx913p93z	2
6w924b858	2
tx31qj06q	2
c6969z101f	2
cm613mz00c	2
3n2041838	2
cj6731400r	2
3197xn557	2
cj098zb23s	2
ht24wk73f	2
3197xm772	2
pz50h000q	2
8910jv27b	2
hh63sz36q	2
4x51hk31r	2
6d570049z	2
cjw827c04z	2
m613mz26k	2
z029p528k	2
tq57nr67z	2
5m60qt203	2
c1g05fb94k	2
cv118rf01q	2
crf55z787n	2
j3860973s	2
n583xw008	2
m613mz993	2
9593tv387	2
g732d9748	2
cbg257f26n	2
x346d4386	2
2801ph08h	2
jq085k994	2
hd76s1380	2
crv042t559	2
cq811kk115	2
k643b3846	2
ht24wj93q	2
08612n54w	2
cws859g101	2
cg445cd558	2
k930bx33c	2
cvx021f22r	2
9306t0862	2
m900nv779	2
8049g626q	2
9306t016c	2
c6m311p36z	2
3f462826c	2
3r074v11z	2
vq27zp35j	2
vq27zp063	2
4j03d041z	2
pk02cd63s	2
9s1617683	2
bk128b82t	2
c7s75dc732	2
8c97kr789	2
8049g652b	2
9880vr63t	2
8049g671j	2
8c97kr550	2
8049g797w	2
cj9602064j	2
x059c824t	2
8c97kr037	2
2z10wq351	2
8c97kq49n	2
8c97kr91v	2
rb68xc160	2
db78tg042	2
z029p512p	2
fx719n514	2
79407z033	2
1n79h577j	2
x633f1200	2
c3484zh38h	2
ccn69m445t	2
c3484zh198	2
0z708x47h	2
fx719n70b	2
ctd96k2948	2
8c97kr58t	2
cj6731406m	2
s4655h213	2
p2676w68g	2
76537160f	2
mc87pr693	2
rn301422d	2
8c97kr76r	2
8c97kt56p	2
4f16c391x	2
cj38607172	2
s4655g65z	2
j098zd86g	2
c2v23vt43w	2
m326m214q	2
z029p599j	2
cng451h943	2
ccj82k7542	2
xp68kg99h	2
j9602123n	2
0r9673780	2
cwm117p28n	2
c8k71nh41s	2
gq67js397	2
jd473020r	2
9z9030893	2
n296wz501	2
cfj2362308	2
cjd472w75n	2
c3x816m78n	2
nv9353031	2
c3x816n01s	2
cp2676v74f	2
5x21tg240	2
ccc08hf770	2
c1r66j156c	2
5425k999s	2
08612n954	2
dj52w5519	2
c1r66j118w	2
8336h279s	2
cmk61rh49f	2
6d56zz12s	2
h702q6977	2
xp68kh12v	2
3j333479f	2
c3j333238k	2
0c483m85t	2
c9019s2537	2
c9z902z880	2
z603qx795	2
9g54xm59d	2
c70795766m	2
474299495	2
6t053h340	2
c3197xm47b	2
c3t945r07h	2
c3197xm255	2
c3x816n023	2
cn69m5558	2
fj236213p	2
c3n203z27x	2
c3n203z526	2
c3j333229m	2
c3r074t94d	2
c37720c78p	2
c3r074t97b	2
3n2040654	2
d791sh49g	2
7s75dg15t	2
pk02cc09s	2
s4655h990	2
cst74cq66z	2
chm50ts112	2
k3569471g	2
x346d697s	2
ff365566g	2
b2773w444	2
c9019s254j	2
cnp1939672	2
9p290b24s	2
00000118n	2
cvm40xr588	2
c9s161644j	2
1c18dg085	2
x346d544j	2
c9593tv584	2
gh93h213x	2
c9593tv59f	2
csx61dm56t	2
05741s864	2
cx346d424c	2
0p096936w	2
c4m90dv762	2
d791sg366	2
zs25x9530	2
czk51vh21k	2
bg257g02v	2
c6682x4185	2
c9880vr068	2
c9z903003p	2
bv73c158q	2
sf268793j	2
05741s31j	2
c4j03d0126	2
3f462621k	2
c9c67wn24x	2
c9019s294n	2
c9g54xh835	2
c9w032300b	2
c9s161666q	2
c9w032343c	2
3f462575p	2
3f462673b	2
nv935358m	2
chd76s0424	2
6h440s93z	2
5d86p043w	2
p5547r93v	2
cm900nt72t	2
3f4628296	2
3b591886z	2
76537260n	2
0k225c497	2
f7623c980	2
3b591885p	2
3b591938h	2
ctx31qh882	2
cq524jn94x	2
s1784k792	2
ks65hd821	2
cpz50gw21c	2
9593tx673	2
bz60cw50c	2
4x51hj48q	2
ccr56n117r	2
cpn89d687p	2
d217qp58s	2
cfq977t97s	2
w9505163c	2
c8049g535h	2
2z10wr70t	2
7s75dd48z	2
sn009z10p	2
jh343v99s	2
c247dt60c	2
ckw52j815b	2
3t945r361	2
qn59q432h	2
ctd96k2840	2
1v53jx133	2
4j03d0851	2
6h440s947	2
0p096815x	2
crf55z783d	2
qn59q4431	2
kd17cw53s	2
fj236359h	2
cpn89d692d	2
w0892b36r	2
m613n0170	2
jh343s940	2
n296x055s	2
5t34sj794	2
8336h226r	2
2v23vx45n	2
9593tx65j	2
zc77sq19f	2
5m60qs73x	2
s1784p53j	2
73666483h	2
r494vn87m	2
qz20ss776	2
cm039k5065	2
j6731498g	2
5d86p189q	2
8p58pf215	2
dn39x397n	2
c2227mp89r	2
jm214r72m	2
cz029p4761	2
6w924d01n	2
9z9030647	2
c2f75r826k	2
c2514nk742	2
x920fx687	2
rb68xc381	2
6m311q215	2
wd375w805	2
ns064728w	2
4m90dv89z	2
c2j62s514t	2
c2801pg568	2
c2j62s534c	2
pz50gz965	2
k3569454t	2
c76537162n	2
c2514nk72f	2
ng451j651	2
c2v23vt61t	2
8s45q8848	2
ft848q979	2
02870w344	2
5138jd99j	2
2514nm398	2
2514nk74n	2
j3860964t	2
zk51vj04h	2
f7623d88z	2
2514nm711	2
6108vc24j	2
6108vc62z	2
2514nm52t	2
qb98mf55t	2
2v23vx301	2
c821gj86k	2
05741s376	2
dj52w646n	2
cjh343s529	2
vx021f677	2
70795899c	2
1c18dh10d	2
1c18dh23g	2
df65v8423	2
73666724z	2
vh53ww47k	2
t435gf57b	2
gb19f6795	2
707958559	2
cvt150j247	2
05741s38g	2
j3860818h	2
05741r98q	2
2j62s591h	2
cmp48sc81j	2
bsj139200k	2
cw37637177	2
h128ng28r	2
5999n361k	2
c1c18df89q	2
n870zt762	2
0z708w924	2
70795776v	2
70795869n	2
cn69m485s	2
5999n467f	2
73666540x	2
s1784m780	2
70795843h	2
73666512r	2
73666490x	2
cgm80hv61d	2
4f16c354s	2
1831ck305	2
cf4752g84r	2
f7623c76z	2
ft848r151	2
3t945r59b	2
cx633f154b	2
td96k3352	2
gh93h0020	2
qf85nc095	2
6q182n96z	2
sn009z54r	2
cv979v316k	2
n009w2607	2
r207tq89r	2
f7623c96f	2
p5547s109	2
05741s65c	2
g158bh56v	2
m326m1889	2
g445cd784	2
7h149q68g	2
cf1881k93k	2
cf1881m38q	2
cfn106x983	2
bc386j481	2
4f16c5678	2
qz20ss66p	2
zw12z797h	2
qb98mg76s	2
zw12z804q	2
ct722h900n	2
cj098zb332	2
2j62s5533	2
c821gk95r	2
c6395w732q	2
c765371451	2
000000638	2
jm214p56t	2
37720g349	2
j9602330g	2
cfb4948839	2
cf7623c884	2
k930bz28q	2
cfj2362453	2
cff365541q	2
cfj236213n	2
cw95050787	2
c6h440s927	2
6w924f491	2
cfx719m50s	2
csx61dm31q	2
8623hz558	2
tq57ns47p	2
cvx021f37k	2
08612n822	2
3t945r069	2
jw827f05q	2
k643b256t	2
jh343s516	2
x920fz543	2
cnp1939438	2
8p58pf062	2
h128nh66c	2
cz890rt578	2
csq87bt62k	2
gh93h004j	2
08612r02r	2
nk322h02d	2
08612p69q	2
2801ph84b	2
79407z48f	2
q237hv82c	2
2801pk13s	2
gh93h216r	2
00000148c	2
79408096g	2
7p88cg922	2
5x21tg88j	2
b5644t129	2
c4j03cz94k	2
79407z26d	2
2801pk07n	2
3t945r78j	2
cgf06g299c	2
4t64gq68c	2
cx633f104z	2
cng451h559	2
6w924c68t	2
jh343t458	2
dj52w488r	2
4t64gq673	2
9k41zd85n	2
cws859f975	2
1831cj94h	2
6m311q657	2
czp38wc83b	2
xd07gv344	2
ff3655770	2
jh343s80n	2
cj098zb34c	2
df65v930h	2
6682x5436	2
7d278v38q	2
6682x652c	2
6m311p37v	2
7d278t54w	2
ckk91fk82b	2
7d278t76x	2
cr494vk37h	2
6682x5657	2
7d278v30h	2
4t64gn22b	2
7p88cg67q	2
c4f16c3005	2
x633f169f	2
c4f16c320q	2
4t64gn81h	2
d791sg83k	2
6682x5194	2
1g05fb930	2
x920fz65m	2
c4b29b602n	2
c4m90dv673	2
z316q211n	2
c41687h66j	2
w37638102	2
c4m90dv734	2
ckh04dq216	2
x920fz74k	2
sb397882c	2
mg74qm405	2
c4f16c3211	2
pv63g1711	2
rv042v112	2
cgh93gz69r	2
4q77fs318	2
c4b29b638b	2
cn583xv200	2
1n79h7281	2
cc821gk110	2
xw42nb738	2
hd76s0901	2
dv13zt526	2
c4x51hj53k	2
pc289j04q	2
37720d16z	2
7w62f914c	2
6395w8294	2
w9505185d	2
n870zr14n	2
6395w743r	2
b2773z57m	2
5t34sn53m	2
c4x51hj32q	2
c6t053g01f	2
cpc289j45x	2
m900nt438	2
c79407x557	2
c7w62f857w	2
gm80hw29g	2
c7h149q14p	2
c7w62f831g	2
5h73pw30w	2
c73666475q	2
ccv43nx25b	2
x633f269n	2
ckd17ct13d	2
c73666453j	2
c7s75dc69n	2
c7m01bk93g	2
m900nv494	2
c7d278t27r	2
c6108vb43w	2
cg732d932x	2
ckk91fk73c	2
ch415p9866	2
2v23vv172	2
mg74qp688	2
8k71nj503	2
db78tc17h	2
x920g070v	2
qf85nc362	2
db78tg02h	2
c8c97kq69j	2
c8623hx76r	2
db78tc744	2
w0892d65m	2
z603qz252	2
q237hv78s	2
db78tc31b	2
cz30pt82h	2
c8623hz05r	2
cmw22v554x	2
c8w32r604m	2
2f75r951h	2
v118rh15n	2
d791sg854	2
c8s45q908q	2
cv43nx33b	2
0z7090163	2
4j03d241c	2
c8910jv066	2
d791sg40s	2
pz50gx39b	2
c8w32r5730	2
dz010q480	2
1544bp42q	2
mk61rj00n	2
8336h250t	2
h415p993w	2
ww72bf15q	2
cmc87pq495	2
d791sh290	2
1n79h6047	2
02870w18r	2
gh93h062f	2
df65v943k	2
ft848r037	2
b0g354f20k	2
12579t625	2
9880vr775	2
9c67wn754	2
0z708x157	2
cws859f98g	2
cxp68kg46c	2
kw52j8929	2
ccc08hg02r	2
ks65hg11g	2
9c67wn576	2
2f75r925w	2
02870x200	2
rr171z84b	2
zs25x8738	2
jd472x116	2
cj82k842p	2
ccc08hf88k	2
47429974h	2
0g354g112	2
ccc08hf803	2
cv405s968f	2
76537267k	2
47429b041	2
pk02cb381	2
hq37vp83f	2
cvt150j69w	2
76537214j	2
ccf95jb913	2
t722hc57s	2
1g05fc39d	2
ckk91fk53t	2
9593tw23t	2
1g05fb76b	2
cc08hj10c	2
8k71nh558	2
cj098zb585	2
q237ht57t	2
7s75dg19x	2
ccn69m4464	2
ccr56n1468	2
mk61rj48t	2
ccr56n143b	2
ccv43nx05s	2
cc821gj928	2
cc534fp29m	2
rj4305185	2
1v53jx55m	2
p8418n60j	2
2f75r853v	2
c1z40kt198	2
d504rk69j	2
cs1784k96p	2
5x21tg66h	2
c1831cj94q	2
c1c18dg06t	2
b2773x008	2
th83m0359	2
2f75r9400	2
cv118rd78k	2
0k225b29j	2
c1v53jx283	2
2f75r8544	2
mk61rh31f	2
cxg94hp859	2
4f16c425j	2
td96k4226	2
c6t053g24x	2
rx913s69w	2
mk61rj26s	2
rf55zb44t	2
cpn89d7053	2
vm40xt14g	2
c6682x413m	2
cx059c7542	2
s7526c42w	2
cm900nt51z	2
c6h440s94v	2
mk61rj069	2
f4752g84d	2
mk61rk71t	2
f4752j24c	2
1j92g875g	2
c6h440s78j	2
s7526d71j	2
4f16c3862	2
cpg15bf363	2
5138jg255	2
cpg15bf16j	2
m900nt527	2
c1v53jx077	2
c6108vb55s	2
c1544bp39q	2
nz805z800	2
ns064709p	2
c6395w711v	2
n009w4936	2
mw22v793n	2
gm80hw022	2
cmg74qm46c	2
vm40xs60c	2
5138jg11t	2
m326m293c	2
n870zr17g	2
gq67jr44w	2
ws859f89n	2
vt150m842	2
br86b3944	2
jh343t55h	2
fn106z62p	2
jh343t43q	2
br86b487x	2
jh343t03r	2
cr494vk52h	2
jh343s88v	2
sj139331k	2
qb98mf50f	2
br86b4134	2
9z903119m	2
f4752h98z	2
f4752j28g	2
jh343t62x	2
zs25x955j	2
4m90dw364	2
ct435gd43j	2
9g54xj387	2
pn89d807q	2
jq085k76t	2
g445cf195	2
zc77sr40w	2
kk91fm22t	2
czp38wc62g	2
j96021299	2
w3763731m	2
cr781wg33d	2
dz010r019	2
g445cf72p	2
w37637093	2
kh04dq067	2
4m90dv529	2
m039k528t	2
hd76s071t	2
9s1619082	2
bv73c068r	2
cj82kb199	2
1r66j223g	2
bv73c182s	2
8s45q9861	2
j67314381	2
7m01bn04c	2
dr26xz94p	2
k0698b15h	2
1n79h5989	2
cvd66w003h	2
j67314313	2
cw0892b056	2
bg257f844	2
6m311q09w	2
cq237hr953	2
jw827c28m	2
m039k503z	2
np193b505	2
6m311p91n	2
7h149s695	2
cms35t8778	2
6m311q48k	2
z603r1208	2
z603qz715	2
csq87bt824	2
p5547s95m	2
m039k577r	2
cth83kz80p	2
qn59q542z	2
6q182m793	2
vd66w048s	2
xk81jk84c	2
ch128nf124	2
mw22v576k	2
v979v596m	2
np193b085	2
wh246s32r	2
1j92g901w	2
wh246v856	2
v979v413n	2
vd66w0492	2
cv43nz25v	2
kk91fp28w	2
vh53ww74g	2
dj52w625w	2
vh53wz046	2
8g84mm53g	2
pr76f412m	2
cv43nx88x	2
cvh53wv823	2
vh53wz071	2
cht24wj58z	2
cv979v313n	2
7w62f8676	2
np193983h	2
vh53ww850	2
cxw42n8118	2
6t053g12r	2
3n204185t	2
6t053g96s	2
dn39x158j	2
3n203z53z	2
p8418n933	2
cpn89d668f	2
kd17ct409	2
v979v597w	2
7w62f8986	2
2j62s577p	2
vh53ww44r	2
dn39x2434	2
cr56n172z	2
dn39x211v	2
h415pb10b	2
cj82kb13n	2
bz60cz929	2
k35695452	2
cjs956g24c	2
tm70mx98v	2
s7526d708	2
xd07gv20s	2
s7526c460	2
s7526d53m	2
k35695630	2
ks65hg07w	2
ng451m246	2
zw12z5973	2
nc580m941	2
fj2363544	2
j38608002	2
cvh53wv77c	2
cvm40xr794	2
j3860837q	2
2v23vt39w	2
rb68xc59s	2
fj2363323	2
cv118rf05z	2
cjq085k005	2
cvm40xr72z	2
st74cr27k	2
csn009z13r	2
x633f1065	2
dz010q900	2
j098zc16k	2
x633f181q	2
cnz805z90z	2
gm80hz059	2
cz30pt532	2
8p58pf41n	2
j098zb17n	2
dz010r001	2
cns0646273	2
sb3978856	2
8k71nj70k	2
mp48sd19p	2
mp48sd55j	2
1z40kt628	2
8k71nm08h	2
8p58pg87g	2
8k71nj44z	2
9593tv33v	2
nz806014s	2
m326m440r	2
9593tw58x	2
cpz50gw366	2
nz8060330	2
5q47rr345	2
ms35t968v	2
n296x020p	2
cw6634394d	2
vx021f56q	2
vx021g16z	2
tx31qj533	2
m900nv74g	2
n296wz587	2
vx021g134	2
xp68kh444	2
t148fj484	2
czk51vg98f	2
n296wz519	2
ms35t941f	2
qf85nf11m	2
gm80hw286	2
6w924d079	2
6w924c15s	2
qf85nc982	2
6w924f41t	2
ft848t145	2
mp48sg303	2
js956g74g	2
qf85nc426	2
ft848s25g	2
gm80hw111	2
fx719n57s	2
js956f87b	2
9g54xk243	2
0z708x48s	2
xd07gv42t	2
gf06g373r	2
5x21tg550	2
qz20sv03t	2
z029p5015	2
0z708w54q	2
ns0646175	2
cr207tp598	2
qz20sw031	2
0r967503b	2
0v838091s	2
3484zk68r	2
hq37vp62p	2
pc289k19j	2
3484zh83f	2
qz20ss96d	2
3484zj015	2
2r36tz867	2
0v8381180	2
q524jq15j	2
0r967637c	2
xp68kj98n	2
tx31qj665	2
cn69m5426	2
s4655k410	2
3r074v97j	2
cn69m5451	2
4x51hk517	2
cw37637149	2
4x51hk03k	2
ww72bc362	2
5m60qs51w	2
cnp1939494	2
cp2676v87n	2
8g84mn48t	2
x059c786m	2
wm117p47m	2
t722h8817	2
gb19f616w	2
x059c792r	2
5q47rp27b	2
qv33rx29h	2
cns064625g	2
pc289j734	2
cn583xv158	2
0g354f36q	2
cnz805z93w	2
cqn59q429p	2
t722h9759	2
t722hb373	2
r207tq09t	2
cnc580n03d	2
cnz805z87v	2
gh93h035j	2
ht24wj851	2
1g05fb98c	2
sn00b021k	2
h989r452k	2
1g05ff203	2
n870zs16d	2
n583xw46w	2
gh93gz85c	2
hx11xg162	2
n870zs421	2
gh93h215g	2
hd76s037h	2
n583xv59r	2
t435gd29z	2
h989r329k	2
cx633f139b	2
cz316q180k	2
cz603qx510	2
cs4655g59n	2
t435gg550	2
rr171z786	2
cr494vk21c	2
s1784m28s	2
pz50gw78t	2
2n49t271j	2
pn89d7466	2
2n49t2067	2
kk91fm86c	2
kk91fm276	2
cqr46r101s	2
pn89d698r	2
zc77sq958	2
kk91fn28p	2
8w32r575j	2
kh04dr22t	2
zc77sr09d	2
7m01bm109	2
2n49t266p	2
pz50gx81b	2
zc77ss65z	2
7m01bm818	2
7m01bm55n	2
hq37vp84q	2
z890rv13g	2
r781wh26x	2
z890rt60n	2
xk81jm88p	2
xk81jm14w	2
6h440t51n	2
hq37vn72q	2
kd17cs89j	2
mc87pq769	2
qb98mf70x	2
n009w369x	2
qb98mg35j	2
n009w309g	2
qb98mf91p	2
cr56n188v	2
xd07gt83v	2
cxg94hp86m	2
4t64gp510	2
st74cr08c	2
crj4304691	2
nk322f594	2
cr56n1559	2
nk322d89n	2
4j03d087k	2
h128nh717	2
q524jn78d	2
ch415pb020	2
st74cr06t	2
sf268595p	2
jd473023k	2
x920fx865	2
q524jp35t	2
h128nh653	2
sf2685578	2
q524jp37c	2
1v53jx28q	2
tm70mv60h	2
3r074v75h	2
mg74qm77t	2
1g05fb77m	2
mg74qm58m	2
p8418n27h	2
h702q764w	2
mg74qm19x	2
mg74qn23q	2
h415pb61t	2
tm70mv45d	2
mg74qp72v	2
p8418p875	2
p8418r46b	2
p8418p39h	2
ctd96k2545	2
rn3011585	2
wp988m00d	2
cw95050623	2
q237hs07d	2
v118rd878	2
m613n127f	2
m613mz23r	2
m613n003n	2
cr781wg28p	2
m613n000t	2
pv63g1843	2
pv63g078r	2
rn301219p	2
w0892b303	2
td96k3220	2
ct148fh16h	2
2z10wr047	2
2z10wr32d	2
td96k4162	2
td96k336b	2
9k41zd591	2
2z10wq61n	2
g158bh859	2
rx913q03c	2
w0892c35p	2
bn999807z	2
bn999809h	2
td96k278n	2
2z10wr60k	2
g158bj19x	2
td96k539k	2
p2676w15f	2
s1784p464	2
xw42n805q	2
xw42n791k	2
7s75dd632	2
ng451h69x	2
s1784m21v	2
p2676w66x	2
x346d457d	2
xg94hq84b	2
p2676v69j	2
p2676w277	2
p2676w790	2
s1784m67g	2
sq87bv84z	2
cw9505076m	2
nc580n61p	2
4j03d084r	2
gf06g311r	2
sj139469q	2
hh63sw74q	2
k643b209f	2
qj72p821p	2
gf06g2885	2
mc87pq91d	2
mc87pr43z	2
4j03cz833	2
sj139471r	2
rj430621p	2
mc87pr846	2
t148fj416	2
3x816m957	2
jm214q15s	2
jm214q294	2
k06987717	2
cgm80hv55c	2
hm50ts86r	2
fq977w22d	2
1j92g805s	2
6h440t668	2
9w032338d	2
vt150k37g	2
hm50ts447	2
hm50tt02x	2
h415pb94c	2
vt150k33c	2
vt150m83s	2
dj52w5234	2
h415pd31h	2
hm50tt08k	2
vq27zn79d	2
cmk61rh26z	2
fq977w346	2
ch702q653k	2
ctb09j5955	2
ct435gd188	2
cht24wj66m	2
ctm70mv18c	2
chm50tr911	2
cht24wj48p	2
cg158bh51w	2
chd76s0274	2
ch128nf08q	2
ch415p984k	2
cgh93gz707	2
cks65hc47n	2
cgb19f584d	2
ck3569456n	2
ck930bx201	2
cw3763683p	2
ckh04dp91w	2
cgt54kn304	2
cgh93gz86c	2
ctb09j597s	2
cs4655g829	2
cmp48sd08r	2
cm900nt495	2
cmk61rh484	2
cw9505070r	2
cw9505048d	2
cs1784k93r	2
cs4655g632	2
ctt44pn28h	2
cmk61rh46h	2
cwd375w675	2
csq87bt75s	2
cw0892b10x	2
cpk02cb19m	2
cpv63g068q	2
cpn89d686c	2
cxk81jk413	2
cpz50gw37h	2
cpz50gw38t	2
cpk02c984r	2
cxs55mc47t	2
cqb98mf50q	2
cq524jp03c	2
cq237hs17r	2
cq524jp022	2
cx920fx24f	2
csn009x97z	2
cqv33rw670	2
cxd07gs71c	2
cq811kk12g	2
cxp68kg43f	2
cq524jp01r	2
