<?xml version="1.0"?>
<collection xmlns="http://www.loc.gov/MARC21/slim">
  <record>
    <leader>01829nam a2200481Ii 4500</leader>
    <controlfield tag="001">basicbusiness2000albe_2</controlfield>
    <controlfield tag="003">CaSfIA</controlfield>
    <controlfield tag="005">20160212164358.0</controlfield>
    <controlfield tag="007">cr||||||||||||</controlfield>
    <controlfield tag="008">150325t19911992abc          s000 0 eng d</controlfield>
    <datafield tag="020" ind1=" " ind2=" ">
      <subfield code="a">0774104988</subfield>
    </datafield>
    <datafield tag="020" ind1=" " ind2=" ">
      <subfield code="a">9780774104982</subfield>
    </datafield>
    <datafield tag="020" ind1=" " ind2=" ">
      <subfield code="a">0774105100</subfield>
    </datafield>
    <datafield tag="020" ind1=" " ind2=" ">
      <subfield code="a">9780774105101</subfield>
    </datafield>
    <datafield tag="020" ind1=" " ind2=" ">
      <subfield code="a">0774105127</subfield>
    </datafield>
    <datafield tag="020" ind1=" " ind2=" ">
      <subfield code="a">9780774105125</subfield>
    </datafield>
    <datafield tag="020" ind1=" " ind2=" ">
      <subfield code="a">0774105003</subfield>
    </datafield>
    <datafield tag="020" ind1=" " ind2=" ">
      <subfield code="a">9780774105002</subfield>
    </datafield>
    <datafield tag="035" ind1=" " ind2=" ">
      <subfield code="a">ocm26852103</subfield>
    </datafield>
    <datafield tag="040" ind1=" " ind2=" ">
      <subfield code="a">AEU</subfield>
      <subfield code="b">eng</subfield>
      <subfield code="e">rda</subfield>
      <subfield code="c">LTSCA</subfield>
      <subfield code="d">LTSCA</subfield>
      <subfield code="d">CaSfIA</subfield>
    </datafield>
    <datafield tag="050" ind1=" " ind2="4">
      <subfield code="a">HF1134.3</subfield>
      <subfield code="b">.B372 1991</subfield>
    </datafield>
    <datafield tag="090" ind1=" " ind2=" ">
      <subfield code="a">HF 1134.3 B372 1991</subfield>
      <subfield code="b">AEU</subfield>
    </datafield>
    <datafield tag="245" ind1="0" ind2="0">
      <subfield code="a">Basic business 20 /</subfield>
      <subfield code="h">[electronic resource] </subfield>
      <subfield code="c">Alberta Education.</subfield>
    </datafield>
    <datafield tag="250" ind1=" " ind2=" ">
      <subfield code="a">First edition.</subfield>
    </datafield>
    <datafield tag="264" ind1=" " ind2="1">
      <subfield code="a">Edmonton, Alberta :</subfield>
      <subfield code="b">Alberta Distance Learning Centre,</subfield>
      <subfield code="c">1991.</subfield>
    </datafield>
    <datafield tag="264" ind1=" " ind2="4">
      <subfield code="c">&#xA9;1992.</subfield>
    </datafield>
    <datafield tag="300" ind1=" " ind2=" ">
      <subfield code="a">4 volumes ;</subfield>
      <subfield code="c">28 cm</subfield>
    </datafield>
    <datafield tag="336" ind1=" " ind2=" ">
      <subfield code="a">text</subfield>
      <subfield code="b">txt</subfield>
      <subfield code="2">rdacontent</subfield>
    </datafield>
    <datafield tag="337" ind1=" " ind2=" ">
      <subfield code="a">unmediated</subfield>
      <subfield code="b">n</subfield>
      <subfield code="2">rdamedia</subfield>
    </datafield>
    <datafield tag="338" ind1=" " ind2=" ">
      <subfield code="a">volume</subfield>
      <subfield code="b">nc</subfield>
      <subfield code="2">rdacarrier</subfield>
    </datafield>
    <datafield tag="505" ind1="0" ind2=" ">
      <subfield code="a">Module 1. Canadian business--Module 2. Consumer credit--Module 3. Insurance--Module 1-3 learning facilitator's manual.</subfield>
    </datafield>
    <datafield tag="590" ind1=" " ind2=" ">
      <subfield code="a">Approved for use in Alberta schools.</subfield>
    </datafield>
    <datafield tag="596" ind1=" " ind2=" ">
      <subfield code="a">38</subfield>
    </datafield>
    <datafield tag="650" ind1=" " ind2="0">
      <subfield code="a">Business enterprises</subfield>
      <subfield code="z">Canada</subfield>
      <subfield code="v">Programmed instruction.</subfield>
    </datafield>
    <datafield tag="710" ind1="1" ind2=" ">
      <subfield code="a">Alberta.</subfield>
      <subfield code="b">Alberta Education.</subfield>
      <subfield code="b">Alberta Distance Learning Centre.</subfield>
    </datafield>
    <datafield tag="710" ind1="1" ind2=" ">
      <subfield code="a">Alberta.</subfield>
      <subfield code="b">Alberta Education.</subfield>
    </datafield>
    <datafield tag="856" ind1="4" ind2="1">
      <subfield code="u">http://archive.org/details/basicbusiness2000albe_2</subfield>
      <subfield code="z">Free eBook from the Internet Archive</subfield>
    </datafield>
  </record>
</collection>
