<?xml version="1.0" encoding="UTF-8"?>
<record xmlns="http://www.loc.gov/MARC21/slim">
  <leader>00938cam a22003011a 4500</leader>
  <controlfield tag="001">biology10203084albe</controlfield>
  <controlfield tag="003">CaSfIA</controlfield>
  <controlfield tag="005">20151008010651.0</controlfield>
  <controlfield tag="007">cr||||||||||||</controlfield>
  <controlfield tag="008">850412s1984    abca     b   s      eng c</controlfield>
  <datafield tag="035" ind1=" " ind2=" ">
    <subfield code="a">ocn462010145</subfield>
  </datafield>
  <datafield tag="040" ind1=" " ind2=" ">
    <subfield code="b">eng</subfield>
    <subfield code="d">CaSfIA</subfield>
  </datafield>
  <datafield tag="043" ind1=" " ind2=" ">
    <subfield code="a">n-cn-ab</subfield>
  </datafield>
  <datafield tag="049" ind1=" " ind2=" ">
    <subfield code="a">AEU</subfield>
    <subfield code="b">eng</subfield>
  </datafield>
  <datafield tag="055" ind1=" " ind2="4">
    <subfield code="a">QH 315.5</subfield>
  </datafield>
  <datafield tag="090" ind1="0" ind2=" ">
    <subfield code="a">QH 315.5 A33 1984</subfield>
    <subfield code="b">CH</subfield>
  </datafield>
  <datafield tag="090" ind1="0" ind2=" ">
    <subfield code="a">QH 315.5 A33 1984</subfield>
    <subfield code="b">CE</subfield>
  </datafield>
  <datafield tag="110" ind1="2" ind2="0">
    <subfield code="a">Alberta.</subfield>
    <subfield code="b">Curriculum Branch.</subfield>
  </datafield>
  <datafield tag="245" ind1="0" ind2="0">
    <subfield code="a">Biology 10-20-30.</subfield>
    <subfield code="h">[electronic resource] </subfield>
  </datafield>
  <datafield tag="260" ind1="0" ind2=" ">
    <subfield code="a">[Edmonton] :</subfield>
    <subfield code="b">Alberta Education,</subfield>
    <subfield code="c">1984.</subfield>
  </datafield>
  <datafield tag="300" ind1=" " ind2=" ">
    <subfield code="a">69 p. :</subfield>
    <subfield code="b">ill. ;</subfield>
    <subfield code="c">28 cm.</subfield>
  </datafield>
  <datafield tag="490" ind1="1" ind2=" ">
    <subfield code="a">[Alberta curriculum guides]</subfield>
  </datafield>
  <datafield tag="504" ind1=" " ind2=" ">
    <subfield code="a">Bibliography: p. 13.</subfield>
  </datafield>
  <datafield tag="590" ind1=" " ind2=" ">
    <subfield code="a">Also available on fiche (ED 261 907) in MAIN.</subfield>
  </datafield>
  <datafield tag="596" ind1=" " ind2=" ">
    <subfield code="a">38 41</subfield>
  </datafield>
  <datafield tag="650" ind1=" " ind2="0">
    <subfield code="a">Education</subfield>
    <subfield code="z">Alberta</subfield>
    <subfield code="x">Curricula.</subfield>
  </datafield>
  <datafield tag="650" ind1=" " ind2="4">
    <subfield code="a">Biology</subfield>
    <subfield code="x">Outlines, syllabi, etc.</subfield>
    <subfield code="z">Alberta.</subfield>
  </datafield>
  <datafield tag="830" ind1=" " ind2="0">
    <subfield code="a">Alberta curriculum guides.</subfield>
  </datafield>
  <datafield tag="039" ind1="0" ind2=" ">
    <subfield code="f">hd</subfield>
  </datafield>
  <datafield tag="856" ind1="4" ind2="1">
    <subfield code="u">http://archive.org/details/biology10203084albe</subfield>
    <subfield code="z">Free eBook from the Internet Archive</subfield>
  </datafield>
  <datafield tag="856" ind1="4" ind2="2">
    <subfield code="u">http://www.openlibrary.org/books/OL25519274M</subfield>
    <subfield code="z">Additional information and access via Open Library</subfield>
  </datafield>
</record>
