<?xml version="1.0" encoding="UTF-8"?>
<record xmlns="http://www.loc.gov/MARC21/slim">
  <leader>00953cam a2200277 a 4500</leader>
  <controlfield tag="001">biology2030program92albe</controlfield>
  <controlfield tag="003">CaSfIA</controlfield>
  <controlfield tag="005">20151008010651.0</controlfield>
  <controlfield tag="007">cr||||||||||||</controlfield>
  <controlfield tag="008">920706s1992    abc          s      eng c</controlfield>
  <datafield tag="035" ind1=" " ind2=" ">
    <subfield code="a">ocm70311434</subfield>
  </datafield>
  <datafield tag="040" ind1=" " ind2=" ">
    <subfield code="b">eng</subfield>
    <subfield code="d">CaSfIA</subfield>
  </datafield>
  <datafield tag="043" ind1=" " ind2=" ">
    <subfield code="a">n-cn-ab</subfield>
  </datafield>
  <datafield tag="049" ind1=" " ind2=" ">
    <subfield code="a">AEU</subfield>
    <subfield code="b">eng</subfield>
  </datafield>
  <datafield tag="055" ind1=" " ind2="3">
    <subfield code="a">QH 315.5</subfield>
    <subfield code="b">A33 1992 gr.11-12</subfield>
  </datafield>
  <datafield tag="090" ind1="0" ind2=" ">
    <subfield code="a">QH 315.5 A33 1992 gr.11-12</subfield>
  </datafield>
  <datafield tag="245" ind1="0" ind2="0">
    <subfield code="a">Biology 20-30 program of studies.</subfield>
    <subfield code="h">[electronic resource] </subfield>
  </datafield>
  <datafield tag="250" ind1=" " ind2=" ">
    <subfield code="a">Field validation draft.</subfield>
  </datafield>
  <datafield tag="260" ind1=" " ind2=" ">
    <subfield code="a">[Edmonton :</subfield>
    <subfield code="b">Alberta Education,</subfield>
    <subfield code="c">1992]</subfield>
  </datafield>
  <datafield tag="300" ind1=" " ind2=" ">
    <subfield code="a">48 p. ;</subfield>
    <subfield code="c">28 cm.</subfield>
  </datafield>
  <datafield tag="490" ind1="1" ind2=" ">
    <subfield code="a">[Alberta curriculum guides]</subfield>
  </datafield>
  <datafield tag="500" ind1=" " ind2=" ">
    <subfield code="a">"This document is a field validation draft, being used to prepare support material and to validate the program of studies".</subfield>
  </datafield>
  <datafield tag="596" ind1=" " ind2=" ">
    <subfield code="a">41</subfield>
  </datafield>
  <datafield tag="650" ind1=" " ind2="4">
    <subfield code="a">Biology</subfield>
    <subfield code="x">Outlines, syllabi, etc.</subfield>
    <subfield code="z">Alberta.</subfield>
  </datafield>
  <datafield tag="650" ind1=" " ind2="0">
    <subfield code="a">Education</subfield>
    <subfield code="z">Alberta</subfield>
    <subfield code="x">Curricula.</subfield>
  </datafield>
  <datafield tag="710" ind1="1" ind2="0">
    <subfield code="a">Alberta.</subfield>
    <subfield code="b">Alberta Education.</subfield>
  </datafield>
  <datafield tag="830" ind1=" " ind2="0">
    <subfield code="a">Alberta curriculum guides.</subfield>
  </datafield>
  <datafield tag="039" ind1="0" ind2=" ">
    <subfield code="f">vj</subfield>
  </datafield>
  <datafield tag="856" ind1="4" ind2="1">
    <subfield code="u">http://archive.org/details/biology2030program92albe</subfield>
    <subfield code="z">Free eBook from the Internet Archive</subfield>
  </datafield>
  <datafield tag="856" ind1="4" ind2="2">
    <subfield code="u">http://www.openlibrary.org/books/OL25485170M</subfield>
    <subfield code="z">Additional information and access via Open Library</subfield>
  </datafield>
</record>
