<?xml version="1.0" encoding="UTF-8"?>
<record xmlns="http://www.loc.gov/MARC21/slim">
  <leader>01113nam a2200313 a 4500</leader>
  <controlfield tag="001">chemistry2030progr93albe</controlfield>
  <controlfield tag="003">CaSfIA</controlfield>
  <controlfield tag="005">20151008010651.0</controlfield>
  <controlfield tag="007">cr||||||||||||</controlfield>
  <controlfield tag="008">930706s1993    abc    l     s      eng c</controlfield>
  <datafield tag="035" ind1=" " ind2=" ">
    <subfield code="a">ocm28849080</subfield>
  </datafield>
  <datafield tag="040" ind1=" " ind2=" ">
    <subfield code="b">eng</subfield>
    <subfield code="d">CaSfIA</subfield>
  </datafield>
  <datafield tag="043" ind1=" " ind2=" ">
    <subfield code="a">n-cn-ab</subfield>
  </datafield>
  <datafield tag="049" ind1=" " ind2=" ">
    <subfield code="a">AEU</subfield>
    <subfield code="b">eng</subfield>
  </datafield>
  <datafield tag="055" ind1=" " ind2="3">
    <subfield code="a">QD 41</subfield>
    <subfield code="b">A316 1993 gr.11-12</subfield>
  </datafield>
  <datafield tag="090" ind1="0" ind2=" ">
    <subfield code="a">QD 41 A316 1993 gr.11-12</subfield>
  </datafield>
  <datafield tag="245" ind1="0" ind2="0">
    <subfield code="a">Chemistry 20-30, program of studies.</subfield>
    <subfield code="h">[electronic resource] </subfield>
  </datafield>
  <datafield tag="260" ind1=" " ind2=" ">
    <subfield code="a">[Edmonton] :</subfield>
    <subfield code="b">Alberta Education, Curriculum Branch,</subfield>
    <subfield code="c">[1993]</subfield>
  </datafield>
  <datafield tag="300" ind1=" " ind2=" ">
    <subfield code="a">45 p. ;</subfield>
    <subfield code="c">28 cm.</subfield>
  </datafield>
  <datafield tag="490" ind1="1" ind2=" ">
    <subfield code="a">[Alberta curriculum guides]</subfield>
  </datafield>
  <datafield tag="500" ind1=" " ind2=" ">
    <subfield code="a">Cover title.</subfield>
  </datafield>
  <datafield tag="505" ind1="0" ind2=" ">
    <subfield code="a">Chemistry 20 (Senior high, interim 1993) -- Chemistry 30 (Senior high, draft 1993).</subfield>
  </datafield>
  <datafield tag="596" ind1=" " ind2=" ">
    <subfield code="a">38 41</subfield>
  </datafield>
  <datafield tag="650" ind1=" " ind2="4">
    <subfield code="a">Chemistry</subfield>
    <subfield code="x">Outlines, syllabi, etc.</subfield>
    <subfield code="z">Alberta.</subfield>
  </datafield>
  <datafield tag="650" ind1=" " ind2="0">
    <subfield code="a">Education</subfield>
    <subfield code="z">Alberta</subfield>
    <subfield code="x">Curricula.</subfield>
  </datafield>
  <datafield tag="710" ind1="1" ind2="0">
    <subfield code="a">Alberta.</subfield>
    <subfield code="b">Dept. of Education.</subfield>
  </datafield>
  <datafield tag="740" ind1="0" ind2="1">
    <subfield code="a">Chemistry 20 (Senior high, interim 1993).</subfield>
  </datafield>
  <datafield tag="740" ind1="0" ind2="1">
    <subfield code="a">Chemistry 30 (Senior high, draft 1993).</subfield>
  </datafield>
  <datafield tag="830" ind1=" " ind2="0">
    <subfield code="a">Alberta curriculum guides.</subfield>
  </datafield>
  <datafield tag="039" ind1="0" ind2=" ">
    <subfield code="f">mmu</subfield>
  </datafield>
  <datafield tag="856" ind1="4" ind2="1">
    <subfield code="u">http://archive.org/details/chemistry2030progr93albe</subfield>
    <subfield code="z">Free eBook from the Internet Archive</subfield>
  </datafield>
  <datafield tag="856" ind1="4" ind2="2">
    <subfield code="u">http://www.openlibrary.org/books/OL25499275M</subfield>
    <subfield code="z">Additional information and access via Open Library</subfield>
  </datafield>
</record>
