<?xml version="1.0"?>
<record xmlns="http://www.loc.gov/MARC21/slim">
  <leader>02524cam a2200553   4500</leader>
  <controlfield tag="001">commoncurriculum00albe_0</controlfield>
  <controlfield tag="003">CaSfIA</controlfield>
  <controlfield tag="005">20151008010651.0</controlfield>
  <controlfield tag="007">cr||||||||||||</controlfield>
  <controlfield tag="008">960711s1998    abc          s    0 eng d</controlfield>
  <datafield tag="020" ind1=" " ind2=" ">
    <subfield code="a">0771121008 (paper)</subfield>
  </datafield>
  <datafield tag="035" ind1=" " ind2=" ">
    <subfield code="a">ocn462759901</subfield>
  </datafield>
  <datafield tag="040" ind1=" " ind2=" ">
    <subfield code="a">AEE</subfield>
    <subfield code="b">eng</subfield>
    <subfield code="d">ARDC</subfield>
    <subfield code="d">CaSfIA</subfield>
  </datafield>
  <datafield tag="055" ind1=" " ind2="4">
    <subfield code="a">PE1113</subfield>
    <subfield code="b">C734</subfield>
  </datafield>
  <datafield tag="090" ind1=" " ind2=" ">
    <subfield code="a">PE 1113 C66 1998 gr.K-12</subfield>
    <subfield code="b">AEU</subfield>
  </datafield>
  <datafield tag="090" ind1=" " ind2=" ">
    <subfield code="a">PE 1113 .C66 1998</subfield>
    <subfield code="b">GPRC</subfield>
  </datafield>
  <datafield tag="090" ind1=" " ind2=" ">
    <subfield code="a">375 ALB Eng. K-12</subfield>
    <subfield code="b">ACHCU</subfield>
  </datafield>
  <datafield tag="090" ind1="0" ind2=" ">
    <subfield code="a">Internet Access</subfield>
    <subfield code="b">AEC</subfield>
  </datafield>
  <datafield tag="090" ind1=" " ind2=" ">
    <subfield code="a">PE 1113 C734 1998</subfield>
    <subfield code="b">AEE</subfield>
  </datafield>
  <datafield tag="090" ind1="0" ind2=" ">
    <subfield code="a">PE 1113 C65 1998 gr. K-12</subfield>
    <subfield code="b">AEKC</subfield>
  </datafield>
  <datafield tag="090" ind1=" " ind2=" ">
    <subfield code="a">DISTANCE</subfield>
    <subfield code="b">AEGMCT</subfield>
  </datafield>
  <datafield tag="245" ind1="0" ind2="4">
    <subfield code="a">The common curriculum framework for English language arts, kindergarten to grade 12 :</subfield>
    <subfield code="h">[electronic resource] </subfield>
    <subfield code="b">Western Canadian Protocol for Collaboration in Basic Education.</subfield>
  </datafield>
  <datafield tag="260" ind1=" " ind2=" ">
    <subfield code="a">[Alberta :</subfield>
    <subfield code="b">Alberta Education],</subfield>
    <subfield code="c">c1998.</subfield>
  </datafield>
  <datafield tag="300" ind1=" " ind2=" ">
    <subfield code="a">vii, 123 p. :</subfield>
    <subfield code="b">ill. ;</subfield>
    <subfield code="c">22 cm. x 35 cm.</subfield>
  </datafield>
  <datafield tag="336" ind1=" " ind2=" ">
    <subfield code="a">text</subfield>
    <subfield code="b">txt</subfield>
    <subfield code="2">rdacontent</subfield>
  </datafield>
  <datafield tag="337" ind1=" " ind2=" ">
    <subfield code="a">unmediated</subfield>
    <subfield code="b">n</subfield>
    <subfield code="2">rdamedia</subfield>
  </datafield>
  <datafield tag="338" ind1=" " ind2=" ">
    <subfield code="a">volume</subfield>
    <subfield code="b">nc</subfield>
    <subfield code="2">rdacarrier</subfield>
  </datafield>
  <datafield tag="490" ind1="1" ind2=" ">
    <subfield code="a">Alberta curriculum guides.</subfield>
  </datafield>
  <datafield tag="596" ind1=" " ind2=" ">
    <subfield code="a">2 21 23 28 29 31 38 41</subfield>
  </datafield>
  <datafield tag="650" ind1=" " ind2="0">
    <subfield code="a">Language arts</subfield>
    <subfield code="z">Alberta</subfield>
    <subfield code="v">Handbooks, manuals, etc.</subfield>
  </datafield>
  <datafield tag="650" ind1=" " ind2="0">
    <subfield code="a">Language arts</subfield>
    <subfield code="z">British Columbia</subfield>
    <subfield code="v">Handbooks, manuals, etc.</subfield>
  </datafield>
  <datafield tag="650" ind1=" " ind2="0">
    <subfield code="a">Language arts</subfield>
    <subfield code="z">Saskatchewan</subfield>
    <subfield code="v">Handbooks, manuals, etc.</subfield>
  </datafield>
  <datafield tag="650" ind1=" " ind2="0">
    <subfield code="a">Language arts</subfield>
    <subfield code="z">Manitoba</subfield>
    <subfield code="v">Handbooks, manuals, etc.</subfield>
  </datafield>
  <datafield tag="650" ind1=" " ind2="0">
    <subfield code="a">Language arts</subfield>
    <subfield code="z">Northwest Territories</subfield>
    <subfield code="v">Handbooks, manuals, etc.</subfield>
  </datafield>
  <datafield tag="650" ind1=" " ind2="0">
    <subfield code="a">Language arts</subfield>
    <subfield code="z">Yukon Territory</subfield>
    <subfield code="v">Handbooks, manuals, etc.</subfield>
  </datafield>
  <datafield tag="650" ind1=" " ind2="0">
    <subfield code="a">Language arts</subfield>
    <subfield code="v">Curricula.</subfield>
  </datafield>
  <datafield tag="710" ind1="1" ind2=" ">
    <subfield code="a">Alberta.</subfield>
    <subfield code="b">Alberta Education.</subfield>
  </datafield>
  <datafield tag="740" ind1="0" ind2=" ">
    <subfield code="a">Western Canadian Protocol for Collaboration in Basic Education.</subfield>
  </datafield>
  <datafield tag="740" ind1="0" ind2=" ">
    <subfield code="a">English language arts, kindergarten to grade 12.</subfield>
  </datafield>
  <datafield tag="830" ind1=" " ind2="0">
    <subfield code="a">Alberta curriculum guides.</subfield>
  </datafield>
  <datafield tag="856" ind1="4" ind2="0">
    <subfield code="3">Free Access</subfield>
    <subfield code="u">http://wncp.ca/ela/wcpla.pdf</subfield>
  </datafield>
  <datafield tag="856" ind1="4" ind2="1">
    <subfield code="u">http://archive.org/details/commoncurriculum00albe_0</subfield>
    <subfield code="z">Free eBook from the Internet Archive</subfield>
  </datafield>
</record>
