<?xml version="1.0"?>
<record xmlns="http://www.loc.gov/MARC21/slim">
  <leader>01685cam a2200433 a 4500</leader>
  <controlfield tag="001">coursdeconnaissa00albe</controlfield>
  <controlfield tag="003">CaSfIA</controlfield>
  <controlfield tag="005">20160407153544.0</controlfield>
  <controlfield tag="007">cr||||||||||||</controlfield>
  <controlfield tag="008">060608s2006    abca     b   s000 0 fre d</controlfield>
  <datafield tag="020" ind1=" " ind2=" ">
    <subfield code="a">0778543064</subfield>
  </datafield>
  <datafield tag="035" ind1=" " ind2=" ">
    <subfield code="a">ocm70079096</subfield>
  </datafield>
  <datafield tag="040" ind1=" " ind2=" ">
    <subfield code="a">AEUSJ</subfield>
    <subfield code="b">fre</subfield>
    <subfield code="c">AEUSJ</subfield>
    <subfield code="d">CaSfIA</subfield>
  </datafield>
  <datafield tag="049" ind1=" " ind2=" ">
    <subfield code="a">UABA</subfield>
  </datafield>
  <datafield tag="050" ind1=" " ind2="4">
    <subfield code="a">LC1037.8.C22</subfield>
    <subfield code="b">A33 2006</subfield>
  </datafield>
  <datafield tag="090" ind1=" " ind2=" ">
    <subfield code="a">LC 1037.8 C22 A33 2006</subfield>
    <subfield code="b">AEUSJ</subfield>
  </datafield>
  <datafield tag="245" ind1="0" ind2="0">
    <subfield code="a">Cours de connaissances et employabilit&#xE9; 16-26-36 :</subfield>
    <subfield code="h">[electronic resource] </subfield>
    <subfield code="b">projets d'int&#xE9;gration des mati&#xE8;res 16.</subfield>
  </datafield>
  <datafield tag="260" ind1=" " ind2=" ">
    <subfield code="a">Edmonton :</subfield>
    <subfield code="b">Alberta Education, Direction de l'&#xE9;ducation fran&#xE7;aise,</subfield>
    <subfield code="c">2006.</subfield>
  </datafield>
  <datafield tag="300" ind1=" " ind2=" ">
    <subfield code="a">i, 53, i, 60 p. :</subfield>
    <subfield code="b">ill. (certaines en coul.) ;</subfield>
    <subfield code="c">28 cm.</subfield>
  </datafield>
  <datafield tag="336" ind1=" " ind2=" ">
    <subfield code="a">text</subfield>
    <subfield code="b">txt</subfield>
    <subfield code="2">rdacontent</subfield>
  </datafield>
  <datafield tag="337" ind1=" " ind2=" ">
    <subfield code="a">unmediated</subfield>
    <subfield code="b">n</subfield>
    <subfield code="2">rdamedia</subfield>
  </datafield>
  <datafield tag="338" ind1=" " ind2=" ">
    <subfield code="a">volume</subfield>
    <subfield code="b">nc</subfield>
    <subfield code="2">rdacarrier</subfield>
  </datafield>
  <datafield tag="504" ind1=" " ind2=" ">
    <subfield code="a">Comprend des r&#xE9;f. bibliogr.</subfield>
  </datafield>
  <datafield tag="505" ind1="0" ind2=" ">
    <subfield code="a">Le pouvoir des m&#xE9;dias -- Je m'implique : l'activit&#xE9; physique, c'est fantastique!</subfield>
  </datafield>
  <datafield tag="590" ind1=" " ind2=" ">
    <subfield code="a">Approved for use in Alberta schools.</subfield>
  </datafield>
  <datafield tag="596" ind1=" " ind2=" ">
    <subfield code="a">39</subfield>
  </datafield>
  <datafield tag="650" ind1=" " ind2="6">
    <subfield code="a">Pr&#xE9;paration &#xE0; une carri&#xE8;re</subfield>
    <subfield code="z">Alberta.</subfield>
  </datafield>
  <datafield tag="650" ind1=" " ind2="6">
    <subfield code="a">Habilet&#xE9;s de base</subfield>
    <subfield code="v">Probl&#xE8;mes et exercices.</subfield>
  </datafield>
  <datafield tag="650" ind1=" " ind2="6">
    <subfield code="a">&#xC9;ducation aux m&#xE9;dias.</subfield>
  </datafield>
  <datafield tag="650" ind1=" " ind2="6">
    <subfield code="a">&#xC9;ducation physique.</subfield>
  </datafield>
  <datafield tag="650" ind1=" " ind2="6">
    <subfield code="a">Interdisciplinarit&#xE9; en &#xE9;ducation.</subfield>
  </datafield>
  <datafield tag="710" ind1="1" ind2=" ">
    <subfield code="a">Alberta.</subfield>
    <subfield code="b">Direction de l'&#xE9;ducation fran&#xE7;aise.</subfield>
  </datafield>
  <datafield tag="740" ind1="3" ind2="2">
    <subfield code="a">Le pouvoir des m&#xE9;dias.</subfield>
  </datafield>
  <datafield tag="740" ind1="0" ind2="2">
    <subfield code="a">Je m'implique, l'activit&#xE9; physique, c'est fantastique!</subfield>
  </datafield>
  <datafield tag="856" ind1="4" ind2="1">
    <subfield code="u">http://archive.org/details/coursdeconnaissa00albe</subfield>
    <subfield code="z">Free eBook from the Internet Archive</subfield>
  </datafield>
</record>
