<?xml version="1.0"?>
<record xmlns="http://www.loc.gov/MARC21/slim">
  <leader>01388cam a2200397 a 4500</leader>
  <controlfield tag="001">franais202cahier00albe</controlfield>
  <controlfield tag="003">CaSfIA</controlfield>
  <controlfield tag="005">20160407153711.0</controlfield>
  <controlfield tag="007">cr||||||||||||</controlfield>
  <controlfield tag="008">050224s2004    abca         s000 0 fre  </controlfield>
  <datafield tag="016" ind1=" " ind2=" ">
    <subfield code="a">20058018018</subfield>
  </datafield>
  <datafield tag="020" ind1=" " ind2=" ">
    <subfield code="a">0778537773</subfield>
  </datafield>
  <datafield tag="035" ind1=" " ind2=" ">
    <subfield code="a">ocm59338203</subfield>
  </datafield>
  <datafield tag="040" ind1=" " ind2=" ">
    <subfield code="a">NLC</subfield>
    <subfield code="b">fre</subfield>
    <subfield code="c">NLC</subfield>
    <subfield code="d">AEUSJ</subfield>
    <subfield code="d">CaSfIA</subfield>
  </datafield>
  <datafield tag="043" ind1=" " ind2=" ">
    <subfield code="a">n-cn-ab</subfield>
  </datafield>
  <datafield tag="049" ind1=" " ind2=" ">
    <subfield code="a">UABA</subfield>
  </datafield>
  <datafield tag="050" ind1=" " ind2="4">
    <subfield code="a">PC2068.C2</subfield>
    <subfield code="b">F732 2004</subfield>
  </datafield>
  <datafield tag="055" ind1="0" ind2="6">
    <subfield code="a">COP.AL.2.2005-19</subfield>
  </datafield>
  <datafield tag="082" ind1="0" ind2=" ">
    <subfield code="a">448/.0071/27123</subfield>
    <subfield code="2">22</subfield>
  </datafield>
  <datafield tag="090" ind1=" " ind2=" ">
    <subfield code="a">PC 2068 C2 F732 2004</subfield>
    <subfield code="b">AEUSJ</subfield>
  </datafield>
  <datafield tag="245" ind1="0" ind2="0">
    <subfield code="a">Fran&#xE7;ais 20-2 :</subfield>
    <subfield code="h">[electronic resource] </subfield>
    <subfield code="b">cahier de l'&#xE9;l&#xE8;ve.</subfield>
  </datafield>
  <datafield tag="260" ind1=" " ind2=" ">
    <subfield code="a">Edmonton :</subfield>
    <subfield code="b">Alberta Education,</subfield>
    <subfield code="c">c2004.</subfield>
  </datafield>
  <datafield tag="300" ind1=" " ind2=" ">
    <subfield code="a">1 v. (pag. multiple) :</subfield>
    <subfield code="b">ill. ;</subfield>
    <subfield code="c">28 cm.</subfield>
  </datafield>
  <datafield tag="336" ind1=" " ind2=" ">
    <subfield code="a">text</subfield>
    <subfield code="b">txt</subfield>
    <subfield code="2">rdacontent</subfield>
  </datafield>
  <datafield tag="337" ind1=" " ind2=" ">
    <subfield code="a">unmediated</subfield>
    <subfield code="b">n</subfield>
    <subfield code="2">rdamedia</subfield>
  </datafield>
  <datafield tag="338" ind1=" " ind2=" ">
    <subfield code="a">volume</subfield>
    <subfield code="b">nc</subfield>
    <subfield code="2">rdacarrier</subfield>
  </datafield>
  <datafield tag="550" ind1=" " ind2=" ">
    <subfield code="a">Publ. par: Direction de l'&#xE9;ducation fran&#xE7;aise.</subfield>
  </datafield>
  <datafield tag="590" ind1=" " ind2=" ">
    <subfield code="a">Approved for use in Alberta schools.</subfield>
  </datafield>
  <datafield tag="596" ind1=" " ind2=" ">
    <subfield code="a">39</subfield>
  </datafield>
  <datafield tag="650" ind1=" " ind2="6">
    <subfield code="a">Fran&#xE7;ais (Langue)</subfield>
    <subfield code="x">&#xC9;tude et enseignement (Secondaire)</subfield>
    <subfield code="z">Alberta.</subfield>
  </datafield>
  <datafield tag="650" ind1=" " ind2="6">
    <subfield code="a">Fran&#xE7;ais (Langue)</subfield>
    <subfield code="x">Fran&#xE7;ais &#xE9;crit</subfield>
    <subfield code="x">&#xC9;tude et enseignement (Secondaire)</subfield>
    <subfield code="z">Alberta.</subfield>
  </datafield>
  <datafield tag="650" ind1=" " ind2="6">
    <subfield code="a">Lecture (Enseignement secondaire)</subfield>
  </datafield>
  <datafield tag="710" ind1="1" ind2=" ">
    <subfield code="a">Alberta.</subfield>
    <subfield code="b">Direction de l'&#xE9;ducation fran&#xE7;aise.</subfield>
  </datafield>
  <datafield tag="856" ind1="4" ind2="1">
    <subfield code="u">http://archive.org/details/franais202cahier00albe</subfield>
    <subfield code="z">Free eBook from the Internet Archive</subfield>
  </datafield>
  <datafield tag="856" ind1="4" ind2="2">
    <subfield code="u">http://www.openlibrary.org/books/OL25912115M</subfield>
    <subfield code="z">Additional information and access via Open Library</subfield>
  </datafield>
</record>
