<?xml version="1.0" encoding="UTF-8"?>
<record xmlns="http://www.loc.gov/MARC21/slim">
  <leader>07217cas a2201465 a 4500</leader>
  <controlfield tag="001">guidetoedecsto1204albe</controlfield>
  <controlfield tag="003">CaSfIA</controlfield>
  <controlfield tag="005">20151008010651.0</controlfield>
  <controlfield tag="007">cr||||||||||||</controlfield>
  <controlfield tag="008">941128c19979999abcar        s0   00eng d</controlfield>
  <datafield tag="022" ind1=" " ind2=" ">
    <subfield code="a">1496-7359</subfield>
  </datafield>
  <datafield tag="035" ind1=" " ind2=" ">
    <subfield code="a">ocn462172248</subfield>
  </datafield>
  <datafield tag="040" ind1=" " ind2=" ">
    <subfield code="a">AEE</subfield>
    <subfield code="b">eng</subfield>
    <subfield code="d">AEU</subfield>
    <subfield code="d">CaSfIA</subfield>
  </datafield>
  <datafield tag="043" ind1=" " ind2=" ">
    <subfield code="a">n-cn-ab</subfield>
  </datafield>
  <datafield tag="055" ind1=" " ind2="3">
    <subfield code="a">LB 1564 C2</subfield>
    <subfield code="b">A333</subfield>
  </datafield>
  <datafield tag="082" ind1=" " ind2=" ">
    <subfield code="a">392.19</subfield>
  </datafield>
  <datafield tag="090" ind1=" " ind2=" ">
    <subfield code="a">Internet Access</subfield>
    <subfield code="b">ARDC</subfield>
  </datafield>
  <datafield tag="090" ind1=" " ind2=" ">
    <subfield code="a">Internet Access </subfield>
    <subfield code="b">AEC</subfield>
  </datafield>
  <datafield tag="090" ind1=" " ind2=" ">
    <subfield code="a">LB 1564 C2 A337</subfield>
    <subfield code="b">ARDC</subfield>
  </datafield>
  <datafield tag="090" ind1=" " ind2=" ">
    <subfield code="a">LB 1564 C2 A333</subfield>
    <subfield code="b">AEE</subfield>
  </datafield>
  <datafield tag="090" ind1=" " ind2=" ">
    <subfield code="a">LB 1564 C2 A333</subfield>
    <subfield code="b">AEU</subfield>
  </datafield>
  <datafield tag="245" ind1="0" ind2="0">
    <subfield code="a">Guide to education :</subfield>
    <subfield code="h">[electronic resource] </subfield>
    <subfield code="b">ECS to grade 12 handbook.</subfield>
  </datafield>
  <datafield tag="246" ind1="1" ind2=" ">
    <subfield code="i">Issues for 1999-  have title:</subfield>
    <subfield code="a">Guide to education.</subfield>
    <subfield code="p">ECS to grade 12</subfield>
  </datafield>
  <datafield tag="246" ind1="3" ind2=" ">
    <subfield code="a">ECS to grade 12</subfield>
  </datafield>
  <datafield tag="260" ind1=" " ind2=" ">
    <subfield code="a">Edmonton :</subfield>
    <subfield code="b">Alberta Education,</subfield>
    <subfield code="c">1997-</subfield>
  </datafield>
  <datafield tag="300" ind1=" " ind2=" ">
    <subfield code="a">v. ; </subfield>
    <subfield code="c">28 cm.</subfield>
  </datafield>
  <datafield tag="310" ind1=" " ind2=" ">
    <subfield code="a">Annual</subfield>
  </datafield>
  <datafield tag="362" ind1="0" ind2=" ">
    <subfield code="a">1997-</subfield>
  </datafield>
  <datafield tag="490" ind1="1" ind2="0">
    <subfield code="a">[Alberta curriculum guides]</subfield>
  </datafield>
  <datafield tag="530" ind1=" " ind2=" ">
    <subfield code="a">Also available online.</subfield>
  </datafield>
  <datafield tag="550" ind1=" " ind2=" ">
    <subfield code="a">Issued by: Alberta Learning, 1999-2004</subfield>
  </datafield>
  <datafield tag="580" ind1=" " ind2=" ">
    <subfield code="a">Merger of: Guide to education. ECS to grade 9 handbook, and: Guide to education. Senior high school handbook.</subfield>
  </datafield>
  <datafield tag="590" ind1=" " ind2=" ">
    <subfield code="a">Red Deer College has inserted 2004 update into 2003 handbook.</subfield>
  </datafield>
  <datafield tag="590" ind1=" " ind2=" ">
    <subfield code="a">AGL Capital Boulevard: includes "Summary of Key Changes" and "Questions and Anwers" inserts 2008/09-</subfield>
  </datafield>
  <datafield tag="596" ind1=" " ind2=" ">
    <subfield code="a">2 21 35 38 41</subfield>
  </datafield>
  <datafield tag="599" ind1=" " ind2=" ">
    <subfield code="a">2</subfield>
    <subfield code="b">2011;</subfield>
  </datafield>
  <datafield tag="650" ind1=" " ind2="0">
    <subfield code="a">Education</subfield>
    <subfield code="z">Alberta</subfield>
    <subfield code="x">Curricula.</subfield>
  </datafield>
  <datafield tag="650" ind1=" " ind2="0">
    <subfield code="a">Education</subfield>
    <subfield code="x">Curricula</subfield>
    <subfield code="x">Law and legislation</subfield>
    <subfield code="z">Alberta.</subfield>
  </datafield>
  <datafield tag="650" ind1=" " ind2="0">
    <subfield code="a">Education</subfield>
    <subfield code="z">Alberta</subfield>
    <subfield code="x">Aims and objectives.</subfield>
  </datafield>
  <datafield tag="650" ind1=" " ind2="0">
    <subfield code="a">Education and state</subfield>
    <subfield code="z">Alberta.</subfield>
  </datafield>
  <datafield tag="710" ind1="1" ind2=" ">
    <subfield code="a">Alberta.</subfield>
    <subfield code="b">Alberta Education.</subfield>
  </datafield>
  <datafield tag="710" ind1="1" ind2=" ">
    <subfield code="a">Alberta.</subfield>
    <subfield code="b">Alberta Learning.</subfield>
  </datafield>
  <datafield tag="775" ind1="0" ind2=" ">
    <subfield code="i">French version:</subfield>
    <subfield code="t">Guide de l'éducation</subfield>
    <subfield code="x">1703-4019</subfield>
  </datafield>
  <datafield tag="780" ind1="1" ind2="4">
    <subfield code="t">Guide to education. ECS to grade 9 handbook</subfield>
  </datafield>
  <datafield tag="780" ind1="1" ind2="4">
    <subfield code="t">Guide to education. Senior high school handbook</subfield>
  </datafield>
  <datafield tag="830" ind1=" " ind2=" ">
    <subfield code="a">Alberta curriculum guides.</subfield>
  </datafield>
  <datafield tag="856" ind1="4" ind2="1">
    <subfield code="3">Free access: Current Issue</subfield>
    <subfield code="u">http://www.learning.gov.ab.ca/educationguide/guide.asp</subfield>
  </datafield>
  <datafield tag="856" ind1="4" ind2="1">
    <subfield code="u">http://archive.org/details/guidetoedecsto1204albe</subfield>
    <subfield code="z">Free eBook from the Internet Archive</subfield>
  </datafield>
</record>
