<?xml version="1.0" encoding="UTF-8"?>
<record xmlns="http://www.loc.gov/MARC21/slim">
  <leader>05639cam a2200877 a 4500</leader>
  <controlfield tag="001">infocommtechg7to998albe</controlfield>
  <controlfield tag="003">CaSfIA</controlfield>
  <controlfield tag="005">20151008010651.0</controlfield>
  <controlfield tag="007">cr||||||||||||</controlfield>
  <controlfield tag="008">971017s1998    abc          s000 0 eng d</controlfield>
  <datafield tag="020" ind1=" " ind2=" ">
    <subfield code="a">0778502775</subfield>
  </datafield>
  <datafield tag="020" ind1=" " ind2=" ">
    <subfield code="a">0778503178 (ill.example:gr.1-6)</subfield>
  </datafield>
  <datafield tag="020" ind1=" " ind2=" ">
    <subfield code="s">0778503186 (ill.example:gr.7-9)</subfield>
  </datafield>
  <datafield tag="020" ind1=" " ind2=" ">
    <subfield code="a">0778503194 (ill.example:gr.10-12)</subfield>
  </datafield>
  <datafield tag="035" ind1=" " ind2=" ">
    <subfield code="a">ocn462403973</subfield>
  </datafield>
  <datafield tag="040" ind1=" " ind2=" ">
    <subfield code="a">AEE</subfield>
    <subfield code="b">eng</subfield>
    <subfield code="d">ARDC</subfield>
    <subfield code="d">CaSfIA</subfield>
  </datafield>
  <datafield tag="050" ind1=" " ind2="3">
    <subfield code="a">LB1028.3</subfield>
    <subfield code="b">A333 1998</subfield>
  </datafield>
  <datafield tag="082" ind1=" " ind2=" ">
    <subfield code="a">371.39445</subfield>
  </datafield>
  <datafield tag="090" ind1=" " ind2=" ">
    <subfield code="a">ED 429 569 gr.10-12</subfield>
    <subfield code="b">AEE</subfield>
  </datafield>
  <datafield tag="090" ind1=" " ind2=" ">
    <subfield code="a">ED 429 568 gr.7-9</subfield>
    <subfield code="b">AEE</subfield>
  </datafield>
  <datafield tag="090" ind1=" " ind2=" ">
    <subfield code="a">ED 429 567 gr.1-6</subfield>
    <subfield code="b">AEE</subfield>
  </datafield>
  <datafield tag="090" ind1=" " ind2=" ">
    <subfield code="a">LB 1028.2 A333 1998</subfield>
    <subfield code="b">AEE</subfield>
  </datafield>
  <datafield tag="090" ind1="0" ind2=" ">
    <subfield code="a">LB 1028.3 A333 1998</subfield>
    <subfield code="b">AEKC</subfield>
  </datafield>
  <datafield tag="090" ind1=" " ind2=" ">
    <subfield code="a">LB 1028.3 A372 1998</subfield>
    <subfield code="b">ARDC</subfield>
  </datafield>
  <datafield tag="090" ind1=" " ind2=" ">
    <subfield code="a">LB 1028.3 A333 1998</subfield>
    <subfield code="b">AEU</subfield>
  </datafield>
  <datafield tag="090" ind1=" " ind2=" ">
    <subfield code="a">ED 422 901</subfield>
    <subfield code="b">AEE</subfield>
  </datafield>
  <datafield tag="090" ind1=" " ind2=" ">
    <subfield code="a">LB 1028.2 A333 1998</subfield>
    <subfield code="b">AEC</subfield>
  </datafield>
  <datafield tag="110" ind1="1" ind2=" ">
    <subfield code="a">Alberta.</subfield>
    <subfield code="b">Curriculum Standards Branch.</subfield>
  </datafield>
  <datafield tag="245" ind1="1" ind2="0">
    <subfield code="a">Information and communication technology, kindergarten to grade 12 :</subfield>
    <subfield code="h">[electronic resource] </subfield>
    <subfield code="b">an interim program of studies.</subfield>
  </datafield>
  <datafield tag="246" ind1="3" ind2=" ">
    <subfield code="a">Interim program of studies : information and communication technology</subfield>
  </datafield>
  <datafield tag="246" ind1="3" ind2=" ">
    <subfield code="a">Illustrative examples to accompany information and communication technology.</subfield>
  </datafield>
  <datafield tag="260" ind1=" " ind2=" ">
    <subfield code="a">Edmonton, AB :</subfield>
    <subfield code="b">Alberta Education,</subfield>
    <subfield code="c">1998.</subfield>
  </datafield>
  <datafield tag="300" ind1=" " ind2=" ">
    <subfield code="a">iii, 34 p. :</subfield>
    <subfield code="b">ill. ;</subfield>
    <subfield code="c">28 cm.</subfield>
  </datafield>
  <datafield tag="490" ind1="1" ind2=" ">
    <subfield code="a">[Alberta curriculum guides]</subfield>
  </datafield>
  <datafield tag="500" ind1=" " ind2=" ">
    <subfield code="a">Accompanied by illustrative examples [ill. example] grades 1-6, 7-9, and 10-12.</subfield>
  </datafield>
  <datafield tag="590" ind1=" " ind2=" ">
    <subfield code="a">Approved for use in Alberta schools, 1998.</subfield>
  </datafield>
  <datafield tag="596" ind1=" " ind2=" ">
    <subfield code="a">2 21 31 38 41</subfield>
  </datafield>
  <datafield tag="597" ind1=" " ind2=" ">
    <subfield code="a">1:LB 1028.3 A333 1998 ill. example gr.01-06</subfield>
    <subfield code="a">2:LB 1028.3 A333 1998 ill. example gr.01-06</subfield>
    <subfield code="a">3:LB 1028.3 A333 1998 ill. example gr.01-06</subfield>
    <subfield code="a">4:LB 1028.3 A333 1998 ill. example gr.01-06</subfield>
    <subfield code="a">5:LB 1028.3 A333 1998 ill. example gr.07-09</subfield>
    <subfield code="a">6:LB 1028.3 A333 1998 ill. example gr.07-09</subfield>
    <subfield code="a">7:LB 1028.3 A333 1998 ill. example gr.07-09</subfield>
    <subfield code="a">8:LB 1028.3 A333 1998 ill. example gr.07-09</subfield>
    <subfield code="a">9:LB 1028.3 A333 1998 ill. example gr.10-12</subfield>
    <subfield code="a">10:LB 1028.3 A333 1998 ill. example gr.10-12</subfield>
    <subfield code="a">11:LB 1028.3 A333 1998 ill. example gr.10-12</subfield>
    <subfield code="a">12:LB 1028.3 A333 1998 ill. example gr.10-12</subfield>
    <subfield code="a">13:LB 1028.3 A333 1998 ill. example gr.01-06</subfield>
    <subfield code="a">14:LB 1028.3 A333 1998 ill. example gr.07-09</subfield>
    <subfield code="a">15:LB 1028.3 A333 1998 ill. example gr.10-12</subfield>
    <subfield code="a">17:LB 1028.3 A333 1998 ill. example gr.01-06</subfield>
    <subfield code="a">18:LB 1028.3 A333 1998 ill. example gr.01-06</subfield>
    <subfield code="a">19:LB 1028.3 A333 1998 ill. example gr.07-09</subfield>
    <subfield code="a">20:LB 1028.3 A333 1998 ill. example gr.07-09</subfield>
    <subfield code="a">21:LB 1028.3 A333 1998 ill. example gr.10-12</subfield>
    <subfield code="a">22:LB 1028.3 A333 1998 ill. example gr.10-12</subfield>
  </datafield>
  <datafield tag="650" ind1=" " ind2="0">
    <subfield code="a">Education</subfield>
    <subfield code="z">Alberta</subfield>
    <subfield code="v">Curricula.</subfield>
  </datafield>
  <datafield tag="650" ind1=" " ind2="0">
    <subfield code="a">Educational technology</subfield>
    <subfield code="x">Outlines, syllabi, etc.</subfield>
    <subfield code="z">Alberta.</subfield>
  </datafield>
  <datafield tag="650" ind1=" " ind2="0">
    <subfield code="a">Computer-assisted instruction</subfield>
    <subfield code="z">Alberta.</subfield>
  </datafield>
  <datafield tag="650" ind1=" " ind2="4">
    <subfield code="a">Career Technology Studies (CTS)</subfield>
    <subfield code="x">Communication technology grade1, 2, 3, 4, 5, 6, 7, 8, 9, 10, 11, 12.</subfield>
  </datafield>
  <datafield tag="650" ind1=" " ind2="4">
    <subfield code="a">Career Technology Studies (CTS)</subfield>
    <subfield code="x">Information processing grade 1, 2, 3, 4, 5, 6, 7, 8, 9, 10, 11, 12.</subfield>
  </datafield>
  <datafield tag="830" ind1=" " ind2="0">
    <subfield code="a">Alberta curriculum guides.</subfield>
  </datafield>
  <datafield tag="856" ind1="4" ind2="1">
    <subfield code="u">http://archive.org/details/infocommtechg7to998albe</subfield>
    <subfield code="z">Free eBook from the Internet Archive</subfield>
  </datafield>
</record>
