<?xml version="1.0" encoding="UTF-8"?>
<record xmlns="http://www.loc.gov/MARC21/slim">
  <leader>07979cam a2201105 a 4500</leader>
  <controlfield tag="001">jhsbusinessstudies988albe</controlfield>
  <controlfield tag="003">CaSfIA</controlfield>
  <controlfield tag="005">20151008010651.0</controlfield>
  <controlfield tag="007">cr||||||||||||</controlfield>
  <controlfield tag="008">870817s1984    abc    f     s      eng c</controlfield>
  <datafield tag="035" ind1=" " ind2=" ">
    <subfield code="a">ocm70330367</subfield>
  </datafield>
  <datafield tag="040" ind1=" " ind2=" ">
    <subfield code="b">eng</subfield>
    <subfield code="d">CaSfIA</subfield>
  </datafield>
  <datafield tag="043" ind1=" " ind2=" ">
    <subfield code="a">n-cn-ab</subfield>
  </datafield>
  <datafield tag="049" ind1=" " ind2=" ">
    <subfield code="a">AEU</subfield>
    <subfield code="b">eng</subfield>
  </datafield>
  <datafield tag="055" ind1=" " ind2="3">
    <subfield code="a">LB 1629.5 A3</subfield>
    <subfield code="b">A35 1984 gr.7-9</subfield>
  </datafield>
  <datafield tag="090" ind1=" " ind2=" ">
    <subfield code="a">LB 1629.5 A3 A35 1984 gr.7-9</subfield>
    <subfield code="b">AEU</subfield>
  </datafield>
  <datafield tag="090" ind1=" " ind2=" ">
    <subfield code="a">375 ALB PRO 7-9</subfield>
    <subfield code="b">ACHCU</subfield>
  </datafield>
  <datafield tag="090" ind1="0" ind2=" ">
    <subfield code="a">GOV DOC CA2 AL ED80 84P67</subfield>
  </datafield>
  <datafield tag="090" ind1="1" ind2=" ">
    <subfield code="a">LB/1629.5/A333p/JH/1984</subfield>
    <subfield code="b">CDOC</subfield>
    <subfield code="m">AE 1984 0062</subfield>
  </datafield>
  <datafield tag="090" ind1="1" ind2=" ">
    <subfield code="a">LB/1629.5/A333p/JH/1984</subfield>
    <subfield code="b">LAB</subfield>
  </datafield>
  <datafield tag="245" ind1="0" ind2="0">
    <subfield code="a">Program of studies for junior high schools.</subfield>
    <subfield code="h">[electronic resource] </subfield>
  </datafield>
  <datafield tag="260" ind1="0" ind2=" ">
    <subfield code="a">[Edmonton, Alta.] :</subfield>
    <subfield code="b">Alberta Education, Curriculum,</subfield>
    <subfield code="c">1984.</subfield>
  </datafield>
  <datafield tag="300" ind1=" " ind2=" ">
    <subfield code="a">1 v. (various pagings) ;</subfield>
    <subfield code="c">30 cm.</subfield>
  </datafield>
  <datafield tag="490" ind1="1" ind2=" ">
    <subfield code="a">[Alberta curriculum guides]</subfield>
  </datafield>
  <datafield tag="500" ind1=" " ind2=" ">
    <subfield code="a">Updated by amendments and additions. Additions are issued with individual titles. Prior to 1987 additions were issued annually and included all subjects. Since 1987 additions are issued more frequently and are subject specific.</subfield>
  </datafield>
  <datafield tag="500" ind1=" " ind2=" ">
    <subfield code="a">Additions are issued with individual titles.</subfield>
  </datafield>
  <datafield tag="590" ind1=" " ind2=" ">
    <subfield code="a">After 1987 additions are added with designations to reflect their subject content.</subfield>
  </datafield>
  <datafield tag="596" ind1=" " ind2=" ">
    <subfield code="a">2 23 38 41</subfield>
  </datafield>
  <datafield tag="597" ind1=" " ind2=" ">
    <subfield code="a">10:LB 1629.5 A3 A35 1984 gr.7-9 add. phy.ed. 1987</subfield>
    <subfield code="a">11:LB 1629.5 A3 A35 1984 gr.7-9 add. phy.ed. 1987</subfield>
    <subfield code="a">15:LB 1629.5 A3 A35 1984 gr.7-9 add.sc.08 1989</subfield>
    <subfield code="a">16:LB 1629.5 A3 A35 1984 gr.7-9 add.sc.08 1989</subfield>
    <subfield code="a">17:LB 1629.5 A3 A35 1984 gr.7-9 add.sc.09 1989</subfield>
    <subfield code="a">18:LB 1629.5 A3 A35 1984 gr.7-9 add.sc.09 1989</subfield>
    <subfield code="a">19:LB 1629.5 A3 A35 1984 gr.7-9 add.agr. 1988</subfield>
    <subfield code="a">20:LB 1629.5 A3 A35 1984 gr.7-9 add.agr. 1988</subfield>
    <subfield code="a">21:LB 1629.5 A3 A35 1984 gr.7-9 add.dram 1988</subfield>
    <subfield code="a">22:LB 1629.5 A3 A35 1984 gr.7-9 add.dram 1988</subfield>
    <subfield code="a">23:LB 1629.5 A3 A35 1984 gr.7-9 add.eth. 1988</subfield>
    <subfield code="a">24:LB 1629.5 A3 A35 1984 gr.7-9 add.eth. 1988</subfield>
    <subfield code="a">25:LB 1629.5 A3 A35 1984 gr.7-9 add.bu.09 1990</subfield>
    <subfield code="a">26:LB 1629.5 A3 A35 1984 gr.7-9 add.bu.09 1990</subfield>
    <subfield code="a">27:LB 1629.5 A3 A35 1984 gr.7-9 add.env. 1990</subfield>
    <subfield code="a">28:LB 1629.5 A3 A35 1984 gr.7-9 add.env. 1990</subfield>
    <subfield code="a">30:LB 1629.5 A3 A35 1984 gr.7-9 add.sc. 1990</subfield>
    <subfield code="a">31:LB 1629.5 A3 A35 1984 gr.7-9 add.sc. 1990</subfield>
    <subfield code="a">32:LB 1629.5 A3 A35 1984 gr.7-9 add.soc. 1988a</subfield>
    <subfield code="a">33:LB 1629.5 A3 A35 1984 gr.7-9 add.soc. 1988a</subfield>
    <subfield code="a">34:LB 1629.5 A3 A35 1984 gr.7-9 add.sc.07 1989</subfield>
    <subfield code="a">35:LB 1629.5 A3 A35 1984 gr.7-9 add.sc.07 1989</subfield>
  </datafield>
  <datafield tag="650" ind1=" " ind2="0">
    <subfield code="a">Education</subfield>
    <subfield code="z">Alberta</subfield>
    <subfield code="x">Curricula.</subfield>
  </datafield>
  <datafield tag="650" ind1=" " ind2="0">
    <subfield code="a">Junior high schools</subfield>
    <subfield code="z">Alberta</subfield>
    <subfield code="x">Curricula.</subfield>
  </datafield>
  <datafield tag="650" ind1=" " ind2="4">
    <subfield code="a">Education, Secondary</subfield>
    <subfield code="x">Outlines, syllabi, etc.</subfield>
    <subfield code="z">Alberta.</subfield>
  </datafield>
  <datafield tag="710" ind1="1" ind2="0">
    <subfield code="a">Alberta.</subfield>
    <subfield code="b">Curriculum Branch.</subfield>
  </datafield>
  <datafield tag="830" ind1=" " ind2="0">
    <subfield code="a">Alberta curriculum guides.</subfield>
  </datafield>
  <datafield tag="039" ind1="0" ind2=" ">
    <subfield code="f">kjw</subfield>
  </datafield>
  <datafield tag="856" ind1="4" ind2="1">
    <subfield code="u">http://archive.org/details/jhsbusinessstudies988albe</subfield>
    <subfield code="z">Free eBook from the Internet Archive</subfield>
  </datafield>
</record>
