<?xml version="1.0" encoding="UTF-8"?>
<record xmlns="http://www.loc.gov/MARC21/slim">
  <leader>01261nam a2200349 a 4500</leader>
  <controlfield tag="001">jhsmathematicscg78albe</controlfield>
  <controlfield tag="003">CaSfIA</controlfield>
  <controlfield tag="005">20151008010651.0</controlfield>
  <controlfield tag="007">cr||||||||||||</controlfield>
  <controlfield tag="008">850122s1978    abc    f b   s      eng c</controlfield>
  <datafield tag="035" ind1=" " ind2=" ">
    <subfield code="a">ocm65808242</subfield>
  </datafield>
  <datafield tag="039" ind1="0" ind2=" ">
    <subfield code="a">AE 1978 0058</subfield>
  </datafield>
  <datafield tag="040" ind1=" " ind2=" ">
    <subfield code="b">eng</subfield>
    <subfield code="d">CaSfIA</subfield>
  </datafield>
  <datafield tag="043" ind1=" " ind2=" ">
    <subfield code="a">n-cn-ab</subfield>
  </datafield>
  <datafield tag="049" ind1=" " ind2=" ">
    <subfield code="a">AEE</subfield>
    <subfield code="b">eng</subfield>
  </datafield>
  <datafield tag="050" ind1=" " ind2="4">
    <subfield code="a">QA 14</subfield>
  </datafield>
  <datafield tag="090" ind1="1" ind2=" ">
    <subfield code="a">QA/14/A333/JH/1978</subfield>
    <subfield code="b">DOC</subfield>
    <subfield code="m">AE 1978 0058</subfield>
  </datafield>
  <datafield tag="090" ind1="1" ind2=" ">
    <subfield code="a">QA/14/A333/JH/1978</subfield>
    <subfield code="b">LAB</subfield>
  </datafield>
  <datafield tag="090" ind1="0" ind2=" ">
    <subfield code="a">QA 14 C22 A3 A29 1978</subfield>
    <subfield code="b">CH</subfield>
  </datafield>
  <datafield tag="090" ind1="0" ind2=" ">
    <subfield code="a">QA 14 C22 A3 A29 1978</subfield>
    <subfield code="b">CE</subfield>
  </datafield>
  <datafield tag="110" ind1="1" ind2="0">
    <subfield code="a">Alberta.</subfield>
    <subfield code="b">Curriculum Branch.</subfield>
  </datafield>
  <datafield tag="245" ind1="1" ind2="0">
    <subfield code="a">Junior high school mathematics curriculum guide.</subfield>
    <subfield code="h">[electronic resource] </subfield>
  </datafield>
  <datafield tag="260" ind1="0" ind2=" ">
    <subfield code="a">[Edmonton] :</subfield>
    <subfield code="b">Alberta Educatiion,</subfield>
    <subfield code="c">1978.</subfield>
  </datafield>
  <datafield tag="300" ind1=" " ind2=" ">
    <subfield code="a">65 p. ;c28 cm.</subfield>
  </datafield>
  <datafield tag="500" ind1=" " ind2=" ">
    <subfield code="a">Cover title.</subfield>
  </datafield>
  <datafield tag="504" ind1=" " ind2=" ">
    <subfield code="a">Includes bibliographical references.</subfield>
  </datafield>
  <datafield tag="596" ind1=" " ind2=" ">
    <subfield code="a">2 38 41</subfield>
  </datafield>
  <datafield tag="650" ind1=" " ind2="0">
    <subfield code="a">Mathematics</subfield>
    <subfield code="x">Study and teaching (Secondary)</subfield>
  </datafield>
  <datafield tag="650" ind1=" " ind2="0">
    <subfield code="a">Mathematics</subfield>
    <subfield code="z">Alberta</subfield>
    <subfield code="x">Curricula.</subfield>
  </datafield>
  <datafield tag="690" ind1=" " ind2="4">
    <subfield code="a">Curriculum guides</subfield>
    <subfield code="z">Alberta</subfield>
    <subfield code="x">Mathematics</subfield>
    <subfield code="x">Junior High.</subfield>
  </datafield>
  <datafield tag="856" ind1="4" ind2="1">
    <subfield code="u">http://archive.org/details/jhsmathematicscg78albe</subfield>
    <subfield code="z">Free eBook from the Internet Archive</subfield>
  </datafield>
  <datafield tag="856" ind1="4" ind2="2">
    <subfield code="u">http://www.openlibrary.org/books/OL25455524M</subfield>
    <subfield code="z">Additional information and access via Open Library</subfield>
  </datafield>
</record>
