<?xml version="1.0" encoding="UTF-8"?>
<record xmlns="http://www.loc.gov/MARC21/slim">
  <leader>01548cam a2200409 a 4500</leader>
  <controlfield tag="001">juniorseniorh00albe</controlfield>
  <controlfield tag="003">CaSfIA</controlfield>
  <controlfield tag="005">20151008010651.0</controlfield>
  <controlfield tag="007">cr||||||||||||</controlfield>
  <controlfield tag="008">880509s1988    abc    f     s      eng c</controlfield>
  <datafield tag="020" ind1=" " ind2=" ">
    <subfield code="a">0920794971</subfield>
  </datafield>
  <datafield tag="035" ind1=" " ind2=" ">
    <subfield code="a">ocm66054830</subfield>
  </datafield>
  <datafield tag="040" ind1=" " ind2=" ">
    <subfield code="b">eng</subfield>
    <subfield code="d">CaSfIA</subfield>
  </datafield>
  <datafield tag="043" ind1=" " ind2=" ">
    <subfield code="a">n-cn-ab</subfield>
  </datafield>
  <datafield tag="049" ind1=" " ind2=" ">
    <subfield code="a">AEE</subfield>
    <subfield code="b">eng</subfield>
  </datafield>
  <datafield tag="049" ind1=" " ind2=" ">
    <subfield code="a">AEU</subfield>
    <subfield code="b">eng</subfield>
  </datafield>
  <datafield tag="055" ind1=" " ind2="3">
    <subfield code="a">GV 225 A3</subfield>
    <subfield code="b">A315 1988 gr.7-12</subfield>
  </datafield>
  <datafield tag="090" ind1=" " ind2=" ">
    <subfield code="a">375 ALB PE 7-12</subfield>
    <subfield code="b">ACHCU</subfield>
  </datafield>
  <datafield tag="090" ind1="1" ind2=" ">
    <subfield code="a">GV/341/A333/1988</subfield>
    <subfield code="b">LAB</subfield>
  </datafield>
  <datafield tag="090" ind1="1" ind2=" ">
    <subfield code="a">GV/341/A333/1988</subfield>
    <subfield code="b">DOC</subfield>
    <subfield code="m">AE 1988 0005</subfield>
  </datafield>
  <datafield tag="090" ind1="0" ind2=" ">
    <subfield code="a">GV 225 A3 A315 1988 gr.7-12</subfield>
  </datafield>
  <datafield tag="245" ind1="0" ind2="0">
    <subfield code="a">Junior-senior high school physical education :</subfield>
    <subfield code="h">[electronic resource] </subfield>
    <subfield code="b">grades 7-12.</subfield>
  </datafield>
  <datafield tag="260" ind1="0" ind2=" ">
    <subfield code="a">Edmonton :</subfield>
    <subfield code="b">Alberta Education,</subfield>
    <subfield code="c">c1988.</subfield>
  </datafield>
  <datafield tag="300" ind1=" " ind2=" ">
    <subfield code="a">viii, 203 p. ;</subfield>
    <subfield code="c">28 cm.</subfield>
  </datafield>
  <datafield tag="490" ind1="1" ind2=" ">
    <subfield code="a">[Alberta curriculum guides]</subfield>
  </datafield>
  <datafield tag="596" ind1=" " ind2=" ">
    <subfield code="a">2 23 38 41</subfield>
  </datafield>
  <datafield tag="650" ind1=" " ind2="0">
    <subfield code="a">Education</subfield>
    <subfield code="z">Alberta</subfield>
    <subfield code="x">Curricula.</subfield>
  </datafield>
  <datafield tag="650" ind1=" " ind2="4">
    <subfield code="a">Physical education and training</subfield>
    <subfield code="x">Outlines, syllabi, etc.</subfield>
    <subfield code="z">Alberta.</subfield>
  </datafield>
  <datafield tag="690" ind1=" " ind2="4">
    <subfield code="a">Curriculum guides</subfield>
    <subfield code="z">Alberta</subfield>
    <subfield code="x">Physical education</subfield>
    <subfield code="x">Senior high.</subfield>
  </datafield>
  <datafield tag="690" ind1=" " ind2="4">
    <subfield code="a">Curriculum guides</subfield>
    <subfield code="z">Alberta</subfield>
    <subfield code="x">Physical education</subfield>
    <subfield code="x">Junior high.</subfield>
  </datafield>
  <datafield tag="710" ind1="1" ind2="0">
    <subfield code="a">Alberta.</subfield>
    <subfield code="b">Curriculum Branch.</subfield>
  </datafield>
  <datafield tag="830" ind1=" " ind2="0">
    <subfield code="a">Alberta curriculum guides.</subfield>
  </datafield>
  <datafield tag="039" ind1="0" ind2=" ">
    <subfield code="a">AE 1988 0005</subfield>
  </datafield>
  <datafield tag="039" ind1="0" ind2=" ">
    <subfield code="f">kjw</subfield>
  </datafield>
  <datafield tag="856" ind1="4" ind2="1">
    <subfield code="u">http://archive.org/details/juniorseniorh00albe</subfield>
    <subfield code="z">Free eBook from the Internet Archive</subfield>
  </datafield>
  <datafield tag="856" ind1="4" ind2="2">
    <subfield code="u">http://www.openlibrary.org/books/OL25389921M</subfield>
    <subfield code="z">Additional information and access via Open Library</subfield>
  </datafield>
</record>
