<?xml version="1.0" encoding="UTF-8"?><mods xmlns:xsi="http://www.w3.org/2001/XMLSchema-instance" xmlns="http://www.loc.gov/mods/v3" xsi:schemaLocation="http://www.loc.gov/mods/v3 http://www.loc.gov/standards/mods/v3/mods-3-4.xsd">
  <titleInfo usage="primary">
    <title>Miss Marion Irwin</title>
  </titleInfo>
  <name type="personal" usage="primary">
    <namePart>Faculty Women's Club</namePart>
    <role>
      <roleTerm authority="marcrelator" type="code">cre</roleTerm>
      <roleTerm authority="marcrelator" type="text">Creator</roleTerm>
    </role>
  </name>
  <genre authority="pbcore" valueURI="http://pbcore.org/vocabularies/pbcoreGenre%23interview">Interview</genre>
  <originInfo>
    <dateIssued encoding="edtf">1986-03-11</dateIssued>
  </originInfo>
  <language>
    <languageTerm type="code">eng</languageTerm>
    <languageTerm type="text">English</languageTerm>
  </language>
  
  
  <abstract>Early Sports (3) Normal School (22) Best sports (34) High spots (38) Low points (46) 1st Opportunities (52) Training (64) Financial help (67) Equip (68) Competitions (78) Nat. Organization (84) Hindrances (100) Sports Taught (120) equip (128) Changes in Equip (135) Other Devs. (149) Facilities from women (160) Gen Trends (181) Pers. Dev. (195) Ideal Sit. for Women (204) Goals achieved (216)</abstract>
  <subject>
    <topic>Women in sports</topic>
  </subject>
  <subject>
    <topic>Faculty Women's Club</topic>
  </subject>
  <subject>
    <topic>University of Alberta</topic>
  </subject>
  <subject>
    <geographic>Canada</geographic>
  </subject>
  <subject>
    <geographic>Alberta</geographic>
  </subject>
  <subject>
    <geographic>Edmonton</geographic>
  </subject>
  <relatedItem type="original">
    <identifier type="local">1985-063-18</identifier>
  </relatedItem>
  
  <accessCondition type="use and reproduction">http://creativecommons.org/licenses/by/4.0/</accessCondition>
  <recordInfo>
    <recordOrigin>Avalon Media System</recordOrigin>
    <recordContentSource>IEN</recordContentSource>
    <recordCreationDate>20170803</recordCreationDate>
    <recordChangeDate>2017-10-04T09:24:59-06:00</recordChangeDate>
    
    <languageOfCataloging>
      <languageTerm authority="iso639-2b" type="code">eng</languageTerm>
    </languageOfCataloging>
    <recordIdentifier source="Fedora">avalon:3794</recordIdentifier>
  </recordInfo>
<physicalDescription><internetMediaType>audio/x-wav</internetMediaType></physicalDescription><location><url access="object in context"/></location></mods>