<?xml version="1.0" encoding="UTF-8"?><mods xmlns:xsi="http://www.w3.org/2001/XMLSchema-instance" xmlns="http://www.loc.gov/mods/v3" xsi:schemaLocation="http://www.loc.gov/mods/v3 http://www.loc.gov/standards/mods/v3/mods-3-4.xsd">
  <titleInfo usage="primary">
    <title>Avoiding the Stereotypes: History, Heritage, and How to Navigate Indigenous Imagery</title>
  </titleInfo>
  <name type="personal" usage="primary">
    <namePart>McLaurin-Hill, Virginia</namePart>
    <role>
      <roleTerm authority="marcrelator" type="code">cre</roleTerm>
      <roleTerm authority="marcrelator" type="text">Creator</roleTerm>
    </role>
  </name>
  <genre authority="pbcore" valueURI="http://pbcore.org/vocabularies/pbcoreGenre%23community">Community</genre>
  <originInfo>
    <dateIssued encoding="edtf">2017</dateIssued>
  </originInfo>
  <language>
    <languageTerm type="code">eng</languageTerm>
    <languageTerm type="text">English</languageTerm>
  </language>
  
  
  <abstract>Jena McLaurin will discuss the dominant stereotypes of Indigenous North American peoples, both in the United States and Canada. Regional differences, the interplay between stereotypical images, the connection between stereotypes and colonialist politics, and contemporary stereotypes will all be addressed. The talk will provide straightforward, practical guidelines and recommendations for avoiding and correcting these enduring harmful images. Attendees will broaden their awareness of Indigenous stereotypes, and will leave with an expanded framework for both recognizing and correcting stereotypes as well as supporting more realistic, culturally sensitive portrayals.</abstract>
  <subject>
    <topic>Stereotypes</topic>
  </subject>
  <subject>
    <topic>Photography</topic>
  </subject>
  <subject>
    <topic>Film, Indigenous</topic>
  </subject>
  <subject>
    <topic>Guidelines</topic>
  </subject>
  <subject>
    <topic>Colonialism</topic>
  </subject>
  <subject>
    <topic>History</topic>
  </subject>
  <subject>
    <topic>Politics</topic>
  </subject>
  <subject>
    <topic>Cultural Sensitivity</topic>
  </subject>
  
  <accessCondition type="use and reproduction">http://creativecommons.org/licenses/by-nc-nd/4.0/</accessCondition>
  <recordInfo>
    <recordOrigin>Avalon Media System</recordOrigin>
    <recordContentSource>IEN</recordContentSource>
    <recordCreationDate>20180309</recordCreationDate>
    <recordChangeDate>2018-03-16T10:23:17-06:00</recordChangeDate>
    
    <languageOfCataloging>
      <languageTerm authority="iso639-2b" type="code">eng</languageTerm>
    </languageOfCataloging>
    <recordIdentifier source="Fedora">avalon:4267</recordIdentifier>
  </recordInfo>
<physicalDescription><internetMediaType>video/mp4</internetMediaType></physicalDescription><location><url access="object in context"/></location></mods>