<?xml version="1.0" encoding="UTF-8"?><mods xmlns:xsi="http://www.w3.org/2001/XMLSchema-instance" xmlns="http://www.loc.gov/mods/v3" xsi:schemaLocation="http://www.loc.gov/mods/v3 http://www.loc.gov/standards/mods/v3/mods-3-4.xsd">
  <titleInfo usage="primary">
    <title>The Lost Jingle Dress</title>
  </titleInfo>
  <name type="personal" usage="primary">
    <namePart>Young-Leslie, Heather</namePart>
    <role>
      <roleTerm authority="marcrelator" type="code">cre</roleTerm>
      <roleTerm authority="marcrelator" type="text">Creator</roleTerm>
    </role>
  </name>
  <name type="personal" usage="primary">
    <namePart>McLean, Stuart</namePart>
    <role>
      <roleTerm authority="marcrelator" type="code">cre</roleTerm>
      <roleTerm authority="marcrelator" type="text">Creator</roleTerm>
    </role>
  </name>
  <genre authority="pbcore" valueURI="http://pbcore.org/vocabularies/pbcoreGenre%23comedy">Comedy</genre>
  <originInfo>
    
    
  <dateIssued encoding="edtf">2016-06-04</dateIssued><dateCreated encoding="edtf">2016-06-04</dateCreated></originInfo>
  <language>
    <languageTerm type="code">eng</languageTerm>
    <languageTerm type="text">English</languageTerm>
  </language>
  
  
  <abstract>The Lost Jingle Dress is a story written in 2014 by Heather Young-Leslie, and performed by Stuart McLean, for the CBC Radio program Vinyl Cafe. The story lauds the small community of Jasper, Alberta. It was broadcast as part of the "Indigenous Music" episode, aired on June 3 &amp; 4, 2016. This version was recorded from the public radio broadcast onto a private-owned recording device (iphone) in m4a format. </abstract>
  <note type="creation/production credits">CBC radio 1 broadcast, June 4 2016</note>
  <subject>
    <topic>Creative Nonfiction </topic>
  </subject>
  <subject>
    <topic>Story</topic>
  </subject>
  <subject>
    <topic>Aboriginal </topic>
  </subject>
  <subject>
    <topic>Community</topic>
  </subject>
  <subject>
    <topic>Jasper</topic>
  </subject>
  <subject>
    <topic>Regalia</topic>
  </subject>
  <subject>
    <topic>Nonfiction</topic>
  </subject>
  <subject>
    <topic>Radio</topic>
  </subject>
  <subject>
    <topic>Broadcast</topic>
  </subject>
  <subject>
    <topic>Audiofile</topic>
  </subject>
  <subject>
    <topic>Narrative</topic>
  </subject>
  <subject>
    <topic>Memory</topic>
  </subject>
  <subject>
    <topic>Belonging</topic>
  </subject>
  <subject>
    <temporal>1994-2010</temporal>
  </subject>
  <subject>
    <geographic>Jasper, Alberta</geographic>
  </subject>
  <relatedItem displayLabel=".MP4 (download)">
    <location>
      <url>https://doi.org/10.7939/R3F18SN5Q</url>
    </location>
  </relatedItem>
  
  <accessCondition type="use and reproduction">http://creativecommons.org/licenses/by-nc-nd/4.0/</accessCondition>
  <recordInfo>
    <recordOrigin>Avalon Media System</recordOrigin>
    <recordContentSource>IEN</recordContentSource>
    <recordCreationDate>20170217</recordCreationDate>
    <recordChangeDate>2017-07-14T15:44:28-06:00</recordChangeDate>
    
    <languageOfCataloging>
      <languageTerm authority="iso639-2b" type="code">eng</languageTerm>
    </languageOfCataloging>
    <recordIdentifier source="Fedora">avalon:1198</recordIdentifier>
  </recordInfo>
<physicalDescription><internetMediaType>audio/mp4a-latm</internetMediaType></physicalDescription><location><url access="object in context"/></location></mods>