<?xml version="1.0" encoding="UTF-8"?><mods xmlns:xsi="http://www.w3.org/2001/XMLSchema-instance" xmlns="http://www.loc.gov/mods/v3" xsi:schemaLocation="http://www.loc.gov/mods/v3 http://www.loc.gov/standards/mods/v3/mods-3-4.xsd">
  <titleInfo usage="primary">
    <title>MMus Recital, Adrienne Lloyd, piano</title>
  </titleInfo>
  <name type="personal" usage="primary">
    <namePart>Lloyd, Adrienne</namePart>
    <role>
      <roleTerm authority="marcrelator" type="code">cre</roleTerm>
      <roleTerm authority="marcrelator" type="text">Creator</roleTerm>
    </role>
  </name>
  <genre authority="pbcore" valueURI="http://pbcore.org/vocabularies/pbcoreGenre%23music">Music</genre>
  <originInfo>
    <dateIssued encoding="edtf">2011-05-03</dateIssued>
  </originInfo>
  <language>
    <languageTerm type="code">zxx</languageTerm>
    <languageTerm type="text">No linguistic content</languageTerm>
  </language>
  
  
  <accessCondition type="use and reproduction">This audiovisual content is being provided solely for educational use and research, pursuant to exceptions in the Canadian Copyright Act.  Further reproduction or distribution or other use may require additional permissions</accessCondition>
  <subject>
    <topic>Instrumental music</topic>
  </subject>
  <subject>
    <topic>Piano music</topic>
  </subject>
  <subject>
    <geographic>Convocation Hall, University of Alberta</geographic>
  </subject>
  <recordInfo>
    <recordOrigin>Avalon Media System</recordOrigin>
    <recordContentSource>IEN</recordContentSource>
    <recordCreationDate>20180531</recordCreationDate>
    <recordChangeDate>2018-05-31T09:32:38-06:00</recordChangeDate>
    
    <languageOfCataloging>
      <languageTerm authority="iso639-2b" type="code">eng</languageTerm>
    </languageOfCataloging>
    <recordIdentifier source="Fedora">avalon:5075</recordIdentifier>
  </recordInfo>
  <tableOfContents>Sonata in A-flat major Op. 110: I. Moderato cantabile molto espressivo; II. Allegro molto; III. Adagio ma non troppo; Fuga (Allegro ma non troppo); L'istesso tempo di Arioso; L'istesso tempo di Fuga; Meno allegro / Ludwig Van Beethoven (1770-1827) -- Images - Premiére Série: I. Reflets dans l'eau (Reflections in the water); II. Hommage á Rameau; III. Mouvement / Claude Debussy (1862-1918) -- Sixiême Ordre: I. Les Moissonneurs (The Harvester); II. Les Langueurs-Tendres (Tender Languishing); III. La Gazouillement (The Twittering of the Birds); IV. La Bersan (dedicated to André Bauyn, Lord of Bersan); V. Les Baricades Mistérieuses (The Mysterious Barricades); VI. Les Bergeries (The Sheep Barns); VII. La Commére (Gossip); VIII. Le Moucheron (The Gnat) / François Couperin (1668-1733) -- My Favorite Things (from "The Sound of Music") / Richard Rogers (b. 1933), Piano transcription by Stephen Hough (b. 1961) -- El pelele (The puppet) / Enrique Granados (1867-1916)</tableOfContents>
<physicalDescription><internetMediaType>video/mp4</internetMediaType></physicalDescription></mods>