<?xml version="1.0" encoding="UTF-8"?><mods xmlns:xsi="http://www.w3.org/2001/XMLSchema-instance" xmlns="http://www.loc.gov/mods/v3" xsi:schemaLocation="http://www.loc.gov/mods/v3 http://www.loc.gov/standards/mods/v3/mods-3-4.xsd">
  <titleInfo usage="primary">
    <title>LIS 598 - Information Policy - Winter 2017 - Lecture 1 (video)</title>
  </titleInfo>
  <name type="personal" usage="primary">
    <namePart>McNally, Michael B.</namePart>
    <role>
      <roleTerm authority="marcrelator" type="code">cre</roleTerm>
      <roleTerm authority="marcrelator" type="text">Creator</roleTerm>
    </role>
  </name>
  <genre authority="pbcore" valueURI="http://pbcore.org/vocabularies/pbcoreGenre%23educational">Educational</genre>
  <originInfo>
    
    
  <dateIssued encoding="edtf">2017-01-09</dateIssued></originInfo>
  <language>
    <languageTerm type="code">eng</languageTerm>
    <languageTerm type="text">English</languageTerm>
  </language>
  
  
  <abstract>This is the first lecture from the Winter 2017 offering of LIS 598 Information Policy. This lecture covers the scope and definition of information policy; examines the federal information policy landscape in Canada; and, looks at some challenges and issues with information policy. This file is a .wmv file. A PowerPoint version of the file (with audio) is also available.</abstract>
  <subject>
    <topic>LIS 598 - Information Policy - Winter 2017</topic>
  </subject>
  <subject>
    <topic>Information Policy </topic>
  </subject>
  
  <accessCondition type="use and reproduction">http://creativecommons.org/licenses/by/4.0/</accessCondition>
  <recordInfo>
    <recordOrigin>Avalon Media System</recordOrigin>
    <recordContentSource>IEN</recordContentSource>
    <recordCreationDate>20170202</recordCreationDate>
    <recordChangeDate>2017-07-14T16:12:46-06:00</recordChangeDate>
    
    <languageOfCataloging>
      <languageTerm authority="iso639-2b" type="code">eng</languageTerm>
    </languageOfCataloging>
    <recordIdentifier source="Fedora">avalon:1158</recordIdentifier>
  </recordInfo>
<physicalDescription><internetMediaType>video/x-ms-wmv</internetMediaType></physicalDescription><location><url access="object in context"/></location></mods>