<?xml version="1.0" encoding="UTF-8"?><mods xmlns:xsi="http://www.w3.org/2001/XMLSchema-instance" xmlns="http://www.loc.gov/mods/v3" xsi:schemaLocation="http://www.loc.gov/mods/v3 http://www.loc.gov/standards/mods/v3/mods-3-4.xsd">
  <titleInfo usage="primary">
    <title>The Linguists </title>
  </titleInfo>
  <name type="personal" usage="primary">
    <namePart>Kramer, Seth</namePart>
    <role>
      <roleTerm authority="marcrelator" type="code">cre</roleTerm>
      <roleTerm authority="marcrelator" type="text">Creator</roleTerm>
    </role>
  </name>
  <name type="personal" usage="primary">
    <namePart>Miller, Daniel A.</namePart>
    <role>
      <roleTerm authority="marcrelator" type="code">cre</roleTerm>
      <roleTerm authority="marcrelator" type="text">Creator</roleTerm>
    </role>
  </name>
  <name type="personal" usage="primary">
    <namePart>Newberger, Jeremy</namePart>
    <role>
      <roleTerm authority="marcrelator" type="code">cre</roleTerm>
      <roleTerm authority="marcrelator" type="text">Creator</roleTerm>
    </role>
  </name>
  <genre authority="pbcore" valueURI="http://pbcore.org/vocabularies/pbcoreGenre%23documentary">Documentary</genre>
  <originInfo>
    <dateIssued encoding="edtf">2008</dateIssued>
    
  </originInfo>
  <language>
    <languageTerm type="code">eng</languageTerm>
    <languageTerm type="text">English</languageTerm>
  </language>
  
  
  <abstract>Scientists estimate that of 7,000 languages in the world, half will be gone by the end of this century. THE LINGUISTS joins David Harrison and Gregory Anderson, scientists racing to document languages on the verge of extinction. In the rugged landscapes of Siberia, India, and Bolivia, the linguists’ resolve is tested by the very forces stifling languages: institutionalized racism and violent economic unrest. David and Greg’s journey takes them deep into the heart of the cultures, knowledge, and communities at stake.</abstract>
  <subject>
    <topic>Endangered Languages</topic>
  </subject>
  <subject>
    <topic>Language</topic>
  </subject>
  <subject>
    <topic>Archive -- Language</topic>
  </subject>
  
  
  <accessCondition type="use and reproduction">Streaming rights in perpetuity to THE LINGUISTS on a university, password-protected server</accessCondition>
  <accessCondition type="use and reproduction">Streaming rights in perpetuity to THE LINGUISTS on a university, password-protected server</accessCondition>
  <recordInfo>
    <recordOrigin>Avalon Media System</recordOrigin>
    <recordContentSource>IEN</recordContentSource>
    <recordCreationDate>20180420</recordCreationDate>
    <recordChangeDate>2018-04-20T12:50:53-06:00</recordChangeDate>
    
    <languageOfCataloging>
      <languageTerm authority="iso639-2b" type="code">eng</languageTerm>
    </languageOfCataloging>
    <recordIdentifier source="Fedora">avalon:4431</recordIdentifier>
  </recordInfo>
<physicalDescription><internetMediaType>video/mp4</internetMediaType></physicalDescription><location><url access="object in context"/></location></mods>