<?xml version="1.0" encoding="UTF-8"?><mods xmlns:xsi="http://www.w3.org/2001/XMLSchema-instance" xmlns="http://www.loc.gov/mods/v3" xsi:schemaLocation="http://www.loc.gov/mods/v3 http://www.loc.gov/standards/mods/v3/mods-3-4.xsd">
  <titleInfo usage="primary">
    <title>War and Peace - A Recital in Choral Conducting</title>
  </titleInfo>
  <name type="personal" usage="primary">
    <namePart>Whitney, Abra</namePart>
    <role>
      <roleTerm authority="marcrelator" type="code">cre</roleTerm>
      <roleTerm authority="marcrelator" type="text">Creator</roleTerm>
    </role>
  </name>
  <name type="personal">
    <namePart>Whitney, Abra</namePart>
    <role>
      <roleTerm authority="marcrelator" type="code">ctb</roleTerm>
      <roleTerm authority="marcrelator" type="text">Contributor</roleTerm>
    </role>
  </name>
  <genre authority="pbcore" valueURI="http://pbcore.org/vocabularies/pbcoreGenre%23music">Music</genre>
  <originInfo>
    <dateIssued encoding="edtf">2011-11-07</dateIssued>
  </originInfo>
  <language>
    <languageTerm type="code">eng</languageTerm>
    <languageTerm type="text">English</languageTerm>
  </language>
  <language>
    <languageTerm type="code">ger</languageTerm>
    <languageTerm type="text">German</languageTerm>
  </language>
  <language>
    <languageTerm type="code">lat</languageTerm>
    <languageTerm type="text">Latin</languageTerm>
  </language>
  
  
  <accessCondition type="use and reproduction">This audiovisual content is being provided solely for educational use and research, pursuant to exceptions in the Canadian Copyright Act.  Further reproduction or distribution or other use may require additional permissions</accessCondition>
  <subject>
    <topic>Choral music</topic>
  </subject>
  <subject>
    <topic>Vocal music</topic>
  </subject>
  <subject>
    <geographic>Convocation Hall, University of Alberta</geographic>
  </subject>
  <recordInfo>
    <recordOrigin>Avalon Media System</recordOrigin>
    <recordContentSource>IEN</recordContentSource>
    <recordCreationDate>20180531</recordCreationDate>
    <recordChangeDate>2018-05-31T09:39:20-06:00</recordChangeDate>
    
    <languageOfCataloging>
      <languageTerm authority="iso639-2b" type="code">eng</languageTerm>
    </languageOfCataloging>
    <recordIdentifier source="Fedora">avalon:5092</recordIdentifier>
  </recordInfo>
  <tableOfContents>Lecture from Dr. Whitney -- Selig Sind, Die Da Leid Tragen: Movement 1: Ein Deutches Requim / Brahms -- Fallen is the Foe (from Judas Maccabeaus) / Handel -- Libera Me / Bardo -- If Ye Love Me / Tallis -- Aglepta / Mellnas -- Ave Maria / McIntyre -- Jerusalem (Soloists: Alison Norris, Kayla MacDonald, Jane Berry, and Brynn MacDonald) / McGlynn -- Dondaine La Ridaine (Soloist: Mark Wilkinson) / Traditional -- Domine Ad Adjuvandum Me Festina (Soloists: Alison Norris, Anna Chen, Jane Berry, James Frobb, Morris Lo, Mike Pearson, Adam Ferland) / Martini -- Sure on the Shining Night / Barber -- Wie Lieblich Sind Deine Wohnunge: Movement 4: Ein Deutches Requim / Brahms</tableOfContents>
<physicalDescription><internetMediaType>video/mp4</internetMediaType></physicalDescription></mods>