<?xml version="1.0" encoding="UTF-8"?><mods xmlns:xsi="http://www.w3.org/2001/XMLSchema-instance" xmlns="http://www.loc.gov/mods/v3" xsi:schemaLocation="http://www.loc.gov/mods/v3 http://www.loc.gov/standards/mods/v3/mods-3-4.xsd">
  <titleInfo usage="primary">
    <title>Legal And Ethical Contexts for Collaborative Research</title>
  </titleInfo>
  <name type="personal" usage="primary">
    <namePart>Bell, Catherine</namePart>
    <role>
      <roleTerm authority="marcrelator" type="code">cre</roleTerm>
      <roleTerm authority="marcrelator" type="text">Creator</roleTerm>
    </role>
  </name>
  <genre authority="pbcore" valueURI="http://pbcore.org/vocabularies/pbcoreGenre%23community">Community</genre>
  <originInfo>
    <dateIssued encoding="edtf">2017</dateIssued>
  </originInfo>
  <language>
    <languageTerm type="code">eng</languageTerm>
    <languageTerm type="text">English</languageTerm>
  </language>
  
  
  <abstract>Research and writing by Canadian academics conducted in collaboration with Indigenous people, or drawing on Indigenous knowledge, is governed by Indigenous laws and Canadian law and policy, including intellectual property law. This presentation addresses some of the challenges working within this legal and ethical environment and questions to consider in structuring collaborative relationships. It also introduces the IPinCH project (Intellectual Property Issues in Cultural Heritage, www.sfu.ca/ipinch) and the practical resources and network of support offered by the project.</abstract>
  <subject>
    <topic>Intellectual Property Law</topic>
  </subject>
  <subject>
    <topic>Ethics</topic>
  </subject>
  <subject>
    <topic>Collaborative Research</topic>
  </subject>
  <subject>
    <topic>Indigenous</topic>
  </subject>
  <subject>
    <topic>Traditional Knowledge</topic>
  </subject>
  <subject>
    <topic>IPinCH</topic>
  </subject>
  
  <accessCondition type="use and reproduction">http://creativecommons.org/licenses/by-nc-nd/4.0/</accessCondition>
  <recordInfo>
    <recordOrigin>Avalon Media System</recordOrigin>
    <recordContentSource>IEN</recordContentSource>
    <recordCreationDate>20180309</recordCreationDate>
    <recordChangeDate>2018-03-16T10:23:33-06:00</recordChangeDate>
    
    <languageOfCataloging>
      <languageTerm authority="iso639-2b" type="code">eng</languageTerm>
    </languageOfCataloging>
    <recordIdentifier source="Fedora">avalon:4263</recordIdentifier>
  </recordInfo>
<physicalDescription><internetMediaType>video/mp4</internetMediaType></physicalDescription><location><url access="object in context"/></location></mods>