<?xml version="1.0" encoding="UTF-8"?><mods xmlns:xsi="http://www.w3.org/2001/XMLSchema-instance" xmlns="http://www.loc.gov/mods/v3" xsi:schemaLocation="http://www.loc.gov/mods/v3 http://www.loc.gov/standards/mods/v3/mods-3-4.xsd">
  <titleInfo usage="primary">
    <title>MMus Recital, Jeanie Kim, cello</title>
  </titleInfo>
  <name type="personal" usage="primary">
    <namePart>Kim, Jeanie</namePart>
    <role>
      <roleTerm authority="marcrelator" type="code">cre</roleTerm>
      <roleTerm authority="marcrelator" type="text">Creator</roleTerm>
    </role>
  </name>
  <genre authority="pbcore" valueURI="http://pbcore.org/vocabularies/pbcoreGenre%23music">Music</genre>
  <originInfo>
    <dateIssued encoding="edtf">2012-03-31</dateIssued>
  </originInfo>
  <language>
    <languageTerm type="code">zxx</languageTerm>
    <languageTerm type="text">No linguistic content</languageTerm>
  </language>
  
  
  <accessCondition type="use and reproduction">This audiovisual content is being provided solely for educational use and research, pursuant to exceptions in the Canadian Copyright Act.  Further reproduction or distribution or other use may require additional permissions</accessCondition>
  <subject>
    <topic>Instrumental music</topic>
  </subject>
  <subject>
    <topic>Cello and piano music</topic>
  </subject>
  <subject>
    <topic>Cello music</topic>
  </subject>
  <subject>
    <geographic>Holy Trinity Anglican Church</geographic>
  </subject>
  <recordInfo>
    <recordOrigin>Avalon Media System</recordOrigin>
    <recordContentSource>IEN</recordContentSource>
    <recordCreationDate>20180530</recordCreationDate>
    <recordChangeDate>2018-05-30T16:42:31-06:00</recordChangeDate>
    
    <languageOfCataloging>
      <languageTerm authority="iso639-2b" type="code">eng</languageTerm>
    </languageOfCataloging>
    <recordIdentifier source="Fedora">avalon:4939</recordIdentifier>
  </recordInfo>
  <tableOfContents>Sicilienne, Op. 78 (1893) / Gabriel Fauré (1845-1924) -- Papillon, Op. 77 (1885) / Gabriel Fauré (1845-1924) -- Romance, Op. 69 (1894) / Gabriel Fauré (1845-1924) -- Suite for Solo Cello (1926) / Gaspar Cassado (1897-1966) -- Sonata No. 2 in G minor, Op. 5, No. 2 (1796): I. Adagio sostenuto e espressivo - Allegro molto più tosto presto; II. Rondo: Allegro / Ludwig van Beethoven (1770-1827) -- Cello Concerto in B minor, I. Allegro (1894-1895) / Antonín Dvořák (1841-1904)</tableOfContents>
<physicalDescription><internetMediaType>video/mp4</internetMediaType></physicalDescription></mods>