<?xml version="1.0" encoding="UTF-8"?><mods xmlns:xsi="http://www.w3.org/2001/XMLSchema-instance" xmlns="http://www.loc.gov/mods/v3" xsi:schemaLocation="http://www.loc.gov/mods/v3 http://www.loc.gov/standards/mods/v3/mods-3-4.xsd">
  <titleInfo usage="primary">
    <title>A Recital by Fordyce Pier, trumpet</title>
  </titleInfo>
  <name type="personal" usage="primary">
    <namePart>Pier, Fordyce</namePart>
    <role>
      <roleTerm authority="marcrelator" type="code">cre</roleTerm>
      <roleTerm authority="marcrelator" type="text">Creator</roleTerm>
    </role>
  </name>
  <name type="personal">
    <namePart>Keown, Eileen</namePart>
    <role>
      <roleTerm authority="marcrelator" type="code">ctb</roleTerm>
      <roleTerm authority="marcrelator" type="text">Contributor</roleTerm>
    </role>
  </name>
  <genre authority="pbcore" valueURI="http://pbcore.org/vocabularies/pbcoreGenre%23music">Music</genre>
  <originInfo>
    
  <dateIssued encoding="edtf">1982-01-11</dateIssued></originInfo>
  <language>
    <languageTerm type="code">zxx</languageTerm>
    <languageTerm type="text">No linguistic content</languageTerm>
  </language>
  
  
  <note type="general">This audiovisual content is being provided solely for educational use and research, pursuant to exceptions in the Canadian Copyright Act.  Further reproduction or distribution or other use may require additional permissions</note>
  <note type="venue">Performance location: Convocation Hall, University of Alberta</note>
  <note type="performers">Pier, Fordyce, trumpet ; Keown, Eileen, piano&#xD;
&#xD;
&#xD;
&#xD;
&#xD;
&#xD;
&#xD;
&#xD;
&#xD;
&#xD;
&#xD;
&#xD;
&#xD;
&#xD;
&#xD;
&#xD;
&#xD;
&#xD;
&#xD;
&#xD;
&#xD;
&#xD;
&#xD;
&#xD;
&#xD;
&#xD;
&#xD;
&#xD;
&#xD;
&#xD;
&#xD;
&#xD;
&#xD;
&#xD;
&#xD;
&#xD;
&#xD;
&#xD;
&#xD;
&#xD;
&#xD;
&#xD;
&#xD;
&#xD;
&#xD;
&#xD;
&#xD;
&#xD;
&#xD;
&#xD;
&#xD;
&#xD;
&#xD;
&#xD;
&#xD;
&#xD;
&#xD;
&#xD;
&#xD;
</note>
  <subject>
    <topic>Instrumental music</topic>
  </subject>
  <subject>
    <topic>Trumpet and piano music</topic>
  </subject>
  <subject>
    <topic>Trumpet solo music</topic>
  </subject>
  
  
  <recordInfo>
    <recordOrigin>Avalon Media System</recordOrigin>
    <recordContentSource>IEN</recordContentSource>
    <recordCreationDate>20180530</recordCreationDate>
    <recordChangeDate>2018-06-19T14:11:04-06:00</recordChangeDate>
    
    <languageOfCataloging>
      <languageTerm authority="iso639-2b" type="code">eng</languageTerm>
    </languageOfCataloging>
    <recordIdentifier source="Fedora">avalon:4657</recordIdentifier>
  </recordInfo>
  <tableOfContents>Concerto in E flat major / Johann Baptist Georg Neruda -- Sonata for trumpet and piano / Halsey Stevens -- Fanfare from Solus / Stan Friedman -- Fantaisie-Impromptu in C-sharp minor, op. 66 / Frederic Chopin -- Concertino for trumpet and piano / Eugene Bozza</tableOfContents>
<physicalDescription><internetMediaType>audio/x-wav</internetMediaType></physicalDescription></mods>