<?xml version="1.0" encoding="UTF-8"?><mods xmlns:xsi="http://www.w3.org/2001/XMLSchema-instance" xmlns="http://www.loc.gov/mods/v3" xsi:schemaLocation="http://www.loc.gov/mods/v3 http://www.loc.gov/standards/mods/v3/mods-3-4.xsd">
  <titleInfo usage="primary">
    <title>OER Tools and Tech</title>
  </titleInfo>
  <genre authority="pbcore" valueURI="http://pbcore.org/vocabularies/pbcoreGenre%23event">Event</genre>
  <originInfo>
    
  <dateIssued encoding="edtf">2017-05-11</dateIssued></originInfo>
  <language>
    <languageTerm type="code">eng</languageTerm>
    <languageTerm type="text">English</languageTerm>
  </language>
  
  
  <abstract>Are you interested in adopting open textbooks and other open educational resources? Have you found resources you would like to make changes to? Have you found an open textbook you would like to enhance by contributing your own resources? Do you have questions about technology tools that support your open education vision? If you answer yes or maybe to any of these questions then you should participate in this session! Presenter: JR Dingwall (University of Saskatchewan).</abstract>
  <note type="general">"The Campus Alberta Open Educational Resources (ABOER) Initiative is made possible through an investment from the Alberta government."</note>
  <subject>
    <topic>Open Educational Resources</topic>
  </subject>
  <subject>
    <topic>Alberta OER</topic>
  </subject>
  
  <accessCondition type="use and reproduction">http://creativecommons.org/licenses/by/4.0/</accessCondition>
  <accessCondition type="use and reproduction">http://creativecommons.org/licenses/by/4.0/</accessCondition>
  <recordInfo>
    <recordOrigin>Avalon Media System</recordOrigin>
    <recordContentSource>IEN</recordContentSource>
    <recordCreationDate>20170710</recordCreationDate>
    <recordChangeDate>2017-08-02T11:39:03-06:00</recordChangeDate>
    
    <languageOfCataloging>
      <languageTerm authority="iso639-2b" type="code">eng</languageTerm>
    </languageOfCataloging>
    <recordIdentifier source="Fedora">avalon:3348</recordIdentifier>
  </recordInfo>
<physicalDescription><internetMediaType>video/mp4</internetMediaType></physicalDescription><location><url access="object in context"/></location></mods>