<?xml version="1.0" encoding="UTF-8"?><mods xmlns:xsi="http://www.w3.org/2001/XMLSchema-instance" xmlns="http://www.loc.gov/mods/v3" xsi:schemaLocation="http://www.loc.gov/mods/v3 http://www.loc.gov/standards/mods/v3/mods-3-4.xsd">
  <titleInfo usage="primary">
    <title>MMus Chamber Recital, Christina Le Rose, piano</title>
  </titleInfo>
  <name type="personal" usage="primary">
    <namePart>Le Rose, Christina</namePart>
    <role>
      <roleTerm authority="marcrelator" type="code">cre</roleTerm>
      <roleTerm authority="marcrelator" type="text">Creator</roleTerm>
    </role>
  </name>
  <genre authority="pbcore" valueURI="http://pbcore.org/vocabularies/pbcoreGenre%23music">Music</genre>
  <originInfo>
    <dateIssued encoding="edtf">2011-04-28</dateIssued>
  </originInfo>
  <language>
    <languageTerm type="code">ger</languageTerm>
    <languageTerm type="text">German</languageTerm>
  </language>
  
  
  <accessCondition type="use and reproduction">This audiovisual content is being provided solely for educational use and research, pursuant to exceptions in the Canadian Copyright Act.  Further reproduction or distribution or other use may require additional permissions</accessCondition>
  <subject>
    <topic>Instrumental music</topic>
  </subject>
  <subject>
    <topic>Vocal music</topic>
  </subject>
  <subject>
    <topic>Saxophone and piano music</topic>
  </subject>
  <subject>
    <topic>Cello and piano music</topic>
  </subject>
  <subject>
    <geographic>Convocation Hall, University of Alberta</geographic>
  </subject>
  <recordInfo>
    <recordOrigin>Avalon Media System</recordOrigin>
    <recordContentSource>IEN</recordContentSource>
    <recordCreationDate>20180531</recordCreationDate>
    <recordChangeDate>2018-05-31T09:31:40-06:00</recordChangeDate>
    
    <languageOfCataloging>
      <languageTerm authority="iso639-2b" type="code">eng</languageTerm>
    </languageOfCataloging>
    <recordIdentifier source="Fedora">avalon:5072</recordIdentifier>
  </recordInfo>
  <tableOfContents>Sonatine bucolique (1964)(with Chee Meng Low, alto saxophone): I. Eglogue; II. Chanson champêtre; III. Rondeau pastoral / H. Sauget (1901-1989) -- Sonata No. 4 in C major, Op. 102, No. 1 (1815)(with Jeanie Kim, cello): I. Andante, Allegro vivace; II Adagio, Tempo d'Andante, Allegro vivace / L. Beethoven (1770-1827) -- Dichterliebe, Op. 48 (1840)(with Mark Wilkinson, baritone): I. Im wunderschönen Monat Mai; II. Aus meinen Tränen sprießen; III. Die Rose, die Lilie, die Taube, die Sonne; IV. Wenn ich in deine Augen seh; V. Ich will meine Seele tauchen; VI. Im Rhein, im heiligen Strome; VII Ich grolle nicht; VIII Und Wüßten's die Blumen, die kleinen; IX. Das ist ein Flöten und Geigen; X. Hör' ich das Liedchen klingen; XI. Ein Jüngling liebt ein Mädchen; XII. Am leuchtenden Sommermorgen; XIII. Ich hab' im Traum geweinet; XIV. Allnächtlich im Traume; XV. Aus alten Märchen winkt es; XVI. Die alten, bösen Lieder</tableOfContents>
<physicalDescription><internetMediaType>video/mp4</internetMediaType></physicalDescription></mods>