<?xml version="1.0" encoding="UTF-8"?><mods xmlns:xsi="http://www.w3.org/2001/XMLSchema-instance" xmlns="http://www.loc.gov/mods/v3" xsi:schemaLocation="http://www.loc.gov/mods/v3 http://www.loc.gov/standards/mods/v3/mods-3-4.xsd">
  <titleInfo usage="primary">
    <title>A most beautiful deception : a poetic-musical based on the popular book by Melissa Morelli Lacroix</title>
  </titleInfo>
  <name type="personal" usage="primary">
    <namePart>Lacroix, Melissa Morelli, 1975-.</namePart>
    <role>
      <roleTerm authority="marcrelator" type="code">cre</roleTerm>
      <roleTerm authority="marcrelator" type="text">Creator</roleTerm>
    </role>
  </name>
  <name type="personal">
    <namePart>Lacroix, Melissa Morelli, 1975-.</namePart>
    <role>
      <roleTerm authority="marcrelator" type="code">ctb</roleTerm>
      <roleTerm authority="marcrelator" type="text">Contributor</roleTerm>
    </role>
  </name>
  <name type="personal">
    <namePart>Rijavec, Mireille</namePart>
    <role>
      <roleTerm authority="marcrelator" type="code">ctb</roleTerm>
      <roleTerm authority="marcrelator" type="text">Contributor</roleTerm>
    </role>
  </name>
  <name type="personal">
    <namePart>Gavrailova, Dessislava</namePart>
    <role>
      <roleTerm authority="marcrelator" type="code">ctb</roleTerm>
      <roleTerm authority="marcrelator" type="text">Contributor</roleTerm>
    </role>
  </name>
  <name type="personal">
    <namePart>Lacroix, Melissa Morelli Most beautiful deception.</namePart>
    <role>
      <roleTerm authority="marcrelator" type="code">ctb</roleTerm>
      <roleTerm authority="marcrelator" type="text">Contributor</roleTerm>
    </role>
  </name>
  <name type="personal">
    <namePart>Whittington Media</namePart>
    <role>
      <roleTerm authority="marcrelator" type="code">ctb</roleTerm>
      <roleTerm authority="marcrelator" type="text">Contributor</roleTerm>
    </role>
  </name>
  <genre authority="pbcore" valueURI="http://pbcore.org/vocabularies/pbcoreGenre%23art">Art</genre>
  <genre authority="pbcore" valueURI="http://pbcore.org/vocabularies/pbcoreGenre%23music">Music</genre>
  <originInfo>
    
    
  <dateIssued encoding="edtf">2015</dateIssued><publisher>Whittington Media</publisher></originInfo>
  <language>
    <languageTerm type="code">eng</languageTerm>
    <languageTerm type="text">English</languageTerm>
  </language>
  
  
  <abstract>A poetic musical that explores stories and music of Schumann, Chopin and Debussy.</abstract>
  <note type="statement of responsibility">directed by Caroline Howarth ; playwright, Melissa Morelli Lacroix.</note>
  <note type="general">Recording of stage performance at Edmonton Fringe Festival, 2015.</note>
  <note type="performers">Actor, Melissa Morelli Lacroix ; singer, Mireille Rijavec ; pianist, Dessislava Gavrailova.</note>
  <note type="local">University of Alberta preservation copy maintained by Digital Initiatives. CaAEU</note>
  <subject>
    <topic>Verse drama, Canadian</topic>
  </subject>
  <relatedItem type="original">
    
    
  <physicalDescription><extent>1 videodisc (49 min., 54 sec.) : sound, color ; 4 3/4 in.</extent></physicalDescription><identifier type="local">7512073</identifier></relatedItem>
  
  <accessCondition type="use and reproduction">http://creativecommons.org/licenses/by-nc-nd/4.0/</accessCondition>
  <recordInfo>
    <recordOrigin>Avalon Media System</recordOrigin>
    <recordContentSource>IEN</recordContentSource>
    <recordCreationDate>20161108</recordCreationDate>
    <recordChangeDate>2017-07-14T15:50:28-06:00</recordChangeDate>
    
    <languageOfCataloging>
      <languageTerm authority="iso639-2b" type="code">eng</languageTerm>
    </languageOfCataloging>
    <recordIdentifier source="Fedora">avalon:789</recordIdentifier>
  </recordInfo>
<physicalDescription><internetMediaType>video/mp4</internetMediaType></physicalDescription><location><url access="object in context"/></location></mods>