<?xml version="1.0" encoding="UTF-8"?><mods xmlns:xsi="http://www.w3.org/2001/XMLSchema-instance" xmlns="http://www.loc.gov/mods/v3" xsi:schemaLocation="http://www.loc.gov/mods/v3 http://www.loc.gov/standards/mods/v3/mods-3-4.xsd">
  <titleInfo usage="primary">
    <title>Sing We Now Merrily - A Celebration of English Choral Music - DMus Choral Conducting Recital</title>
  </titleInfo>
  <name type="personal" usage="primary">
    <namePart>Robertson, Adam</namePart>
    <role>
      <roleTerm authority="marcrelator" type="code">cre</roleTerm>
      <roleTerm authority="marcrelator" type="text">Creator</roleTerm>
    </role>
  </name>
  <name type="personal">
    <namePart>Robertson, Adam</namePart>
    <role>
      <roleTerm authority="marcrelator" type="code">ctb</roleTerm>
      <roleTerm authority="marcrelator" type="text">Contributor</roleTerm>
    </role>
  </name>
  <genre authority="pbcore" valueURI="http://pbcore.org/vocabularies/pbcoreGenre%23music">Music</genre>
  <originInfo>
    <dateIssued encoding="edtf">2011-06-25</dateIssued>
  </originInfo>
  <language>
    <languageTerm type="code">eng</languageTerm>
    <languageTerm type="text">English</languageTerm>
  </language>
  <language>
    <languageTerm type="code">lat</languageTerm>
    <languageTerm type="text">Latin</languageTerm>
  </language>
  
  
  <accessCondition type="use and reproduction">This audiovisual content is being provided solely for educational use and research, pursuant to exceptions in the Canadian Copyright Act.  Further reproduction or distribution or other use may require additional permissions</accessCondition>
  <subject>
    <topic>Choral music</topic>
  </subject>
  <subject>
    <topic>Vocal music</topic>
  </subject>
  <subject>
    <geographic>Holy Trinity Anglican Church</geographic>
  </subject>
  <recordInfo>
    <recordOrigin>Avalon Media System</recordOrigin>
    <recordContentSource>IEN</recordContentSource>
    <recordCreationDate>20180531</recordCreationDate>
    <recordChangeDate>2018-05-31T09:34:57-06:00</recordChangeDate>
    
    <languageOfCataloging>
      <languageTerm authority="iso639-2b" type="code">eng</languageTerm>
    </languageOfCataloging>
    <recordIdentifier source="Fedora">avalon:5081</recordIdentifier>
  </recordInfo>
  <tableOfContents>O Clap Your Hands (with Tammy-Jo Mortensen, organ) / John Rutter -- Three Motets: I. Justorum animae; II. Coelos ascendit hodie; III. Beati quorum via / Charles Villiers Stanford -- Missa Brevis (with Tammy-Jo Mortensen, organ): I. Kyrie; II. Sanctus and Benedictus; III. Agnus Dei (Jessican Robertson, mezzo soprano; Jared Samborski, tenor); IV. Gloria (Kimberley Denis, soprano; Elizabeth Mazurok, soprano; Jessica Robertson, mezzo soprano; Megann Karasin, mezzo soprano; Abra Whitney, mezzo soprano; Bradley Cronin, tenor; Wayne Poon, tenor; Steven Miller, bass) / William Walton -- Hymn to St. Cecilia (Camilla Kershaw, soprano; Abra Whitney, mezzo soprano; Jared Samborski, tenor; Rob Curtis, bass) / Benjamin Britten -- Fair Phyllis / John Farmer -- Draw On, Sweet Night / John Wilbye -- Three Shakespeare Songs: I. Full Fathom Five; II. The Cloud-Capp'd Towers; III. Over Hill, Over Dale / Ralph Vaughan Williams -- Singing By Numbers (with Jared Samborski, piano) / I. Sing we now merrily; II. The singing of birds; III. Hey down a down!; IV. Cruet MacNightshade; V. Sing you now; VI. Everybody sang; VIII. Hey down a down/Sing with thy mouth / Bob Chilcott</tableOfContents>
<physicalDescription><internetMediaType>video/mp4</internetMediaType></physicalDescription></mods>