<?xml version="1.0" encoding="UTF-8"?><mods xmlns:xsi="http://www.w3.org/2001/XMLSchema-instance" xmlns="http://www.loc.gov/mods/v3" xsi:schemaLocation="http://www.loc.gov/mods/v3 http://www.loc.gov/standards/mods/v3/mods-3-4.xsd">
  <titleInfo usage="primary">
    <title>Programa Nosotros.</title>
  </titleInfo>
  <name type="personal" usage="primary">
    <namePart>Contreras, Sergio</namePart>
    <role>
      <roleTerm authority="marcrelator" type="code">cre</roleTerm>
      <roleTerm authority="marcrelator" type="text">Creator</roleTerm>
    </role>
  </name>
  <name type="personal">
    <namePart>Azocar, Lito</namePart>
    <role>
      <roleTerm authority="marcrelator" type="code">ctb</roleTerm>
      <roleTerm authority="marcrelator" type="text">Contributor</roleTerm>
    </role>
  </name>
  <genre>Variety</genre>
  <genre>Community</genre>
  <genre>Performance</genre>
  <originInfo>
    <dateCreated encoding="edtf">1987-11-01</dateCreated>
    <dateIssued encoding="edtf">1987-12-20</dateIssued>
  </originInfo>
  <language>
    <languageTerm type="code">spa</languageTerm>
    <languageTerm type="text">Spanish</languageTerm>
  </language>
  
  
  <abstract>Christmas special: Performance from chilean folk-rock fusion group Jaivas, Christmas greetings and a reminder to think of the less fortunate in Chile and to act in solidarity with a socialist-democratic movement from Degalio Henriquez of the coordinación socialista, a music video of "Venid fieles" (oh come let us adore him), christmas greetings from Mario Acuna of the comite catolica de latinoamerica, Santa Claus visits Escuela Salvador Allende, where the children sing carols, a music video of "Campanas de Bélen", chirstmas carols from Escuela Gabriela Mistral, Christmas greetings from Mario Pailamilla of LASAOT, music video of "la marimorena", christmas greetings from Fidel Guerra of Chile Mi Pais, music video for "Navidad, feliz navidad", Unknown music video (glitchy), message from Enrique Reyes and Antonion Guzman (also glitchy and hard to understand), unknown live musical performance (glitchy), final christmas greeting from Nosotros, Continued live performance (possibly Inti-illimani?)</abstract>
  <subject>
    <topic>Christmas; Navidad; Jaivas; Musica chileña; Chilean music; Degalio Henriquez; coordinación socialista; Adeste fideles; Venid fieles; O come let us adore him; Mario Acuna; comite catolica latinoamericana; Committee of catholic latin america; Escuela Salvador Allende; Santa Claus; Papá Noel; Campana sobre campana; campanas de belén; Escuela Gabriela Mistral; Children's choir; choro de niños; LASAOT; marimorena; Christmas carols; villancicos; Fidel Guerra; Chile Mi Pais; "Navidad; feliz navidad"</topic>
  </subject>
  <subject>
    <geographic>Edmonton</geographic>
  </subject>
  <subject>
    <geographic>Alberta</geographic>
  </subject>
  <relatedItem type="original">
    <identifier type="local">programa-nosotros-11</identifier>
  </relatedItem>
  
  <accessCondition type="use and reproduction">http://creativecommons.org/licenses/by/4.0/</accessCondition>
  <recordInfo>
    <recordOrigin>Avalon Media System</recordOrigin>
    <recordContentSource>IEN</recordContentSource>
    <recordCreationDate>20160816</recordCreationDate>
    <recordChangeDate>2016-08-18T09:49:05-06:00</recordChangeDate>
    
    <languageOfCataloging>
      <languageTerm authority="iso639-2b" type="code">eng</languageTerm>
    </languageOfCataloging>
    <recordIdentifier source="Fedora">avalon:284</recordIdentifier>
  </recordInfo>
<physicalDescription><internetMediaType>video/quicktime</internetMediaType></physicalDescription><location><url access="object in context"/></location></mods>