<?xml version="1.0" encoding="UTF-8"?><mods xmlns:xsi="http://www.w3.org/2001/XMLSchema-instance" xmlns="http://www.loc.gov/mods/v3" xsi:schemaLocation="http://www.loc.gov/mods/v3 http://www.loc.gov/standards/mods/v3/mods-3-4.xsd">
  <titleInfo usage="primary">
    <title>Programa Nosotros. First Episode of the Year</title>
  </titleInfo>
  <name type="personal" usage="primary">
    <namePart>Dave Trautman</namePart>
    <role>
      <roleTerm authority="marcrelator" type="code">cre</roleTerm>
      <roleTerm authority="marcrelator" type="text">Creator</roleTerm>
    </role>
  </name>
  <name type="personal">
    <namePart>Red Star</namePart>
    <role>
      <roleTerm authority="marcrelator" type="code">ctb</roleTerm>
      <roleTerm authority="marcrelator" type="text">Contributor</roleTerm>
    </role>
  </name>
  <genre>Variety</genre>
  <genre>Community</genre>
  <genre>Performance</genre>
  <genre>Interview</genre>
  <originInfo>
    <dateCreated encoding="edtf">1983</dateCreated>
    <dateIssued encoding="edtf">1983~</dateIssued>
  </originInfo>
  <language>
    <languageTerm type="code">spa</languageTerm>
    <languageTerm type="text">Spanish</languageTerm>
  </language>
  
  
  <abstract>In this episode, as a part of the first episode of the year, the film crew is interviewed about where they come from and why they chose to work on Programa Nosotros. Interspersed between the interviews are a series of performances. The first is a description of indigenous clothing from certain regions, the second has songs performed on guitar, the thrid is two dances by a children's group, and the fourth is a women's dance group.</abstract>
  <subject>
    <topic>first episode; primera programa; film crew; equipo de pelicula; indigenous costume; traje tradicional; indigenous dance; baile tradicional; indigenous music; musica tradicional</topic>
  </subject>
  <subject>
    <geographic>Edmonton</geographic>
  </subject>
  <subject>
    <geographic>Alberta</geographic>
  </subject>
  <relatedItem type="original">
    <identifier type="local">programa-nosotros-2B</identifier>
  </relatedItem>
  
  <accessCondition type="use and reproduction">http://creativecommons.org/licenses/by/4.0/</accessCondition>
  <recordInfo>
    <recordOrigin>Avalon Media System</recordOrigin>
    <recordContentSource>IEN</recordContentSource>
    <recordCreationDate>20160816</recordCreationDate>
    <recordChangeDate>2016-08-18T09:51:01-06:00</recordChangeDate>
    
    <languageOfCataloging>
      <languageTerm authority="iso639-2b" type="code">eng</languageTerm>
    </languageOfCataloging>
    <recordIdentifier source="Fedora">avalon:420</recordIdentifier>
  </recordInfo>
<physicalDescription><internetMediaType>video/quicktime</internetMediaType></physicalDescription><location><url access="object in context"/></location></mods>