<?xml version="1.0" encoding="UTF-8"?><mods xmlns:xsi="http://www.w3.org/2001/XMLSchema-instance" xmlns="http://www.loc.gov/mods/v3" xsi:schemaLocation="http://www.loc.gov/mods/v3 http://www.loc.gov/standards/mods/v3/mods-3-4.xsd">
  <titleInfo usage="primary">
    <title>DMus Recital, Christina Le Rose, piano</title>
  </titleInfo>
  <name type="personal" usage="primary">
    <namePart>Le Rose, Christina</namePart>
    <role>
      <roleTerm authority="marcrelator" type="code">cre</roleTerm>
      <roleTerm authority="marcrelator" type="text">Creator</roleTerm>
    </role>
  </name>
  <genre authority="pbcore" valueURI="http://pbcore.org/vocabularies/pbcoreGenre%23music">Music</genre>
  <originInfo>
    <dateIssued encoding="edtf">2012-04-30</dateIssued>
  </originInfo>
  <language>
    <languageTerm type="code">zxx</languageTerm>
    <languageTerm type="text">No linguistic content</languageTerm>
  </language>
  
  
  <accessCondition type="use and reproduction">This audiovisual content is being provided solely for educational use and research, pursuant to exceptions in the Canadian Copyright Act.  Further reproduction or distribution or other use may require additional permissions</accessCondition>
  <subject>
    <topic>Instrumental music</topic>
  </subject>
  <subject>
    <topic>Piano music</topic>
  </subject>
  <subject>
    <geographic>Convocation Hall, University of Alberta</geographic>
  </subject>
  <recordInfo>
    <recordOrigin>Avalon Media System</recordOrigin>
    <recordContentSource>IEN</recordContentSource>
    <recordCreationDate>20180530</recordCreationDate>
    <recordChangeDate>2018-05-30T16:43:30-06:00</recordChangeDate>
    
    <languageOfCataloging>
      <languageTerm authority="iso639-2b" type="code">eng</languageTerm>
    </languageOfCataloging>
    <recordIdentifier source="Fedora">avalon:4944</recordIdentifier>
  </recordInfo>
  <tableOfContents>Sonata in E-flat major, Hob. XVI: 52 (1794): I. Allegro; II. Adagio; III. Finale: Presto / Franz Joseph Haydn (1732-1809) -- Etude for the left hand alone, Op. 36 (1905) / Felix Blumenfeld (1863-1931) -- Winnsboro Cotton Mill Blues (1978-79) / Frederic Rzewski (1938-) -- Aria variata alla maniera italiana in A minor, BWV 989 (ca. 1714) / J.S. Bach (1685-1750) -- Fantasie in C major, Op. 17 (1836): I. Durchaus fantastisch und leidenschaftlich Vorzutragen. Im Legendenton. Erstes Tempo; II. Mäßig: Durchaus energisch; III. Langsam getragen: Durchweg leise zu halten / Robert Schumann (1810-1856)</tableOfContents>
<physicalDescription><internetMediaType>video/mp4</internetMediaType></physicalDescription></mods>