<?xml version="1.0" encoding="UTF-8"?><mods xmlns:xsi="http://www.w3.org/2001/XMLSchema-instance" xmlns="http://www.loc.gov/mods/v3" xsi:schemaLocation="http://www.loc.gov/mods/v3 http://www.loc.gov/standards/mods/v3/mods-3-4.xsd">
  <titleInfo usage="primary">
    <title>Programa Nosotros.</title>
  </titleInfo>
  <name type="personal" usage="primary">
    <namePart>Mario Allende</namePart>
    <role>
      <roleTerm authority="marcrelator" type="code">cre</roleTerm>
      <roleTerm authority="marcrelator" type="text">Creator</roleTerm>
    </role>
  </name>
  <name type="personal">
    <namePart>Azocar, Lito</namePart>
    <role>
      <roleTerm authority="marcrelator" type="code">ctb</roleTerm>
      <roleTerm authority="marcrelator" type="text">Contributor</roleTerm>
    </role>
  </name>
  <genre>Variety</genre>
  <genre>Community</genre>
  <genre>Performance</genre>
  <originInfo>
    <dateCreated encoding="edtf">1992-11-15</dateCreated>
    <dateIssued encoding="edtf">1992-11-15</dateIssued>
  </originInfo>
  <language>
    <languageTerm type="code">spa</languageTerm>
    <languageTerm type="text">Spanish</languageTerm>
  </language>
  
  
  <abstract>This episode begins with the hosts talking about the importance of Nosotros in their lives. Then, they have a documentary by Ojos de America called Carros y Carretas. This documentary focuses on the experience of taking public transit in Ecuador and it achieves this by displaying Ecuador through the eyes of its bus drivers. After the documentary, there is a brief explanation of how it is interesting to see this everyday action through the eyes of someone who generally isn't treated very cordially by other members of society. To finish the show, there is a segment of "Entre Amigos," which is a musical performance by Ernesto Yanez and Pepe Farina. Pepe starts out with "Ya no canto tu nombre" by Patricio Manns and then they play their version of "La Muralla." Next, we have Pepe's rendition of "El breve espacio en que no estas" by Pablo Milanes. This is followed by Ernesto's performance of "Como la cigarra" by Mercedes Sosa. Pepe finishes the episode by playing "Esta cancion" by Silvio Rodriguez.</abstract>
  <subject>
    <topic>Ojos de America; Eyes of America; Musica en vivo; Live Music; Transportacion; Transportation; Autobus; Bus</topic>
  </subject>
  <subject>
    <geographic>Edmonton</geographic>
  </subject>
  <subject>
    <geographic>Alberta</geographic>
  </subject>
  <relatedItem type="original">
    <identifier type="local">programa-nosotros-60</identifier>
  </relatedItem>
  
  <accessCondition type="use and reproduction">http://creativecommons.org/licenses/by/4.0/</accessCondition>
  <recordInfo>
    <recordOrigin>Avalon Media System</recordOrigin>
    <recordContentSource>IEN</recordContentSource>
    <recordCreationDate>20160816</recordCreationDate>
    <recordChangeDate>2016-08-18T09:47:46-06:00</recordChangeDate>
    
    <languageOfCataloging>
      <languageTerm authority="iso639-2b" type="code">eng</languageTerm>
    </languageOfCataloging>
    <recordIdentifier source="Fedora">avalon:380</recordIdentifier>
  </recordInfo>
<physicalDescription><internetMediaType>video/quicktime</internetMediaType></physicalDescription><location><url access="object in context"/></location></mods>