<?xml version="1.0" encoding="UTF-8"?><mods xmlns:xsi="http://www.w3.org/2001/XMLSchema-instance" xmlns="http://www.loc.gov/mods/v3" xsi:schemaLocation="http://www.loc.gov/mods/v3 http://www.loc.gov/standards/mods/v3/mods-3-4.xsd">
  <titleInfo usage="primary">
    <title>Programa Nosotros. Mario Palestro y la Copa Canadá</title>
  </titleInfo>
  <name type="personal" usage="primary">
    <namePart>Contreras, Sergio</namePart>
    <role>
      <roleTerm authority="marcrelator" type="code">cre</roleTerm>
      <roleTerm authority="marcrelator" type="text">Creator</roleTerm>
    </role>
  </name>
  <name type="personal">
    <namePart>Azocar, Lito</namePart>
    <role>
      <roleTerm authority="marcrelator" type="code">ctb</roleTerm>
      <roleTerm authority="marcrelator" type="text">Contributor</roleTerm>
    </role>
  </name>
  <genre authority="pbcore" valueURI="http://pbcore.org/vocabularies/pbcoreGenre%23variety">Variety</genre>
  <genre authority="pbcore" valueURI="http://pbcore.org/vocabularies/pbcoreGenre%23community">Community</genre>
  <genre authority="pbcore" valueURI="http://pbcore.org/vocabularies/pbcoreGenre%23performance">Performance</genre>
  <originInfo>
    
    
  <dateIssued encoding="edtf">1988-04-24</dateIssued><dateCreated encoding="edtf">1988-04-24</dateCreated></originInfo>
  <language>
    <languageTerm type="code">spa</languageTerm>
    <languageTerm type="text">Spanish</languageTerm>
  </language>
  
  
  <abstract>Interview with ex MP Mario Palestro; who talks about justice, dictatorship, and the municipal politics of Santiago. Coverage of the "copa Canadá", a local soccer tournament, and interviews with the coaches and captains of the finalist teams. Local news, festivals, and events, and a memorial to the recently departed drummer Gabriel Parra of chilean folk-rock group Los Jaivas with concert footage.</abstract>
  <subject>
    <topic>Mario Palestro; chile; comuna de santiago; city of santiago; copa canadá; Canada cup; soccer; fútbol; Los Jaivas; musica de chile; chilean music; edmonton sports; deportes de edmonton; Gabriel Parra; exile; exilo; Partido Socialista de Chile; Socialist Party of Chile; socialism; chilean socialism; socialismo; socialismo chileño; dictatorship; dictadura; torneo de fútbol; soccer tournament; Kinsemen fieldhouse; jubilee auditorium.</topic>
  </subject>
  <subject>
    <geographic>Edmonton</geographic>
  </subject>
  <subject>
    <geographic>Alberta</geographic>
  </subject>
  <relatedItem type="original">
    
  <identifier type="local">programa-nosotros-6</identifier></relatedItem>
  
  <accessCondition type="use and reproduction">http://creativecommons.org/licenses/by/4.0/</accessCondition>
  <recordInfo>
    <recordOrigin>Avalon Media System</recordOrigin>
    <recordContentSource>IEN</recordContentSource>
    <recordCreationDate>20160816</recordCreationDate>
    <recordChangeDate>2017-11-22T20:16:41-07:00</recordChangeDate>
    
    <languageOfCataloging>
      <languageTerm authority="iso639-2b" type="code">eng</languageTerm>
    </languageOfCataloging>
    <recordIdentifier source="Fedora">avalon:280</recordIdentifier>
  </recordInfo>
<physicalDescription><internetMediaType>video/quicktime</internetMediaType></physicalDescription><location><url access="object in context"/></location></mods>