<?xml version="1.0" encoding="UTF-8"?><mods xmlns:xsi="http://www.w3.org/2001/XMLSchema-instance" xmlns="http://www.loc.gov/mods/v3" xsi:schemaLocation="http://www.loc.gov/mods/v3 http://www.loc.gov/standards/mods/v3/mods-3-4.xsd">
  <titleInfo usage="primary">
    <title>Challenges in collecting, managing and archiving data: vignettes: Biological Sciences </title>
  </titleInfo>
  <name type="personal" usage="primary">
    <namePart>Williamson, Scott</namePart>
    <role>
      <roleTerm authority="marcrelator" type="code">cre</roleTerm>
      <roleTerm authority="marcrelator" type="text">Creator</roleTerm>
    </role>
  </name>
  <genre authority="pbcore" valueURI="http://pbcore.org/vocabularies/pbcoreGenre%23panel">Panel</genre>
  <genre authority="pbcore" valueURI="http://pbcore.org/vocabularies/pbcoreGenre%23educational">Educational</genre>
  <genre authority="pbcore" valueURI="http://pbcore.org/vocabularies/pbcoreGenre%23talk">Talk</genre>
  <originInfo>
    <dateIssued encoding="edtf">2012-03-22</dateIssued>
  </originInfo>
  <language>
    <languageTerm type="code">eng</languageTerm>
    <languageTerm type="text">English</languageTerm>
  </language>
  
  
  <abstract>Presentation given by Scott Williamson (PhD student, Biological Sciences) at the 2012 University of Alberta Campus Data Summit, March 22-23, 2012.</abstract>
  <subject>
    <topic>Data management</topic>
  </subject>
  <subject>
    <topic>Research data</topic>
  </subject>
  <relatedItem type="original">
    <identifier type="other">j6731387r</identifier>
  </relatedItem>
  <relatedItem displayLabel="Education &amp; Research Archive">
    <location>
      <url>https://era.library.ualberta.ca/files/j6731387r</url>
    </location>
  </relatedItem>
  
  <accessCondition type="use and reproduction">http://creativecommons.org/licenses/by-nc-nd/3.0/</accessCondition>
  <recordInfo>
    <recordOrigin>Avalon Media System</recordOrigin>
    <recordContentSource>IEN</recordContentSource>
    <recordCreationDate>20170512</recordCreationDate>
    <recordChangeDate>2017-10-04T09:29:28-06:00</recordChangeDate>
    
    <languageOfCataloging>
      <languageTerm authority="iso639-2b" type="code">eng</languageTerm>
    </languageOfCataloging>
    <recordIdentifier source="Fedora">avalon:1626</recordIdentifier>
  </recordInfo>
<physicalDescription><internetMediaType>video/mp4</internetMediaType></physicalDescription><location><url access="object in context"/></location></mods>