<?xml version="1.0" encoding="UTF-8"?><mods xmlns:xsi="http://www.w3.org/2001/XMLSchema-instance" xmlns="http://www.loc.gov/mods/v3" xsi:schemaLocation="http://www.loc.gov/mods/v3 http://www.loc.gov/standards/mods/v3/mods-3-4.xsd">
  <titleInfo usage="primary">
    <title>Claude Kenneson, cellist; Janet Scott Hoyt, pianist</title>
  </titleInfo>
  <name type="personal" usage="primary">
    <namePart>Kenneson, Claude</namePart>
    <role>
      <roleTerm authority="marcrelator" type="code">cre</roleTerm>
      <roleTerm authority="marcrelator" type="text">Creator</roleTerm>
    </role>
  </name>
  <genre authority="pbcore" valueURI="http://pbcore.org/vocabularies/pbcoreGenre%23music">Music</genre>
  <originInfo>
    <dateIssued encoding="edtf">1980-11-03</dateIssued>
  </originInfo>
  <language>
    <languageTerm type="code">zxx</languageTerm>
    <languageTerm type="text">No linguistic content</languageTerm>
  </language>
  
  
  <note type="general">This audiovisual content is being provided solely for educational use and research, pursuant to exceptions in the Canadian Copyright Act.  Further reproduction or distribution or other use may require additional permissions</note>
  <subject>
    <topic>Instrumental music</topic>
  </subject>
  <subject>
    <topic>Cello and piano music</topic>
  </subject>
  
  <recordInfo>
    <recordOrigin>Avalon Media System</recordOrigin>
    <recordContentSource>IEN</recordContentSource>
    <recordCreationDate>20180530</recordCreationDate>
    <recordChangeDate>2018-05-30T11:24:06-06:00</recordChangeDate>
    
    <languageOfCataloging>
      <languageTerm authority="iso639-2b" type="code">eng</languageTerm>
    </languageOfCataloging>
    <recordIdentifier source="Fedora">avalon:4563</recordIdentifier>
  </recordInfo>
<physicalDescription><internetMediaType>audio/x-wav</internetMediaType></physicalDescription></mods>