<?xml version="1.0" encoding="UTF-8"?><mods xmlns:xsi="http://www.w3.org/2001/XMLSchema-instance" xmlns="http://www.loc.gov/mods/v3" xsi:schemaLocation="http://www.loc.gov/mods/v3 http://www.loc.gov/standards/mods/v3/mods-3-4.xsd">
  <titleInfo usage="primary">
    <title>Finding Frankenstein an introduction to the University of Alberta Library system</title>
  </titleInfo>
  <name type="personal" usage="primary">
    <namePart>Vicom Ltd.</namePart>
    <role>
      <roleTerm authority="marcrelator" type="code">cre</roleTerm>
      <roleTerm authority="marcrelator" type="text">Creator</roleTerm>
    </role>
  </name>
  <name type="personal">
    <namePart>Vicom Ltd.</namePart>
    <role>
      <roleTerm authority="marcrelator" type="code">ctb</roleTerm>
      <roleTerm authority="marcrelator" type="text">Contributor</roleTerm>
    </role>
  </name>
  <genre authority="pbcore" valueURI="http://pbcore.org/vocabularies/pbcoreGenre%23how-to">How-to</genre>
  <genre authority="pbcore" valueURI="http://pbcore.org/vocabularies/pbcoreGenre%23educational">Educational</genre>
  <originInfo>
    
    
    
  <dateIssued encoding="edtf">1993</dateIssued><publisher>Vicom</publisher></originInfo>
  <language>
    <languageTerm type="code">eng</languageTerm>
    <languageTerm type="text">English</languageTerm>
  </language>
  
  
  <note type="statement of responsibility">produced for University of Alberta Library.</note>
  <note type="general">VHS.</note>
  <note type="general">Known as: University of Alberta Library instruction video.</note>
  <note type="general">Available in French with title: A la recherche de Frankenstein : une initiation au système de bibliothèque de l'Alberta.</note>
  <subject>
    <topic>University of Alberta. Library.</topic>
  </subject>
  <subject>
    <topic>Library orientation</topic>
  </subject>
  <subject>
    <topic>Aids and devices</topic>
  </subject>
  <subject>
    <topic>Library orientation for college students</topic>
  </subject>
  <subject>
    <topic>Information services</topic>
  </subject>
  <subject>
    <topic>User education</topic>
  </subject>
  <relatedItem type="original">
    
    
  <physicalDescription><extent>1 videocassette (20 min.) : sd., col. ; 1/2 in.</extent></physicalDescription><identifier type="local">2117026</identifier></relatedItem>
  
  
  <accessCondition type="use and reproduction">University of Alberta Libraries use.</accessCondition>
  <recordInfo>
    <recordOrigin>Avalon Media System</recordOrigin>
    <recordContentSource>IEN</recordContentSource>
    <recordCreationDate>20161017</recordCreationDate>
    <recordChangeDate>2017-07-14T15:49:43-06:00</recordChangeDate>
    
    <languageOfCataloging>
      <languageTerm authority="iso639-2b" type="code">eng</languageTerm>
    </languageOfCataloging>
    <recordIdentifier source="Fedora">avalon:742</recordIdentifier>
  </recordInfo>
<physicalDescription><internetMediaType>video/quicktime</internetMediaType></physicalDescription><location><url access="object in context"/></location></mods>