<?xml version="1.0" encoding="UTF-8"?><mods xmlns:xsi="http://www.w3.org/2001/XMLSchema-instance" xmlns="http://www.loc.gov/mods/v3" xsi:schemaLocation="http://www.loc.gov/mods/v3 http://www.loc.gov/standards/mods/v3/mods-3-4.xsd">
  <titleInfo usage="primary">
    <title>Alexandra Munn &amp; Friends, Part II</title>
  </titleInfo>
  <name type="personal" usage="primary">
    <namePart>Munn, Alexandra</namePart>
    <role>
      <roleTerm authority="marcrelator" type="code">cre</roleTerm>
      <roleTerm authority="marcrelator" type="text">Creator</roleTerm>
    </role>
  </name>
  <name type="personal">
    <namePart>Lejano, Ernesto</namePart>
    <role>
      <roleTerm authority="marcrelator" type="code">ctb</roleTerm>
      <roleTerm authority="marcrelator" type="text">Contributor</roleTerm>
    </role>
  </name>
  <genre authority="pbcore" valueURI="http://pbcore.org/vocabularies/pbcoreGenre%23music">Music</genre>
  <originInfo>
    
  <dateIssued encoding="edtf">1980-01-20</dateIssued></originInfo>
  <language>
    <languageTerm type="code">zxx</languageTerm>
    <languageTerm type="text">No linguistic content</languageTerm>
  </language>
  
  
  <note type="general">This audiovisual content is being provided solely for educational use and research, pursuant to exceptions in the Canadian Copyright Act.  Further reproduction or distribution or other use may require additional permissions</note>
  <note type="venue">Performance location: Convocation Hall, University of Alberta</note>
  <note type="performers">Munn, Alexandra, piano ; Lejano, Ernesto, piano</note>
  <subject>
    <topic>Instrumental music</topic>
  </subject>
  <subject>
    <topic>Piano music</topic>
  </subject>
  <subject>
    <topic>Piano music, pianos (2)</topic>
  </subject>
  
  
  <recordInfo>
    <recordOrigin>Avalon Media System</recordOrigin>
    <recordContentSource>IEN</recordContentSource>
    <recordCreationDate>20180530</recordCreationDate>
    <recordChangeDate>2018-06-19T14:03:53-06:00</recordChangeDate>
    
    <languageOfCataloging>
      <languageTerm authority="iso639-2b" type="code">eng</languageTerm>
    </languageOfCataloging>
    <recordIdentifier source="Fedora">avalon:4497</recordIdentifier>
  </recordInfo>
  <tableOfContents>Danses Andalouses / Manuel Infante -- Variations on a theme by Joseph Haydn, op. 56b / Johannes Brahms -- Sites Auriculaires / Maurice Ravel -- Fantasie (tableaux), op. 5 / Sergei Rachmaninoff</tableOfContents>
<physicalDescription><internetMediaType>audio/x-wav</internetMediaType></physicalDescription></mods>