<?xml version="1.0" encoding="UTF-8"?><mods xmlns:xsi="http://www.w3.org/2001/XMLSchema-instance" xmlns="http://www.loc.gov/mods/v3" xsi:schemaLocation="http://www.loc.gov/mods/v3 http://www.loc.gov/standards/mods/v3/mods-3-4.xsd">
  <titleInfo usage="primary">
    <title>Programa Nosotros.</title>
  </titleInfo>
  <name type="personal" usage="primary">
    <namePart>Mario Allende</namePart>
    <role>
      <roleTerm authority="marcrelator" type="code">cre</roleTerm>
      <roleTerm authority="marcrelator" type="text">Creator</roleTerm>
    </role>
  </name>
  <genre>Variety</genre>
  <genre>Community</genre>
  <genre>Performance</genre>
  <genre>Interview</genre>
  <originInfo>
    <dateCreated encoding="edtf">1993-01-17</dateCreated>
    <dateIssued encoding="edtf">1993-01-24</dateIssued>
  </originInfo>
  <language>
    <languageTerm type="code">spa</languageTerm>
    <languageTerm type="text">Spanish</languageTerm>
  </language>
  
  
  <abstract>The program starts with an Ojos de América documentary about domestic violence in Chile, with interviews with children who have been victimized. Next, the program focuses on crime prevention in Edmonton with a segment on Edmonton's Crime Stoppers organization and an interview with a sargeant from Edmonton's police force. Then, there is a lesson on how to play the zampoña, traditional musical instrument from the Andes region of South America. Finally, there is a brief sports segment.</abstract>
  <subject>
    <topic>domestic violence; violencia doméstica; Chile; Crime Stoppers; crime prevention; preveción de crimen; Edmonton; zampoña; traditional musican instrument; instrumento de música tradicional</topic>
  </subject>
  <subject>
    <geographic>Edmonton</geographic>
  </subject>
  <subject>
    <geographic>Alberta</geographic>
  </subject>
  <relatedItem type="original">
    <identifier type="local">programa-nosotros-62</identifier>
  </relatedItem>
  
  <accessCondition type="use and reproduction">http://creativecommons.org/licenses/by/4.0/</accessCondition>
  <recordInfo>
    <recordOrigin>Avalon Media System</recordOrigin>
    <recordContentSource>IEN</recordContentSource>
    <recordCreationDate>20160816</recordCreationDate>
    <recordChangeDate>2016-08-18T09:47:40-06:00</recordChangeDate>
    
    <languageOfCataloging>
      <languageTerm authority="iso639-2b" type="code">eng</languageTerm>
    </languageOfCataloging>
    <recordIdentifier source="Fedora">avalon:384</recordIdentifier>
  </recordInfo>
<physicalDescription><internetMediaType>video/quicktime</internetMediaType></physicalDescription><location><url access="object in context"/></location></mods>