<?xml version="1.0" encoding="UTF-8"?><mods xmlns:xsi="http://www.w3.org/2001/XMLSchema-instance" xmlns="http://www.loc.gov/mods/v3" xsi:schemaLocation="http://www.loc.gov/mods/v3 http://www.loc.gov/standards/mods/v3/mods-3-4.xsd">
  <titleInfo usage="primary">
    <title>We are all related here</title>
  </titleInfo>
  <name type="personal" usage="primary">
    <namePart>McDermott, Brian</namePart>
    <role>
      <roleTerm authority="marcrelator" type="code">cre</roleTerm>
      <roleTerm authority="marcrelator" type="text">Creator</roleTerm>
    </role>
  </name>
  <name type="personal" usage="primary">
    <namePart>EmpathyWorks Films</namePart>
    <role>
      <roleTerm authority="marcrelator" type="code">cre</roleTerm>
      <roleTerm authority="marcrelator" type="text">Creator</roleTerm>
    </role>
  </name>
  <genre authority="pbcore" valueURI="http://pbcore.org/vocabularies/pbcoreGenre%23educational">Educational</genre>
  <originInfo>
    
    
  <dateIssued encoding="edtf">2015</dateIssued></originInfo>
  <language>
    <languageTerm type="code">eng</languageTerm>
    <languageTerm type="text">English</languageTerm>
  </language>
  
  
  <abstract>The story of the Yup'ik people of Newtok, Alaska, who are being forced to relocate their village due to the erosion and flooding they are experiencing as a result of global warming. We meet some of the people who are being called America's first 'climate refugees,' and learn about the history and culture of the Yup'ik people of Newtok.</abstract>
  <note type="general">This license is perpetual access. </note>
  <subject>
    <topic>Yupik Eskimos -- Relocation -- Alaska</topic>
  </subject>
  <subject>
    <topic>Yupik Eskimos -- Alaska -- Newtok -- Social life and customs</topic>
  </subject>
  <subject>
    <topic>Environmental refugees -- Alaska -- Newtok</topic>
  </subject>
  <subject>
    <topic>Climatic changes --Alaska -- Newtok</topic>
  </subject>
  <subject>
    <topic>Human beings --Effect of climate on -- Alaska -- Newtok</topic>
  </subject>
  <subject>
    <topic>Yupik</topic>
  </subject>
  <subject>
    <topic>Dorf</topic>
  </subject>
  <subject>
    <topic>Klimaänderung</topic>
  </subject>
  <subject>
    <topic>Auswirkung</topic>
  </subject>
  
  
  <accessCondition type="use and reproduction">EMPATHYWORKS FILMS in the person of Brian McDermott, owner of all rights related to the film WE ARE ALL RELATED HERE (hereinafter THE PRODUCT) grants license rights to each purchaser from EMPATHYWORKS FILMS (hereinafter PURCHASER INSTITUTION) of a MASTER FILE containing THE PRODUCT sufficient for use solely by PURCHASER INSTITUTION in connection with activities directed towards education, training or related use within said institution. Such stated rights shall extend to all schools, colleges, libraries or museums which are constituents of the PURCHASER INSTITUTION. EMPATHYWORKS FILMS specifically excludes from the license rights granted to PURCHASER INSTITUTION the right to "burn", clone or otherwise copy, THE PRODUCT, whether in whole or in part, by whatever means. This license shall endure without expiration.</accessCondition>
  <recordInfo>
    <recordOrigin>Avalon Media System</recordOrigin>
    <recordContentSource>IEN</recordContentSource>
    <recordCreationDate>20180329</recordCreationDate>
    <recordChangeDate>2018-03-29T14:07:29-06:00</recordChangeDate>
    
    <languageOfCataloging>
      <languageTerm authority="iso639-2b" type="code">eng</languageTerm>
    </languageOfCataloging>
    <recordIdentifier source="Fedora">avalon:4367</recordIdentifier>
  </recordInfo>
<physicalDescription><internetMediaType>video/mp4</internetMediaType></physicalDescription><location><url access="object in context"/></location></mods>