<?xml version="1.0" encoding="UTF-8"?><mods xmlns:xsi="http://www.w3.org/2001/XMLSchema-instance" xmlns="http://www.loc.gov/mods/v3" xsi:schemaLocation="http://www.loc.gov/mods/v3 http://www.loc.gov/standards/mods/v3/mods-3-4.xsd">
  <titleInfo usage="primary">
    <title>MMus Recital, Alison Norris, conductor</title>
  </titleInfo>
  <name type="personal" usage="primary">
    <namePart>Norris, Alison</namePart>
    <role>
      <roleTerm authority="marcrelator" type="code">cre</roleTerm>
      <roleTerm authority="marcrelator" type="text">Creator</roleTerm>
    </role>
  </name>
  <name type="personal">
    <namePart>Norris, Alison</namePart>
    <role>
      <roleTerm authority="marcrelator" type="code">ctb</roleTerm>
      <roleTerm authority="marcrelator" type="text">Contributor</roleTerm>
    </role>
  </name>
  <genre authority="pbcore" valueURI="http://pbcore.org/vocabularies/pbcoreGenre%23music">Music</genre>
  <originInfo>
    <dateIssued encoding="edtf">2012-01-30</dateIssued>
  </originInfo>
  <language>
    <languageTerm type="code">lat</languageTerm>
    <languageTerm type="text">Latin</languageTerm>
  </language>
  <language>
    <languageTerm type="code">eng</languageTerm>
    <languageTerm type="text">English</languageTerm>
  </language>
  <language>
    <languageTerm type="code">ger</languageTerm>
    <languageTerm type="text">German</languageTerm>
  </language>
  
  
  <accessCondition type="use and reproduction">This audiovisual content is being provided solely for educational use and research, pursuant to exceptions in the Canadian Copyright Act.  Further reproduction or distribution or other use may require additional permissions</accessCondition>
  <subject>
    <topic>Choral music</topic>
  </subject>
  <subject>
    <topic>Vocal music</topic>
  </subject>
  <subject>
    <geographic>Convocation Hall, University of Alberta</geographic>
  </subject>
  <recordInfo>
    <recordOrigin>Avalon Media System</recordOrigin>
    <recordContentSource>IEN</recordContentSource>
    <recordCreationDate>20180530</recordCreationDate>
    <recordChangeDate>2018-05-30T16:41:39-06:00</recordChangeDate>
    
    <languageOfCataloging>
      <languageTerm authority="iso639-2b" type="code">eng</languageTerm>
    </languageOfCataloging>
    <recordIdentifier source="Fedora">avalon:4934</recordIdentifier>
  </recordInfo>
  <tableOfContents>Part I - The Calm Serenity of Night -- Ave Verum Corpus / Imant Raminsh (b. 1943) -- Jesu Dulcis Memoria / Tomás Luis de Victoria (c. 1548-1611) -- Calme Des Nuits / Camille Saint-Saëns (1835-1921) -- Part II - The Joy and Fullness of Night -- El Grillo / Josquin des Prez (c. 1450-1521) -- My Spirit is Uncaged (featuring Rob Curtis, piano) / Paul Rardin (b. 1965) -- Misericordias Domini / Wolfgang Amadeus Mozart (1756-1791) -- Cantique de Jean Racine / Gabriel Fauré (1845-1924) -- Part III - The Romance of Night -- Mother I Will Have a Husband / Thomas Vautor (c. 1580-?) -- Nachtwache I, Op. 104, No. 1 / Johannes Brahms (1833-1887) -- Nachtwache II, Op. 104, No. 2 / Johannes Brahms (1833-1887) -- Sure on This Shining Night (feautring Rob Curtis, piano) / Morten Lauridsen (b. 1943)</tableOfContents>
<physicalDescription><internetMediaType>video/mp4</internetMediaType></physicalDescription></mods>