<?xml version="1.0" encoding="UTF-8"?><mods xmlns:xsi="http://www.w3.org/2001/XMLSchema-instance" xmlns="http://www.loc.gov/mods/v3" xsi:schemaLocation="http://www.loc.gov/mods/v3 http://www.loc.gov/standards/mods/v3/mods-3-4.xsd">
  <titleInfo usage="primary">
    <title>Us and Them </title>
  </titleInfo>
  <name type="personal" usage="primary">
    <namePart>Abbott, Jennifer</namePart>
    <role>
      <roleTerm authority="marcrelator" type="code">cre</roleTerm>
      <roleTerm authority="marcrelator" type="text">Creator</roleTerm>
    </role>
  </name>
  <name type="personal" usage="primary">
    <namePart>Loughton, Krista</namePart>
    <role>
      <roleTerm authority="marcrelator" type="code">cre</roleTerm>
      <roleTerm authority="marcrelator" type="text">Creator</roleTerm>
    </role>
  </name>
  <genre authority="pbcore" valueURI="http://pbcore.org/vocabularies/pbcoreGenre%23documentary">Documentary</genre>
  <originInfo>
    
    
  <dateIssued encoding="edtf">2016</dateIssued></originInfo>
  <language>
    <languageTerm type="code">eng</languageTerm>
    <languageTerm type="text">English</languageTerm>
  </language>
  
  
  <abstract>Filmed over a decade, Us and Them is a deeply visceral film about transformation through human connection.
 
It begins when filmmaker Krista Loughton is questioned by addiction expert Dr. Gabor Maté about her need to relieve pain in the world. This takes her back in time, when she befriended four chronically homeless people in an effort to help them heal their lives.  
 
These four charismatic people reveal the heartrending realities of their lives. The severe challenges of life on the street are portrayed with an unapologetic openness, in both emotive and humorous ways. All are struggling with addiction issues rooted in their painful childhood histories.
 
Krista finds a mentor in Reverend Allen Tysick, a street minister who dedicated his life to serving the poorest of the poor.  Watching him build a new facility for the street community inspires her to create change in her own way. 
 
Years ago, she had been introduced to the First Nations Medicine Wheel and its success helping former addicts maintain recovery. Under the mentorship of Hereditary Chief Phil Lane Jr., she decides to teach her friends how to balance on the Medicine Wheel. They learn to take stock of themselves physically, mentally, spiritually, and emotionally, in an attempt to help balance and heal their lives.
 
In the beginning there is connection and hope, but unfortunately at the end of their time working with the Medicine Wheel, none are able to conquer their addictions nor substantially change their lives. And then tragically, one dies.
 
Out of her league, Krista seeks out the counsel Dr. Maté, who forces her to confront her own motivations. Krista confesses her own emotional struggles with her remaining street friends. They display an extraordinary empathy and wisdom no one could have anticipated. </abstract>
  <subject>
    <topic>Homelessness </topic>
  </subject>
  <subject>
    <topic>Addiction</topic>
  </subject>
  <relatedItem type="original">
    
  <physicalDescription><extent>1 online resource (80 min): sound, colour</extent></physicalDescription></relatedItem>
  
  
  <accessCondition type="use and reproduction">The film is allowed on your streaming site as it is only for users associated with the University of Alberta (single site).</accessCondition>
  <recordInfo>
    <recordOrigin>Avalon Media System</recordOrigin>
    <recordContentSource>IEN</recordContentSource>
    <recordCreationDate>20180522</recordCreationDate>
    <recordChangeDate>2018-05-22T15:47:21-06:00</recordChangeDate>
    
    <languageOfCataloging>
      <languageTerm authority="iso639-2b" type="code">eng</languageTerm>
    </languageOfCataloging>
    <recordIdentifier source="Fedora">avalon:4444</recordIdentifier>
  </recordInfo>
<physicalDescription><internetMediaType>video/quicktime</internetMediaType></physicalDescription><location><url access="object in context"/></location></mods>