<?xml version="1.0" encoding="UTF-8"?><mods xmlns:xsi="http://www.w3.org/2001/XMLSchema-instance" xmlns="http://www.loc.gov/mods/v3" xsi:schemaLocation="http://www.loc.gov/mods/v3 http://www.loc.gov/standards/mods/v3/mods-3-4.xsd">
  <titleInfo usage="primary">
    <title>We are the Roots: Black Settlers and their Experiences of Discrimination on the Canadian Prairies</title>
  </titleInfo>
  <name type="personal" usage="primary">
    <namePart>Bailey and Soda Films</namePart>
    <role>
      <roleTerm authority="marcrelator" type="code">cre</roleTerm>
      <roleTerm authority="marcrelator" type="text">Creator</roleTerm>
    </role>
  </name>
  <genre authority="pbcore" valueURI="http://pbcore.org/vocabularies/pbcoreGenre%23documentary">Documentary</genre>
  <originInfo>
    
    
  <dateIssued encoding="edtf">2018-02</dateIssued></originInfo>
  <language>
    <languageTerm type="code">eng</languageTerm>
    <languageTerm type="text">English</languageTerm>
  </language>
  
  
  <abstract>We are the Roots: Black Settlers and their Experiences of Discrimination on the Canadian Prairies tells the story of a wave of African American immigrants who moved to Alberta and Saskatchewan between 1905-1912 in search of a better life.   Taking advantage of Canada’s offer of 160 acres of land for a $10 fee, 1000-1500 individuals moved to the Prairies and helped develop several settlements throughout the provinces.

Through the stories of 19 descendants of the original settlers, We are the Roots focuses on the experiences of discrimination these individuals encountered while living in the rural communities and in Edmonton.

This video is for educational and research purposes only. For public viewings contact Bailey and Soda Films - http://www.baileyandsoda.com/</abstract>
  <subject>
    <topic>Praries</topic>
  </subject>
  <subject>
    <topic>Immigrants</topic>
  </subject>
  <subject>
    <topic>Rural developments</topic>
  </subject>
  <subject>
    <topic>Edmonton, Alta</topic>
  </subject>
  <subject>
    <topic>Oral history</topic>
  </subject>
  <relatedItem type="original">
    
  <physicalDescription><extent>1 online resource (68 min): sound, colour</extent></physicalDescription></relatedItem>
  
  
  <accessCondition type="use and reproduction">This video is for educational and research purposes only. For public viewings contact Bailey and Soda Films - http://www.baileyandsoda.com/</accessCondition>
  <recordInfo>
    <recordOrigin>Avalon Media System</recordOrigin>
    <recordContentSource>IEN</recordContentSource>
    <recordCreationDate>20180420</recordCreationDate>
    <recordChangeDate>2018-04-20T11:31:05-06:00</recordChangeDate>
    
    <languageOfCataloging>
      <languageTerm authority="iso639-2b" type="code">eng</languageTerm>
    </languageOfCataloging>
    <recordIdentifier source="Fedora">avalon:4424</recordIdentifier>
  </recordInfo>
<physicalDescription><internetMediaType>video/mp4</internetMediaType></physicalDescription><location><url access="object in context"/></location></mods>