<?xml version="1.0" encoding="UTF-8"?><mods xmlns:xsi="http://www.w3.org/2001/XMLSchema-instance" xmlns="http://www.loc.gov/mods/v3" xsi:schemaLocation="http://www.loc.gov/mods/v3 http://www.loc.gov/standards/mods/v3/mods-3-4.xsd">
  <titleInfo usage="primary">
    <title>Mary Gander</title>
  </titleInfo>
  <name type="personal" usage="primary">
    <namePart>Faculty Women's Club</namePart>
    <role>
      <roleTerm authority="marcrelator" type="code">cre</roleTerm>
      <roleTerm authority="marcrelator" type="text">Creator</roleTerm>
    </role>
  </name>
  <name type="personal">
    <namePart>Elder, Marianne</namePart>
    <role>
      <roleTerm authority="marcrelator" type="code">ctb</roleTerm>
      <roleTerm authority="marcrelator" type="text">Contributor</roleTerm>
    </role>
  </name>
  <genre authority="pbcore" valueURI="http://pbcore.org/vocabularies/pbcoreGenre%23interview">Interview</genre>
  <originInfo>
    <dateIssued encoding="edtf">1986-01-24</dateIssued>
  </originInfo>
  <language>
    <languageTerm type="code">eng</languageTerm>
    <languageTerm type="text">English</languageTerm>
  </language>
  
  
  <abstract>Introduction (1) Early History Born 1917 (7) Schools in Calgary-facilities, coaching, clothing, amt. of practice, City League (19) Encouragement from family, diets, foods during depression, etc. (98) Reunion of City League (159) Activities at University, came 1936 (175) Coach J. Jamieson (209) High School coaches (230) Travel with Univ. Te4ams (252) High &amp; Low points of career (306) Awards at Univ., 1938-39 (317) Minor sports (359) No. of women in sports - discrimination (438)</abstract>
  <subject>
    <topic>Women in sports</topic>
  </subject>
  <subject>
    <topic>Faculty Women's Club</topic>
  </subject>
  <subject>
    <topic>University of Alberta</topic>
  </subject>
  <subject>
    <geographic>Canada</geographic>
  </subject>
  <subject>
    <geographic>Alberta</geographic>
  </subject>
  <subject>
    <geographic>Edmonton</geographic>
  </subject>
  <relatedItem type="original">
    <identifier type="local">1985-063-14</identifier>
  </relatedItem>
  
  <accessCondition type="use and reproduction">http://creativecommons.org/licenses/by/4.0/</accessCondition>
  <recordInfo>
    <recordOrigin>Avalon Media System</recordOrigin>
    <recordContentSource>IEN</recordContentSource>
    <recordCreationDate>20170803</recordCreationDate>
    <recordChangeDate>2017-10-04T09:24:57-06:00</recordChangeDate>
    
    <languageOfCataloging>
      <languageTerm authority="iso639-2b" type="code">eng</languageTerm>
    </languageOfCataloging>
    <recordIdentifier source="Fedora">avalon:3782</recordIdentifier>
  </recordInfo>
<physicalDescription><internetMediaType>audio/x-wav</internetMediaType></physicalDescription><location><url access="object in context"/></location></mods>