<?xml version="1.0" encoding="UTF-8"?><mods xmlns:xsi="http://www.w3.org/2001/XMLSchema-instance" xmlns="http://www.loc.gov/mods/v3" xsi:schemaLocation="http://www.loc.gov/mods/v3 http://www.loc.gov/standards/mods/v3/mods-3-4.xsd">
  <titleInfo usage="primary">
    <title>Programa Nosotros. Final Episode of the Year</title>
  </titleInfo>
  <name type="personal" usage="primary">
    <namePart>Dave Trautman</namePart>
    <role>
      <roleTerm authority="marcrelator" type="code">cre</roleTerm>
      <roleTerm authority="marcrelator" type="text">Creator</roleTerm>
    </role>
  </name>
  <name type="personal">
    <namePart>Red Star</namePart>
    <role>
      <roleTerm authority="marcrelator" type="code">ctb</roleTerm>
      <roleTerm authority="marcrelator" type="text">Contributor</roleTerm>
    </role>
  </name>
  <genre>Variety</genre>
  <genre>Community</genre>
  <genre>Performance</genre>
  <genre>Interview</genre>
  <originInfo>
    <dateCreated encoding="edtf">1982</dateCreated>
    <dateIssued encoding="edtf">1982~</dateIssued>
  </originInfo>
  <language>
    <languageTerm type="code">spa</languageTerm>
    <languageTerm type="text">Spanish</languageTerm>
  </language>
  
  
  <abstract>This is the last episode of the year. The host discusses the problem experienced by the producers of the show. They replay parts of performances on the show over the last three weeks. The host converses with youth who helped produce the show, about topics such as why they chose to help make the show, what their role was, if they would like to come back and help, and their experiences/impressions of the show. The host then interviews David Deltrama, the director of the show, in English. He discusses the importance of communication within cultural groups, the problems they experienced and when the show will start back up. Ivan, the coordinator of the Nosotros program finishes the episode by thanking those who made the show possible.</abstract>
  <subject>
    <topic>Summary; Director; Volunteers; Coordinator; Resumen; voluntarios; coordinador</topic>
  </subject>
  <subject>
    <geographic>Edmonton</geographic>
  </subject>
  <subject>
    <geographic>Alberta</geographic>
  </subject>
  <relatedItem type="original">
    <identifier type="local">programa-nosotros-1H</identifier>
  </relatedItem>
  
  <accessCondition type="use and reproduction">http://creativecommons.org/licenses/by/4.0/</accessCondition>
  <recordInfo>
    <recordOrigin>Avalon Media System</recordOrigin>
    <recordContentSource>IEN</recordContentSource>
    <recordCreationDate>20160816</recordCreationDate>
    <recordChangeDate>2016-08-18T09:50:56-06:00</recordChangeDate>
    
    <languageOfCataloging>
      <languageTerm authority="iso639-2b" type="code">eng</languageTerm>
    </languageOfCataloging>
    <recordIdentifier source="Fedora">avalon:416</recordIdentifier>
  </recordInfo>
<physicalDescription><internetMediaType>video/quicktime</internetMediaType></physicalDescription><location><url access="object in context"/></location></mods>