<?xml version="1.0" encoding="UTF-8"?><mods xmlns:xsi="http://www.w3.org/2001/XMLSchema-instance" xmlns="http://www.loc.gov/mods/v3" xsi:schemaLocation="http://www.loc.gov/mods/v3 http://www.loc.gov/standards/mods/v3/mods-3-4.xsd">
  <titleInfo usage="primary">
    <title>Gwen Smith</title>
  </titleInfo>
  <name type="personal" usage="primary">
    <namePart>Faculty Women's Club</namePart>
    <role>
      <roleTerm authority="marcrelator" type="code">cre</roleTerm>
      <roleTerm authority="marcrelator" type="text">Creator</roleTerm>
    </role>
  </name>
  <name type="personal">
    <namePart>Leitch, Kathie</namePart>
    <role>
      <roleTerm authority="marcrelator" type="code">ctb</roleTerm>
      <roleTerm authority="marcrelator" type="text">Contributor</roleTerm>
    </role>
  </name>
  <genre authority="pbcore" valueURI="http://pbcore.org/vocabularies/pbcoreGenre%23interview">Interview</genre>
  <originInfo>
    <dateIssued encoding="edtf">1985-10-21</dateIssued>
  </originInfo>
  <language>
    <languageTerm type="code">eng</languageTerm>
    <languageTerm type="text">English</languageTerm>
  </language>
  
  
  <abstract>Interview of Gwen Smith by Kathie Leitch</abstract>
  <subject>
    <topic>Women in sports</topic>
  </subject>
  <subject>
    <topic>Faculty Women's Club</topic>
  </subject>
  <subject>
    <topic>University of Alberta</topic>
  </subject>
  <subject>
    <geographic>Canada</geographic>
  </subject>
  <subject>
    <geographic>Alberta</geographic>
  </subject>
  <subject>
    <geographic>Edmonton</geographic>
  </subject>
  <relatedItem type="original">
    <identifier type="local">1985-063-31</identifier>
  </relatedItem>
  
  <accessCondition type="use and reproduction">http://creativecommons.org/licenses/by/4.0/</accessCondition>
  <recordInfo>
    <recordOrigin>Avalon Media System</recordOrigin>
    <recordContentSource>IEN</recordContentSource>
    <recordCreationDate>20170803</recordCreationDate>
    <recordChangeDate>2017-10-04T09:24:54-06:00</recordChangeDate>
    
    <languageOfCataloging>
      <languageTerm authority="iso639-2b" type="code">eng</languageTerm>
    </languageOfCataloging>
    <recordIdentifier source="Fedora">avalon:3833</recordIdentifier>
  </recordInfo>
<physicalDescription><internetMediaType>audio/x-wav</internetMediaType></physicalDescription><location><url access="object in context"/></location></mods>