<?xml version="1.0" encoding="UTF-8"?><mods xmlns:xsi="http://www.w3.org/2001/XMLSchema-instance" xmlns="http://www.loc.gov/mods/v3" xsi:schemaLocation="http://www.loc.gov/mods/v3 http://www.loc.gov/standards/mods/v3/mods-3-4.xsd">
  <titleInfo usage="primary">
    <title>World of Story - Arabic</title>
  </titleInfo>
  <name type="personal" usage="primary">
    <namePart>Edmonton Mennonite Centre for Newcomers</namePart>
    <role>
      <roleTerm authority="marcrelator" type="code">cre</roleTerm>
      <roleTerm authority="marcrelator" type="text">Creator</roleTerm>
    </role>
  </name>
  <genre authority="pbcore" valueURI="http://pbcore.org/vocabularies/pbcoreGenre%23reading">Reading</genre>
  <originInfo>
    
  <dateIssued encoding="edtf">2010</dateIssued></originInfo>
  <language>
    <languageTerm type="code">ara</languageTerm>
    <languageTerm type="text">Arabic</languageTerm>
  </language>
  
  
  <abstract>Part of the Edmonton Mennonite Centre for Newcomers World of Story program. Includes readings of traditional folk tales.</abstract>
  <subject>
    <topic>Folk Tales</topic>
  </subject>
  <relatedItem displayLabel="A Bundle of Sticks Booklet">
    <location>
      <url>https://doi.org/10.7939/R35Q4RZ4R</url>
    </location>
  </relatedItem>
  
  <accessCondition type="use and reproduction">http://creativecommons.org/licenses/by-nc/4.0/</accessCondition>
  
  <recordInfo>
    <recordOrigin>Avalon Media System</recordOrigin>
    <recordContentSource>IEN</recordContentSource>
    <recordCreationDate>20170505</recordCreationDate>
    <recordChangeDate>2017-05-12T16:25:59-06:00</recordChangeDate>
    
    <languageOfCataloging>
      <languageTerm authority="iso639-2b" type="code">eng</languageTerm>
    </languageOfCataloging>
    <recordIdentifier source="Fedora">avalon:1334</recordIdentifier>
  </recordInfo>
<physicalDescription><internetMediaType>audio/x-wav</internetMediaType></physicalDescription><location><url access="object in context"/></location></mods>