<?xml version="1.0" encoding="UTF-8"?><mods xmlns:xsi="http://www.w3.org/2001/XMLSchema-instance" xmlns="http://www.loc.gov/mods/v3" xsi:schemaLocation="http://www.loc.gov/mods/v3 http://www.loc.gov/standards/mods/v3/mods-3-4.xsd">
  <titleInfo usage="primary">
    <title>LIS 598 Technology, Information, and Society - Winter 2018 - Lecture 4 (Video)</title>
  </titleInfo>
  <name type="personal" usage="primary">
    <namePart>McNally, Michael B.</namePart>
    <role>
      <roleTerm authority="marcrelator" type="code">cre</roleTerm>
      <roleTerm authority="marcrelator" type="text">Creator</roleTerm>
    </role>
  </name>
  <name type="personal">
    <namePart>Le Rose, adasd</namePart>
  </name>
  <name type="personal">
    <namePart>jjhkjhkj, adasd</namePart>
  </name>
  <name type="personal">
    <namePart>asdasdasd Alberta Madrigal soasasd, adasd</namePart>
  </name>
  <name type="personal">
    <namePart>University of Alberta something</namePart>
  </name>
  <name type="personal">
    <namePart>Krapf, Gerhard</namePart>
  </name>
  <name type="personal">
    <namePart>Krapf, Gerhard</namePart>
  </name>
  <name type="personal">
    <namePart>Scott-Hoyt, Janet</namePart>
  </name>
  <name type="personal">
    <namePart>Unknown</namePart>
  </name>
  <name type="personal">
    <namePart>Park, Hyo-Young</namePart>
  </name>
  <name type="personal">
    <namePart>McNally, Michael B.</namePart>
  </name>
  <name type="personal">
    <namePart>McNally, Michael B.</namePart>
  </name>
  <name type="personal">
    <namePart>Martin, Gayle H.</namePart>
  </name>
  <name type="personal">
    <namePart>Lowrey, Judy</namePart>
  </name>
  <name type="personal">
    <namePart>Robinson, Zak</namePart>
  </name>
  <name type="personal">
    <namePart>Tsuruta, Ayako</namePart>
  </name>
  <name type="personal">
    <namePart>Andrews, Lisa</namePart>
  </name>
  <name type="personal">
    <namePart>University of Alberta Stage Band</namePart>
  </name>
  <name type="personal">
    <namePart>St. Cecilia Orchestra</namePart>
  </name>
  <genre authority="pbcore" valueURI="http://pbcore.org/vocabularies/pbcoreGenre%23educational">Educational</genre>
  <originInfo>
    <dateIssued encoding="edtf">2018-02-26</dateIssued>
    
  </originInfo>
  <language>
    <languageTerm type="code">eng</languageTerm>
    <languageTerm type="text">English</languageTerm>
  </language>
  
  
  <abstract>This is the fourth lecture from the Winter 2018 offering of LIS 598 Technology, Information, and Society. This lecture explores surveillance and algorithms . This file is a .mp4 file.</abstract>
  <subject>
    <topic>LIS 598 - Technology, Information, and Society - Winter 2018</topic>
  </subject>
  <subject>
    <topic>Technology, Information, and Society Genre</topic>
  </subject>
  
  <subject>
    <geographic>Convocation Hall, University of Alberta</geographic>
  </subject>
  
  <subject>
    <temporal>1920-1940</temporal>
  </subject>
  
  <!--<accessCondition type="license">Attribution_4.0_International</accessCondition>-->
  <accessCondition type="use and reproduction">http://creativecommons.org/licenses/by-nc/4.0/</accessCondition>
  
  <note>TERMS OF USE</note>
  <recordInfo>
    <recordOrigin>Avalon Media System</recordOrigin>
    <recordContentSource>IEN</recordContentSource>
    <recordCreationDate>20180620</recordCreationDate>
    <recordChangeDate>2018-06-20T12:57:04-06:00</recordChangeDate>
    
    <languageOfCataloging>
      <languageTerm authority="iso639-2b" type="code">eng</languageTerm>
    </languageOfCataloging>
    <recordIdentifier source="Fedora">avalon:9710</recordIdentifier>
  </recordInfo>
<physicalDescription><internetMediaType>video/mp4</internetMediaType></physicalDescription><location><url access="object in context"/></location></mods>