<?xml version="1.0" encoding="UTF-8"?><mods xmlns:xsi="http://www.w3.org/2001/XMLSchema-instance" xmlns="http://www.loc.gov/mods/v3" xsi:schemaLocation="http://www.loc.gov/mods/v3 http://www.loc.gov/standards/mods/v3/mods-3-4.xsd">
  <titleInfo usage="primary">
    <title>Programa Nosotros.</title>
  </titleInfo>
  <name type="personal" usage="primary">
    <namePart>Mario Allende</namePart>
    <role>
      <roleTerm authority="marcrelator" type="code">cre</roleTerm>
      <roleTerm authority="marcrelator" type="text">Creator</roleTerm>
    </role>
  </name>
  <name type="personal" usage="primary">
    <namePart>Lisa Andrew</namePart>
    <role>
      <roleTerm authority="marcrelator" type="code">cre</roleTerm>
      <roleTerm authority="marcrelator" type="text">Creator</roleTerm>
    </role>
  </name>
  <genre>Variety</genre>
  <genre>Community</genre>
  <originInfo>
    <dateCreated encoding="edtf">1992-11-29</dateCreated>
    <dateIssued encoding="edtf">1993-12-13</dateIssued>
  </originInfo>
  <language>
    <languageTerm type="code">spa</languageTerm>
    <languageTerm type="text">Spanish</languageTerm>
  </language>
  
  
  <abstract>The show begins with a Chilean Documentary Y tu que prefieres? to discuss the nature of sexuality; and the prevention of AIDS. In the documentary, Magaly Inostroza, Jose Aldunate, Alfonso Luca, Daniel Godoy, and teenagers analyzed this issue. The other half of the program is about Patricia Morales. She works for the Canadian Organization "Planet Parenthood" to raise HIV awarness to Secondary High schools, Edmonton Young Offender's Centre, and Sexual Assault Centres.</abstract>
  <subject>
    <topic>Sexuality; la Sexualidad; Prevention of HIV; la Prevencion del Sida; AIDS; Magaly Inostroza; Jose Aldunate; Alfonso Luca; Daniel Godoy; Planned Parenthood; Patricia Morales; Edmonton Schools; Edmonton Young Offender's Centre; Sexual Assault Centres</topic>
  </subject>
  <subject>
    <geographic>Edmonton</geographic>
  </subject>
  <subject>
    <geographic>Alberta</geographic>
  </subject>
  <relatedItem type="original">
    <identifier type="local">programa-nosotros-58</identifier>
  </relatedItem>
  
  <accessCondition type="use and reproduction">http://creativecommons.org/licenses/by/4.0/</accessCondition>
  <recordInfo>
    <recordOrigin>Avalon Media System</recordOrigin>
    <recordContentSource>IEN</recordContentSource>
    <recordCreationDate>20160816</recordCreationDate>
    <recordChangeDate>2016-08-18T09:47:34-06:00</recordChangeDate>
    
    <languageOfCataloging>
      <languageTerm authority="iso639-2b" type="code">eng</languageTerm>
    </languageOfCataloging>
    <recordIdentifier source="Fedora">avalon:376</recordIdentifier>
  </recordInfo>
<physicalDescription><internetMediaType>video/quicktime</internetMediaType></physicalDescription><location><url access="object in context"/></location></mods>