<?xml version="1.0" encoding="UTF-8"?><mods xmlns:xsi="http://www.w3.org/2001/XMLSchema-instance" xmlns="http://www.loc.gov/mods/v3" xsi:schemaLocation="http://www.loc.gov/mods/v3 http://www.loc.gov/standards/mods/v3/mods-3-4.xsd">
  <titleInfo usage="primary">
    <title>Faculty &amp; Friends - Dennis Miller, tuba; Janet Scott Hoyt, piano</title>
  </titleInfo>
  <name type="personal" usage="primary">
    <namePart>Miller, Dennis</namePart>
    <role>
      <roleTerm authority="marcrelator" type="code">cre</roleTerm>
      <roleTerm authority="marcrelator" type="text">Creator</roleTerm>
    </role>
  </name>
  <name type="personal" usage="primary">
    <namePart>Scott-Hoyt, Janet</namePart>
    <role>
      <roleTerm authority="marcrelator" type="code">cre</roleTerm>
      <roleTerm authority="marcrelator" type="text">Creator</roleTerm>
    </role>
  </name>
  <genre authority="pbcore" valueURI="http://pbcore.org/vocabularies/pbcoreGenre%23music">Music</genre>
  <originInfo>
    <dateIssued encoding="edtf">2002-01-18</dateIssued>
  </originInfo>
  <language>
    <languageTerm type="code">zxx</languageTerm>
    <languageTerm type="text">No linguistic content</languageTerm>
  </language>
  
  
  <note type="general">This audiovisual content is being provided solely for educational use and research, pursuant to exceptions in the Canadian Copyright Act.  Further reproduction or distribution or other use may require additional permissions</note>
  <subject>
    <topic>Instrumental music</topic>
  </subject>
  <subject>
    <topic>Tuba and piano music</topic>
  </subject>
  
  <recordInfo>
    <recordOrigin>Avalon Media System</recordOrigin>
    <recordContentSource>IEN</recordContentSource>
    <recordCreationDate>20180619</recordCreationDate>
    <recordChangeDate>2018-06-19T12:06:00-06:00</recordChangeDate>
    
    <languageOfCataloging>
      <languageTerm authority="iso639-2b" type="code">eng</languageTerm>
    </languageOfCataloging>
    <recordIdentifier source="Fedora">avalon:7290</recordIdentifier>
  </recordInfo>
<physicalDescription><internetMediaType>application/octet-stream</internetMediaType></physicalDescription></mods>