<?xml version="1.0" encoding="UTF-8"?>
<record xmlns="http://www.loc.gov/MARC21/slim" xmlns:cinclude="http://apache.org/cocoon/include/1.0" xmlns:zs="http://www.loc.gov/zing/srw/">
  <leader>00933cam a22002771  4500</leader>
  <controlfield tag="001">abelardandorigi03compgoog</controlfield>
  <controlfield tag="003">CaSfIA</controlfield>
  <controlfield tag="005">20151008010651.0</controlfield>
  <controlfield tag="007">cr||||||||||||</controlfield>
  <controlfield tag="008">730308s1893    nyu      b    000 0 eng  </controlfield>
  <datafield tag="035" ind1=" " ind2=" ">
    <subfield code="9">(DLC)   04003895</subfield>
  </datafield>
  <datafield tag="856" ind1="4" ind2="1">
    <subfield code="u">http://archive.org/details/abelardandorigi03compgoog</subfield>
    <subfield code="z">Free eBook from the Internet Archive</subfield>
  </datafield>
  <datafield tag="856" ind1="4" ind2="1">
    <subfield code="u">http://books.google.com/books?id=stwKAAAAIAAJ&amp;oe=UTF-8</subfield>
    <subfield code="z">Source copy of item, at google.com</subfield>
  </datafield>
  <datafield tag="010" ind1=" " ind2=" ">
    <subfield code="a">   04003895 </subfield>
  </datafield>
  <datafield tag="035" ind1=" " ind2=" ">
    <subfield code="a">(OCoLC)574494</subfield>
  </datafield>
  <datafield tag="040" ind1=" " ind2=" ">
    <subfield code="a">DLC</subfield>
    <subfield code="c">OTifH</subfield>
    <subfield code="d">OCoLC</subfield>
    <subfield code="d">DLC</subfield>
    <subfield code="d">CaSfIA</subfield>
  </datafield>
  <datafield tag="050" ind1="0" ind2="0">
    <subfield code="a">LA177</subfield>
    <subfield code="b">.C7</subfield>
  </datafield>
  <datafield tag="100" ind1="1" ind2=" ">
    <subfield code="a">Compayré, Gabriel,</subfield>
    <subfield code="d">1843-1913.</subfield>
  </datafield>
  <datafield tag="245" ind1="1" ind2="0">
    <subfield code="a">Abelard and the origin and early history of universities,</subfield>
    <subfield code="h">[electronic resource] </subfield>
    <subfield code="c">by Gabriel Compayré ...</subfield>
  </datafield>
  <datafield tag="260" ind1=" " ind2=" ">
    <subfield code="a">New York,</subfield>
    <subfield code="b">C. Scribner's Sons,</subfield>
    <subfield code="c">1893.</subfield>
  </datafield>
  <datafield tag="300" ind1=" " ind2=" ">
    <subfield code="a">xiii, 315 p.</subfield>
    <subfield code="c">19 cm.</subfield>
  </datafield>
  <datafield tag="490" ind1="0" ind2=" ">
    <subfield code="a">The Great educators.</subfield>
    <subfield code="v">[v. 3]</subfield>
  </datafield>
  <datafield tag="504" ind1=" " ind2=" ">
    <subfield code="a">Bibliography: p. 307-309.</subfield>
  </datafield>
  <datafield tag="650" ind1=" " ind2="0">
    <subfield code="a">Universities and colleges.</subfield>
  </datafield>
  <datafield tag="650" ind1=" " ind2="0">
    <subfield code="a">Universities and colleges</subfield>
    <subfield code="x">History.</subfield>
  </datafield>
  <datafield tag="600" ind1="1" ind2="0">
    <subfield code="a">Abelard, Peter,</subfield>
    <subfield code="d">1079-1142.</subfield>
  </datafield>
  <datafield tag="650" ind1=" " ind2="0">
    <subfield code="a">Education, Medieval.</subfield>
  </datafield>
</record>
