<?xml version="1.0"?>
<record xmlns="http://www.loc.gov/MARC21/slim">
  <leader>00690cam a22002171  4500</leader>
  <controlfield tag="001">bookoffolkstorie00scud</controlfield>
  <controlfield tag="003">CaSfIA</controlfield>
  <controlfield tag="005">20160725134818.0</controlfield>
  <controlfield tag="007">cr||||||||||||</controlfield>
  <controlfield tag="008">921126t18931887mau    j          0 eng o</controlfield>
  <datafield tag="035" ind1=" " ind2=" ">
    <subfield code="a">ocn462792466</subfield>
  </datafield>
  <datafield tag="040" ind1=" " ind2=" ">
    <subfield code="b">eng</subfield>
    <subfield code="d">CaSfIA</subfield>
  </datafield>
  <datafield tag="049" ind1=" " ind2=" ">
    <subfield code="a">AEU</subfield>
    <subfield code="b">eng</subfield>
  </datafield>
  <datafield tag="090" ind1=" " ind2=" ">
    <subfield code="a">PZ 8 S43 B7 1887</subfield>
    <subfield code="b">CL</subfield>
  </datafield>
  <datafield tag="100" ind1="1" ind2=" ">
    <subfield code="a">Scudder, Horace E.</subfield>
    <subfield code="q">(Horace Elisha),</subfield>
    <subfield code="d">1838-1902.</subfield>
  </datafield>
  <datafield tag="245" ind1="1" ind2="4">
    <subfield code="a">The book of folk stories;</subfield>
    <subfield code="h">[electronic resource] </subfield>
    <subfield code="c">rewritten by Horace E. Scudder.</subfield>
  </datafield>
  <datafield tag="260" ind1=" " ind2=" ">
    <subfield code="a">Boston,</subfield>
    <subfield code="b">Houghton, Mifflin,</subfield>
    <subfield code="c">1893 [c1887]</subfield>
  </datafield>
  <datafield tag="300" ind1=" " ind2=" ">
    <subfield code="a">152 p.</subfield>
    <subfield code="b">illus.</subfield>
    <subfield code="c">18 cm.</subfield>
  </datafield>
  <datafield tag="336" ind1=" " ind2=" ">
    <subfield code="a">text</subfield>
    <subfield code="2">rdacontent</subfield>
  </datafield>
  <datafield tag="337" ind1=" " ind2=" ">
    <subfield code="a">unmediated</subfield>
    <subfield code="2">rdamedia</subfield>
  </datafield>
  <datafield tag="338" ind1=" " ind2=" ">
    <subfield code="a">volume</subfield>
    <subfield code="2">rdacarrier</subfield>
  </datafield>
  <datafield tag="596" ind1=" " ind2=" ">
    <subfield code="a">41</subfield>
  </datafield>
  <datafield tag="650" ind1=" " ind2="0">
    <subfield code="a">Fairy tales.</subfield>
    <subfield code="v">Juvenile literature.</subfield>
  </datafield>
  <datafield tag="856" ind1="4" ind2="1">
    <subfield code="u">http://archive.org/details/bookoffolkstorie00scud</subfield>
    <subfield code="z">Free eBook from the Internet Archive</subfield>
  </datafield>
  <datafield tag="856" ind1="4" ind2="2">
    <subfield code="u">http://www.openlibrary.org/books/OL25937454M</subfield>
    <subfield code="z">Additional information and access via Open Library</subfield>
  </datafield>
</record>
