<?xml version="1.0"?>
<record xmlns="http://www.loc.gov/MARC21/slim">
  <leader>01719cam a22004211  4500</leader>
  <controlfield tag="001">canadiansavagefo00macl</controlfield>
  <controlfield tag="003">CaSfIA</controlfield>
  <controlfield tag="005">20160714171036.0</controlfield>
  <controlfield tag="007">cr||||||||||||</controlfield>
  <controlfield tag="008">820921s1896    onc               0 eng x</controlfield>
  <datafield tag="035" ind1=" " ind2=" ">
    <subfield code="a">ocm04716756</subfield>
  </datafield>
  <datafield tag="040" ind1=" " ind2=" ">
    <subfield code="b">eng</subfield>
    <subfield code="d">CaSfIA</subfield>
  </datafield>
  <datafield tag="043" ind1=" " ind2=" ">
    <subfield code="a">n-cn---</subfield>
  </datafield>
  <datafield tag="049" ind1=" " ind2=" ">
    <subfield code="a">aeu</subfield>
    <subfield code="b">eng</subfield>
  </datafield>
  <datafield tag="050" ind1="0" ind2="4">
    <subfield code="a">E 78 C2</subfield>
    <subfield code="b">M155</subfield>
  </datafield>
  <datafield tag="090" ind1="0" ind2="0">
    <subfield code="a">E 78 C2 M155</subfield>
    <subfield code="b">AEU</subfield>
  </datafield>
  <datafield tag="097" ind1=" " ind2=" ">
    <subfield code="a">Peel2280ae300</subfield>
  </datafield>
  <datafield tag="100" ind1="1" ind2=" ">
    <subfield code="a">MacLean, John,</subfield>
    <subfield code="d">1851-1928.</subfield>
  </datafield>
  <datafield tag="245" ind1="1" ind2="0">
    <subfield code="a">Canadian savage folk;</subfield>
    <subfield code="h">[electronic resource] </subfield>
    <subfield code="b">the native tribes of Canada.</subfield>
  </datafield>
  <datafield tag="260" ind1=" " ind2=" ">
    <subfield code="a">Toronto,</subfield>
    <subfield code="b">Briggs,</subfield>
    <subfield code="c">1896.</subfield>
  </datafield>
  <datafield tag="300" ind1=" " ind2=" ">
    <subfield code="a">641 p.</subfield>
    <subfield code="b">illus.</subfield>
    <subfield code="c">23 cm.</subfield>
  </datafield>
  <datafield tag="336" ind1=" " ind2=" ">
    <subfield code="a">text</subfield>
    <subfield code="b">txt</subfield>
    <subfield code="2">rdacontent</subfield>
  </datafield>
  <datafield tag="337" ind1=" " ind2=" ">
    <subfield code="a">unmediated</subfield>
    <subfield code="b">n</subfield>
    <subfield code="2">rdamedia</subfield>
  </datafield>
  <datafield tag="338" ind1=" " ind2=" ">
    <subfield code="a">volume</subfield>
    <subfield code="b">nc</subfield>
    <subfield code="2">rdacarrier</subfield>
  </datafield>
  <datafield tag="590" ind1=" " ind2=" ">
    <subfield code="a">University of Alberta copy in the George Arthur Plains Bison Collection.</subfield>
    <subfield code="5">CaAEU</subfield>
  </datafield>
  <datafield tag="590" ind1=" " ind2=" ">
    <subfield code="a">University of Alberta copy in the Bryan-Gruhn collection.</subfield>
    <subfield code="5">CaAEU</subfield>
  </datafield>
  <datafield tag="590" ind1=" " ind2=" ">
    <subfield code="a">University of Alberta copy in the Ralph B. Young Western Canadian Collection.</subfield>
  </datafield>
  <datafield tag="590" ind1=" " ind2=" ">
    <subfield code="a">University of Alberta copy in the Richard Spafford Western Canadian Legacy Collection.</subfield>
    <subfield code="5">CaAEU</subfield>
  </datafield>
  <datafield tag="590" ind1=" " ind2=" ">
    <subfield code="a">University of Alberta copy in the Schloss Collection of Modern Literature.</subfield>
    <subfield code="5">CaAEU</subfield>
  </datafield>
  <datafield tag="596" ind1=" " ind2=" ">
    <subfield code="a">38 41 43 50</subfield>
  </datafield>
  <datafield tag="650" ind1=" " ind2="0">
    <subfield code="a">Indians of North America</subfield>
    <subfield code="z">Canada.</subfield>
  </datafield>
  <datafield tag="740" ind1="4" ind2=" ">
    <subfield code="a">The native tribes of Canada.</subfield>
  </datafield>
  <datafield tag="856" ind1="4" ind2="1">
    <subfield code="u">http://archive.org/details/canadiansavagefo00macl</subfield>
    <subfield code="z">Free eBook from the Internet Archive</subfield>
  </datafield>
</record>
