<?xml version="1.0"?>
<record xmlns="http://www.loc.gov/MARC21/slim">
  <leader>01473ccm a22003731  4500</leader>
  <controlfield tag="001">canadiansingerbo02beat</controlfield>
  <controlfield tag="003">CaSfIA</controlfield>
  <controlfield tag="005">20160818145222.0</controlfield>
  <controlfield tag="007">cr||||||||||||</controlfield>
  <controlfield tag="008">880705m19479999oncsgz j            eng x</controlfield>
  <datafield tag="035" ind1=" " ind2=" ">
    <subfield code="a">ocm20534624</subfield>
  </datafield>
  <datafield tag="040" ind1=" " ind2=" ">
    <subfield code="b">eng</subfield>
    <subfield code="d">CaSfIA</subfield>
  </datafield>
  <datafield tag="049" ind1=" " ind2=" ">
    <subfield code="a">AEU</subfield>
    <subfield code="b">eng</subfield>
  </datafield>
  <datafield tag="055" ind1=" " ind2="3">
    <subfield code="a">M 1994</subfield>
    <subfield code="b">B36</subfield>
  </datafield>
  <datafield tag="090" ind1="0" ind2=" ">
    <subfield code="a">M 1994 B36</subfield>
  </datafield>
  <datafield tag="100" ind1="1" ind2=" ">
    <subfield code="a">Beattie, John W.</subfield>
    <subfield code="q">(John Walter),</subfield>
    <subfield code="d">1885-1962.</subfield>
  </datafield>
  <datafield tag="245" ind1="1" ind2="4">
    <subfield code="a">The Canadian singer</subfield>
    <subfield code="h">[electronic resource] </subfield>
    <subfield code="c">[by] John W. Beattie [and others]</subfield>
  </datafield>
  <datafield tag="260" ind1=" " ind2=" ">
    <subfield code="a">Toronto :</subfield>
    <subfield code="b">W. J. Gage,</subfield>
    <subfield code="c">[c1947-</subfield>
  </datafield>
  <datafield tag="300" ind1=" " ind2=" ">
    <subfield code="a">6 v. :</subfield>
    <subfield code="b">music ;</subfield>
    <subfield code="c">21-28 cm.</subfield>
  </datafield>
  <datafield tag="336" ind1=" " ind2=" ">
    <subfield code="a">notated music</subfield>
    <subfield code="b">ntm</subfield>
    <subfield code="2">rdacontent</subfield>
  </datafield>
  <datafield tag="337" ind1=" " ind2=" ">
    <subfield code="a">unmediated</subfield>
    <subfield code="b">n</subfield>
    <subfield code="2">rdamedia</subfield>
  </datafield>
  <datafield tag="500" ind1=" " ind2=" ">
    <subfield code="a">"Based on The American singer, 1944-</subfield>
  </datafield>
  <datafield tag="500" ind1=" " ind2=" ">
    <subfield code="a">Melodies unaccompanied in v.2-6</subfield>
  </datafield>
  <datafield tag="590" ind1=" " ind2=" ">
    <subfield code="a">Approved for use in Alberta schools, 1948</subfield>
  </datafield>
  <datafield tag="596" ind1=" " ind2=" ">
    <subfield code="a">38 41</subfield>
  </datafield>
  <datafield tag="650" ind1=" " ind2="0">
    <subfield code="a">School songbooks, Canadian.</subfield>
  </datafield>
  <datafield tag="856" ind1="4" ind2="1">
    <subfield code="u">http://archive.org/details/canadiansingerbo02beat</subfield>
    <subfield code="z">Free eBook from the Internet Archive</subfield>
    <subfield code="3">Volume Book 2</subfield>
  </datafield>
</record>
