<?xml version="1.0"?>
<collection xmlns="http://www.loc.gov/MARC21/slim">
  <record>
    <leader>01427nam a2200337 a 4500</leader>
    <controlfield tag="001">cihm_29160</controlfield>
    <controlfield tag="003">CaSfIA</controlfield>
    <controlfield tag="005">20160212080645.0</controlfield>
    <controlfield tag="007">cr||||||||||||</controlfield>
    <controlfield tag="008">831208s1891    enkac   b     000 0 eng d</controlfield>
    <datafield tag="020" ind1=" " ind2=" ">
      <subfield code="a">0665291604</subfield>
    </datafield>
    <datafield tag="035" ind1=" " ind2=" ">
      <subfield code="a">ocn317910319</subfield>
    </datafield>
    <datafield tag="040" ind1=" " ind2=" ">
      <subfield code="a">CaOOCIHM</subfield>
      <subfield code="b">eng</subfield>
      <subfield code="d">AEU</subfield>
      <subfield code="d">CaSfIA</subfield>
    </datafield>
    <datafield tag="043" ind1=" " ind2=" ">
      <subfield code="a">n------</subfield>
    </datafield>
    <datafield tag="082" ind1="0" ind2=" ">
      <subfield code="a">917</subfield>
      <subfield code="2">19</subfield>
    </datafield>
    <datafield tag="090" ind1=" " ind2=" ">
      <subfield code="a">FC 02 0203 no. 29160</subfield>
      <subfield code="b">AEU</subfield>
    </datafield>
    <datafield tag="100" ind1="1" ind2=" ">
      <subfield code="a">Biart, Lucien,</subfield>
      <subfield code="d">1828-1897.</subfield>
    </datafield>
    <datafield tag="245" ind1="1" ind2="0">
      <subfield code="a">My rambles in the New World</subfield>
      <subfield code="h">[electronic resource] </subfield>
      <subfield code="c">by Lucien Biart ; translated by Mary de Hauteville.</subfield>
    </datafield>
    <datafield tag="260" ind1=" " ind2=" ">
      <subfield code="a">London :</subfield>
      <subfield code="b">S. Low, Marston,</subfield>
      <subfield code="c">1891.</subfield>
    </datafield>
    <datafield tag="300" ind1=" " ind2=" ">
      <subfield code="a">5 microfiches (207 fr.) :</subfield>
      <subfield code="b">ill., port.</subfield>
    </datafield>
    <datafield tag="490" ind1="1" ind2=" ">
      <subfield code="a">CIHM/ICMH Microfiche series = CIHM/ICMH collection de microfiches ;</subfield>
      <subfield code="v">no. 29160</subfield>
    </datafield>
    <datafield tag="500" ind1=" " ind2=" ">
      <subfield code="a">Translation of! A travers l'Am&#xC3;&#xA9;riqu</subfield>
    </datafield>
    <!-- No separator at end of field length=43 -->
    <!-- Bad indicator data. Skipping 2 bytes -->
    <datafield tag="500" ind1=" " ind2=" ">
      <subfield code="a">With: A selection from the list of books published by Sampson Low, Marston, Searle &amp; Rivington, Limited.</subfield>
    </datafield>
    <!-- Bad indicator data. Skipping 2 bytes -->
    <datafield tag="533" ind1=" " ind2=" ">
      <subfield code="a">Filmed from a copy of the original publication held by the Mills Memorial Library, McMaster University.</subfield>
      <subfield code="b">Ottawa :</subfield>
      <subfield code="c">Canadian Institute for Historical Microreproductions,</subfield>
      <subfield code="d">1982.</subfield>
    </datafield>
    <!-- Bad indicator data. Skipping 2 bytes -->
    <datafield tag="534" ind1=" " ind2=" ">
      <subfield code="e">296, 32 p. : ill., port. ; 19 cm.</subfield>
    </datafield>
    <!-- Bad indicator data. Skipping 2 bytes -->
    <datafield tag="596" ind1=" " ind2=" ">
      <subfield code="a">43</subfield>
    </datafield>
    <!-- Bad indicator data. Skipping 2 bytes -->
    <datafield tag="651" ind1=" " ind2="0">
      <subfield code="a">North America</subfield>
      <subfield code="x">Description and travel.</subfield>
    </datafield>
    <!-- Bad indicator data. Skipping 2 bytes -->
    <datafield tag="651" ind1=" " ind2="6">
      <subfield code="a">Am&#xC3;&#xA9;rique du Nord</subfield>
      <subfield code="x">Descriptions et voyage</subfield>
    </datafield>
    <!-- No separator at end of field length=48 -->
    <datafield tag="830" ind1="e" ind2="s">
  </datafield>
    <!-- Separator but not at end of field length=45 -->
    <datafield tag="856" ind1="4" ind2="1">
      <subfield code="u">http://archive.org/details/cihm_29160</subfield>
      <subfield code="z">Free eBook from the Internet Archive</subfield>
    </datafield>
    <!-- Separator but not at end of field length=22 -->
    <datafield tag="016" ind1="P" ind2="R">
  </datafield>
    <!-- Separator but not at end of field length=15 -->
    <!-- Separator but not at end of field length=58 -->
  </record>
</collection>
