<?xml version="1.0" encoding="UTF-8"?>
<record xmlns="http://www.loc.gov/MARC21/slim">
  <leader>01343nam a2200325 a 4500</leader>
  <controlfield tag="001">cihm_33676</controlfield>
  <controlfield tag="003">CaSfIA</controlfield>
  <controlfield tag="005">20151008010651.0</controlfield>
  <controlfield tag="007">cr||||||||||||</controlfield>
  <controlfield tag="008">840301s1894    quc     b     000 0 fre d</controlfield>
  <datafield tag="020" ind1=" " ind2=" ">
    <subfield code="a">0665336764</subfield>
  </datafield>
  <datafield tag="035" ind1=" " ind2=" ">
    <subfield code="a">ocm77433830</subfield>
  </datafield>
  <datafield tag="040" ind1=" " ind2=" ">
    <subfield code="a">CaOOCIHM</subfield>
    <subfield code="b">fre</subfield>
    <subfield code="d">AEU</subfield>
    <subfield code="d">CaSfIA</subfield>
  </datafield>
  <datafield tag="082" ind1="0" ind2=" ">
    <subfield code="a">377.097127</subfield>
    <subfield code="2">19</subfield>
  </datafield>
  <datafield tag="090" ind1=" " ind2=" ">
    <subfield code="a">FC 02 0203 no. 33676</subfield>
    <subfield code="b">AEU</subfield>
  </datafield>
  <datafield tag="100" ind1="1" ind2=" ">
    <subfield code="a">Taché, Alexandre A.,</subfield>
    <subfield code="d">1823-1894</subfield>
  </datafield>
  <datafield tag="245" ind1="1" ind2="4">
    <subfield code="a">Une page de l'histoire des écoles de Manitoba</subfield>
    <subfield code="h">[electronic resource] </subfield>
    <subfield code="b">étude des cinq phases d'une période de 75 années /</subfield>
    <subfield code="c">Monseigneur Taché.</subfield>
  </datafield>
  <datafield tag="260" ind1=" " ind2=" ">
    <subfield code="a">[Montréal? :</subfield>
    <subfield code="b">s.n.],</subfield>
    <subfield code="c">1894</subfield>
    <subfield code="e">(Montréal :</subfield>
    <subfield code="f">C.O. Beauchemin)</subfield>
  </datafield>
  <datafield tag="300" ind1=" " ind2=" ">
    <subfield code="a">2 microfiches (65 images).</subfield>
  </datafield>
  <datafield tag="490" ind1="1" ind2=" ">
    <subfield code="a">CIHM/ICMH Microfiche series = CIHM/ICMH collection de microfiches ;</subfield>
    <subfield code="v">no. 33676</subfield>
  </datafield>
  <datafield tag="533" ind1=" " ind2=" ">
    <subfield code="a">Microfiche de l'exemplaire de l'édition originale se trouvant à la Bibliothèque nationale du Canada.</subfield>
    <subfield code="b">Ottawa :</subfield>
    <subfield code="c">Institut canadien de microreproductions historiques,</subfield>
    <subfield code="d">1982.</subfield>
  </datafield>
  <datafield tag="534" ind1=" " ind2=" ">
    <subfield code="e">116 p. ; 24 cm.</subfield>
  </datafield>
  <datafield tag="596" ind1=" " ind2=" ">
    <subfield code="a">43</subfield>
  </datafield>
  <datafield tag="650" ind1=" " ind2="6">
    <subfield code="a">Ecoles du Manitoba, Question des.</subfield>
  </datafield>
  <datafield tag="650" ind1=" " ind2="6">
    <subfield code="a">Ecoles séparées</subfield>
    <subfield code="z">Manitoba.</subfield>
  </datafield>
  <datafield tag="650" ind1=" " ind2="0">
    <subfield code="a">Manitoba school question.</subfield>
  </datafield>
  <datafield tag="650" ind1=" " ind2="0">
    <subfield code="a">Separate schools</subfield>
    <subfield code="z">Manitoba.</subfield>
  </datafield>
  <datafield tag="830" ind1=" " ind2="0">
    <subfield code="a">CIHM/ICMH microfiche series ;</subfield>
    <subfield code="v">no. 33676</subfield>
  </datafield>
  <datafield tag="856" ind1="4" ind2="1">
    <subfield code="u">http://archive.org/details/cihm_33676</subfield>
    <subfield code="z">Free eBook from the Internet Archive</subfield>
  </datafield>
  <datafield tag="856" ind1="4" ind2="2">
    <subfield code="u">http://www.openlibrary.org/books/OL24344483M</subfield>
    <subfield code="z">Additional information and access via Open Library</subfield>
  </datafield>
  <datafield tag="016" ind1=" " ind2=" ">
    <subfield code="a"> 846204657</subfield>
  </datafield>
</record>
