<?xml version="1.0" encoding="UTF-8"?>
<record xmlns="http://www.loc.gov/MARC21/slim">
  <leader>01369nam a2200337 a 4500</leader>
  <controlfield tag="001">cihm_14493</controlfield>
  <controlfield tag="003">CaSfIA</controlfield>
  <controlfield tag="005">20151008010651.0</controlfield>
  <controlfield tag="007">cr||||||||||||</controlfield>
  <controlfield tag="008">830901s1894    onc     b     001 0 eng d</controlfield>
  <datafield tag="016" ind1=" " ind2=" ">
    <subfield code="a"> 83616928X</subfield>
  </datafield>
  <datafield tag="020" ind1=" " ind2=" ">
    <subfield code="a">0665144938</subfield>
  </datafield>
  <datafield tag="040" ind1=" " ind2=" ">
    <subfield code="a">CaOOCIHM</subfield>
    <subfield code="b">eng</subfield>
    <subfield code="d">AEU</subfield>
    <subfield code="d">CaSfIA</subfield>
  </datafield>
  <datafield tag="082" ind1="0" ind2=" ">
    <subfield code="a">808.042</subfield>
    <subfield code="2">19</subfield>
  </datafield>
  <datafield tag="090" ind1=" " ind2=" ">
    <subfield code="a">FC 02 0203 no. 14493</subfield>
    <subfield code="b">AEU</subfield>
  </datafield>
  <datafield tag="100" ind1="1" ind2=" ">
    <subfield code="a">Alexander, W. J.</subfield>
    <subfield code="q">(William John),</subfield>
    <subfield code="d">1855-1944</subfield>
  </datafield>
  <datafield tag="245" ind1="1" ind2="0">
    <subfield code="a">Composition from models</subfield>
    <subfield code="h">[electronic resource] </subfield>
    <subfield code="b">for use in schools and colleges /</subfield>
    <subfield code="c">by W.J. Alexander and M.F. Libby.</subfield>
  </datafield>
  <datafield tag="260" ind1=" " ind2=" ">
    <subfield code="a">Toronto :</subfield>
    <subfield code="b">Copp, Clark,</subfield>
    <subfield code="c">1894.</subfield>
  </datafield>
  <datafield tag="300" ind1=" " ind2=" ">
    <subfield code="a">6 microfiches (263 fr.).</subfield>
  </datafield>
  <datafield tag="490" ind1="1" ind2=" ">
    <subfield code="a">CIHM/ICMH Microfiche series = CIHM/ICMH collection de microfiches ;</subfield>
    <subfield code="v">no. 14493</subfield>
  </datafield>
  <datafield tag="504" ind1=" " ind2=" ">
    <subfield code="a">Includes index.</subfield>
  </datafield>
  <datafield tag="533" ind1=" " ind2=" ">
    <subfield code="a">Filmed from a copy of the original publication held by the Thomas Fisher Rare Book Library, University of Toronto Library.</subfield>
    <subfield code="b">Ottawa :</subfield>
    <subfield code="c">Canadian Institute for Historical Microreproductions,</subfield>
    <subfield code="d">1982.</subfield>
  </datafield>
  <datafield tag="534" ind1=" " ind2=" ">
    <subfield code="e">494 p.</subfield>
  </datafield>
  <datafield tag="650" ind1=" " ind2="0">
    <subfield code="a">English language</subfield>
    <subfield code="x">Rhetoric.</subfield>
  </datafield>
  <datafield tag="650" ind1=" " ind2="0">
    <subfield code="a">English language</subfield>
    <subfield code="x">Style.</subfield>
  </datafield>
  <datafield tag="650" ind1=" " ind2="6">
    <subfield code="a">Anglais (Langue)</subfield>
    <subfield code="x">Rhétorique.</subfield>
  </datafield>
  <datafield tag="650" ind1=" " ind2="6">
    <subfield code="a">Anglais (Langue)</subfield>
    <subfield code="x">Stylistique.</subfield>
  </datafield>
  <datafield tag="700" ind1="1" ind2=" ">
    <subfield code="a">Libby, M. F.</subfield>
    <subfield code="q">(Melancthon Fennessy),</subfield>
    <subfield code="d">1864-1921.</subfield>
  </datafield>
  <datafield tag="830" ind1=" " ind2="0">
    <subfield code="a">CIHM/ICMH microfiche series ;</subfield>
    <subfield code="v">no. 14493</subfield>
  </datafield>
  <datafield tag="856" ind1="4" ind2="1">
    <subfield code="u">http://archive.org/details/cihm_14493</subfield>
    <subfield code="z">Free eBook from the Internet Archive</subfield>
  </datafield>
  <datafield tag="856" ind1="4" ind2="2">
    <subfield code="u">http://www.openlibrary.org/books/OL23703336M</subfield>
    <subfield code="z">Additional information and access via Open Library</subfield>
  </datafield>
  <datafield tag="596" ind1=" " ind2=" ">
    <subfield code="a">43</subfield>
  </datafield>
</record>
