<?xml version="1.0" encoding="UTF-8"?>
<record xmlns="http://www.loc.gov/MARC21/slim">
  <leader>01492nam a2200373 a 4500</leader>
  <controlfield tag="001">cihm_09296</controlfield>
  <controlfield tag="003">CaSfIA</controlfield>
  <controlfield tag="005">20151008010651.0</controlfield>
  <controlfield tag="007">cr||||||||||||</controlfield>
  <controlfield tag="008">820812s1892    onc     b     000 0 eng d</controlfield>
  <datafield tag="016" ind1=" " ind2=" ">
    <subfield code="a"> 826098320</subfield>
  </datafield>
  <datafield tag="020" ind1=" " ind2=" ">
    <subfield code="a">0665092962</subfield>
  </datafield>
  <datafield tag="040" ind1=" " ind2=" ">
    <subfield code="a">CaOOCIHM</subfield>
    <subfield code="b">eng</subfield>
    <subfield code="d">AEU</subfield>
    <subfield code="d">CaSfIA</subfield>
  </datafield>
  <datafield tag="082" ind1="0" ind2=" ">
    <subfield code="a">513</subfield>
    <subfield code="2">19</subfield>
  </datafield>
  <datafield tag="090" ind1=" " ind2=" ">
    <subfield code="a">FC 02 0203 no. 09296</subfield>
    <subfield code="b">AEU</subfield>
  </datafield>
  <datafield tag="100" ind1="1" ind2=" ">
    <subfield code="a">McLellan, J. A.</subfield>
    <subfield code="q">(James Alexander),</subfield>
    <subfield code="d">1832-1907</subfield>
  </datafield>
  <datafield tag="245" ind1="1" ind2="0">
    <subfield code="a">Mental arithmetic</subfield>
    <subfield code="h">[electronic resource] </subfield>
    <subfield code="b">fundamental rules, fractions, analysis /</subfield>
    <subfield code="c">by J.A. McLellan.</subfield>
  </datafield>
  <datafield tag="250" ind1=" " ind2=" ">
    <subfield code="a">Fifteenth ed.</subfield>
  </datafield>
  <datafield tag="260" ind1=" " ind2=" ">
    <subfield code="a">Toronto :</subfield>
    <subfield code="b">W.J. Gage,</subfield>
    <subfield code="c">1892.</subfield>
  </datafield>
  <datafield tag="300" ind1=" " ind2=" ">
    <subfield code="a">2 microfiches (67 fr.).</subfield>
  </datafield>
  <datafield tag="490" ind1="1" ind2=" ">
    <subfield code="a">CIHM/ICMH Microfiche series = CIHM/ICMH collection de microfiches ;</subfield>
    <subfield code="v">no. 09296</subfield>
  </datafield>
  <datafield tag="500" ind1=" " ind2=" ">
    <subfield code="a">"Part I."</subfield>
  </datafield>
  <datafield tag="500" ind1=" " ind2=" ">
    <subfield code="a">"Authorized for use in the Schools of Nova Scotia ..."</subfield>
  </datafield>
  <datafield tag="500" ind1=" " ind2=" ">
    <subfield code="a">Original issued in series: W.J. Gage &amp; Co.'s mathematical series.</subfield>
  </datafield>
  <datafield tag="533" ind1=" " ind2=" ">
    <subfield code="a">Filmed from a copy of the original publication held by the National Library of Canada.</subfield>
    <subfield code="b">Ottawa :</subfield>
    <subfield code="c">Canadian Institute for Historical Microreproductions,</subfield>
    <subfield code="d">1980.</subfield>
  </datafield>
  <datafield tag="534" ind1=" " ind2=" ">
    <subfield code="e">125 p.</subfield>
  </datafield>
  <datafield tag="650" ind1=" " ind2="0">
    <subfield code="a">Arithmetic</subfield>
    <subfield code="x">Problems, exercises, etc.</subfield>
  </datafield>
  <datafield tag="650" ind1=" " ind2="0">
    <subfield code="a">Arithmetic</subfield>
    <subfield code="y">1881-1900.</subfield>
  </datafield>
  <datafield tag="650" ind1=" " ind2="6">
    <subfield code="a">Arithmétique</subfield>
    <subfield code="x">Problèmes et exercices.</subfield>
  </datafield>
  <datafield tag="650" ind1=" " ind2="6">
    <subfield code="a">Arithmétique</subfield>
    <subfield code="y">1881-1900.</subfield>
  </datafield>
  <datafield tag="830" ind1=" " ind2="0">
    <subfield code="a">CIHM/ICMH microfiche series ;</subfield>
    <subfield code="v">no. 09296</subfield>
  </datafield>
  <datafield tag="830" ind1=" " ind2="0">
    <subfield code="a">W.J. Gage &amp; Co.'s mathematical series.</subfield>
  </datafield>
  <datafield tag="856" ind1="4" ind2="1">
    <subfield code="u">http://archive.org/details/cihm_09296</subfield>
    <subfield code="z">Free eBook from the Internet Archive</subfield>
  </datafield>
  <datafield tag="856" ind1="4" ind2="2">
    <subfield code="u">http://www.openlibrary.org/books/OL23354726M</subfield>
    <subfield code="z">Additional information and access via Open Library</subfield>
  </datafield>
  <datafield tag="596" ind1=" " ind2=" ">
    <subfield code="a">43</subfield>
  </datafield>
</record>
