<?xml version="1.0"?>
<record xmlns="http://www.loc.gov/MARC21/slim">
  <leader>00954cam a2200253 a 4500</leader>
  <controlfield tag="001">coltonfitchsintr00fitc</controlfield>
  <controlfield tag="003">CaSfIA</controlfield>
  <controlfield tag="005">20151008010651.0</controlfield>
  <controlfield tag="007">cr||||||||||||</controlfield>
  <controlfield tag="008">820920t18581856nyu               0 eng c</controlfield>
  <datafield tag="035" ind1=" " ind2=" ">
    <subfield code="a">ocm65626392</subfield>
  </datafield>
  <datafield tag="040" ind1=" " ind2=" ">
    <subfield code="b">eng</subfield>
    <subfield code="d">CaSfIA</subfield>
  </datafield>
  <datafield tag="049" ind1=" " ind2=" ">
    <subfield code="a">aeu</subfield>
    <subfield code="b">eng</subfield>
  </datafield>
  <datafield tag="050" ind1=" " ind2="4">
    <subfield code="a">G 125</subfield>
    <subfield code="b">F54 1856</subfield>
  </datafield>
  <datafield tag="090" ind1="0" ind2="0">
    <subfield code="a">G 125 F54 1856</subfield>
    <subfield code="b">CH</subfield>
  </datafield>
  <datafield tag="100" ind1="1" ind2=" ">
    <subfield code="a">Fitch, George W.</subfield>
    <subfield code="q">(George William)</subfield>
  </datafield>
  <datafield tag="245" ind1="1" ind2="0">
    <subfield code="a">Colton and Fitch's introductory school geography /</subfield>
    <subfield code="h">[electronic resource] </subfield>
    <subfield code="c">by George W. Fitch ; maps on a new and uniform system of scales, constructed expressly for this work by G. Woolworth Colton.</subfield>
  </datafield>
  <datafield tag="260" ind1=" " ind2=" ">
    <subfield code="a">New York :</subfield>
    <subfield code="b">J.H. Colton,</subfield>
    <subfield code="c">1858, c1856.</subfield>
  </datafield>
  <datafield tag="300" ind1=" " ind2=" ">
    <subfield code="a">98 p. :</subfield>
    <subfield code="b">ill., maps (some col.) ;</subfield>
    <subfield code="c">22 cm.</subfield>
  </datafield>
  <datafield tag="336" ind1=" " ind2=" ">
    <subfield code="a">text</subfield>
    <subfield code="b">txt</subfield>
    <subfield code="2">rdacontent</subfield>
  </datafield>
  <datafield tag="337" ind1=" " ind2=" ">
    <subfield code="a">unmediated</subfield>
    <subfield code="b">n</subfield>
    <subfield code="2">rdamedia</subfield>
  </datafield>
  <datafield tag="338" ind1=" " ind2=" ">
    <subfield code="a">volume</subfield>
    <subfield code="b">nc</subfield>
    <subfield code="2">rdacarrier</subfield>
  </datafield>
  <datafield tag="596" ind1=" " ind2=" ">
    <subfield code="a">41</subfield>
  </datafield>
  <datafield tag="650" ind1=" " ind2="0">
    <subfield code="a">Geography</subfield>
    <subfield code="x">Study and teaching (Elementary).</subfield>
  </datafield>
  <datafield tag="700" ind1="1" ind2=" ">
    <subfield code="a">Colton, G. Woolworth,</subfield>
    <subfield code="d">1827-1901.</subfield>
  </datafield>
  <datafield tag="740" ind1="0" ind2=" ">
    <subfield code="a">Introductory school geography.</subfield>
  </datafield>
  <datafield tag="856" ind1="4" ind2="1">
    <subfield code="u">http://archive.org/details/coltonfitchsintr00fitc</subfield>
    <subfield code="z">Free eBook from the Internet Archive</subfield>
  </datafield>
  <datafield tag="856" ind1="4" ind2="2">
    <subfield code="u">http://www.openlibrary.org/books/OL25751941M</subfield>
    <subfield code="z">Additional information and access via Open Library</subfield>
  </datafield>
</record>
