<?xml version="1.0"?>
<record xmlns="http://www.loc.gov/MARC21/slim">
  <leader>01370cam a22003131  4500</leader>
  <controlfield tag="001">drmilesvol303mile</controlfield>
  <controlfield tag="003">CaSfIA</controlfield>
  <controlfield tag="005">20151008010651.0</controlfield>
  <controlfield tag="007">cr||||||||||||</controlfield>
  <controlfield tag="008">840103q18701983xxc               0 eng x</controlfield>
  <datafield tag="035" ind1=" " ind2=" ">
    <subfield code="a">ocm65698963</subfield>
  </datafield>
  <datafield tag="040" ind1=" " ind2=" ">
    <subfield code="b">eng</subfield>
    <subfield code="d">CaSfIA</subfield>
  </datafield>
  <datafield tag="043" ind1=" " ind2=" ">
    <subfield code="a">n-cn---</subfield>
  </datafield>
  <datafield tag="049" ind1=" " ind2=" ">
    <subfield code="a">aeu</subfield>
    <subfield code="b">eng</subfield>
  </datafield>
  <datafield tag="050" ind1=" " ind2="4">
    <subfield code="a">FC 170</subfield>
    <subfield code="b">M64 1870</subfield>
  </datafield>
  <datafield tag="090" ind1="0" ind2="0">
    <subfield code="a">FC 170 M64 1870</subfield>
    <subfield code="b">CH</subfield>
  </datafield>
  <datafield tag="100" ind1="1" ind2=" ">
    <subfield code="a">Miles, Henry H.</subfield>
    <subfield code="q">(Henry Hopper),</subfield>
    <subfield code="d">1818-1895.</subfield>
  </datafield>
  <datafield tag="245" ind1="1" ind2="0">
    <subfield code="a">Dr. Mile's [sic] series of histories of Canada.</subfield>
    <subfield code="h">[electronic resource] </subfield>
  </datafield>
  <datafield tag="260" ind1=" " ind2=" ">
    <subfield code="a">[n. p.,</subfield>
    <subfield code="c">1870?]</subfield>
  </datafield>
  <datafield tag="300" ind1=" " ind2=" ">
    <subfield code="a">3 v.</subfield>
    <subfield code="b">ill.</subfield>
    <subfield code="c">17 cm.</subfield>
  </datafield>
  <datafield tag="336" ind1=" " ind2=" ">
    <subfield code="a">text</subfield>
    <subfield code="b">txt</subfield>
    <subfield code="2">rdacontent</subfield>
  </datafield>
  <datafield tag="337" ind1=" " ind2=" ">
    <subfield code="a">unmediated</subfield>
    <subfield code="b">n</subfield>
    <subfield code="2">rdamedia</subfield>
  </datafield>
  <datafield tag="338" ind1=" " ind2=" ">
    <subfield code="a">volume</subfield>
    <subfield code="b">nc</subfield>
    <subfield code="2">rdacarrier</subfield>
  </datafield>
  <datafield tag="500" ind1=" " ind2=" ">
    <subfield code="a">Approved for the schools, Catholic and Protestant, of the Province of Quebec by the Council of Public Instruction, Oct. 1869.</subfield>
  </datafield>
  <datafield tag="500" ind1=" " ind2=" ">
    <subfield code="a">Vol. 3 lacks title page.</subfield>
  </datafield>
  <datafield tag="505" ind1="0" ind2=" ">
    <subfield code="a">[v.1] A new history of Canada, 1534-1867; for the superior schools, and to serve as a general reader in French schools--[v.2] A school history of Canada, 1534-1867; for the model and elementary schools, and for the French schools--[v.3] The child's history of Canada, for the elementary school.</subfield>
  </datafield>
  <datafield tag="596" ind1=" " ind2=" ">
    <subfield code="a">41</subfield>
  </datafield>
  <datafield tag="650" ind1=" " ind2="0">
    <subfield code="a">Readers</subfield>
    <subfield code="z">Canada</subfield>
    <subfield code="x">History.</subfield>
  </datafield>
  <datafield tag="651" ind1=" " ind2="0">
    <subfield code="a">Canada</subfield>
    <subfield code="x">History</subfield>
    <subfield code="x">Study and teaching.</subfield>
  </datafield>
  <datafield tag="740" ind1="4" ind2=" ">
    <subfield code="a">The child's history of Canada.</subfield>
  </datafield>
  <datafield tag="856" ind1="4" ind2="1">
    <subfield code="u">http://archive.org/details/drmilesvol303mile</subfield>
    <subfield code="z">Free eBook from the Internet Archive</subfield>
    <subfield code="3">Volume 3</subfield>
  </datafield>
</record>
