<?xml version="1.0"?>
<record xmlns="http://www.loc.gov/MARC21/slim">
  <leader>00825cam a2200241 | 4500</leader>
  <controlfield tag="001">educationalreade00rand</controlfield>
  <controlfield tag="003">CaSfIA</controlfield>
  <controlfield tag="005">20151008010651.0</controlfield>
  <controlfield tag="007">cr||||||||||||</controlfield>
  <controlfield tag="008">110277s1847    nyu               0 eng l</controlfield>
  <datafield tag="035" ind1=" " ind2=" ">
    <subfield code="a">ocn461574561</subfield>
  </datafield>
  <datafield tag="040" ind1=" " ind2=" ">
    <subfield code="a">DLC</subfield>
    <subfield code="b">eng</subfield>
    <subfield code="d">CaSfIA</subfield>
  </datafield>
  <datafield tag="049" ind1=" " ind2=" ">
    <subfield code="a">aeu</subfield>
    <subfield code="b">eng</subfield>
  </datafield>
  <datafield tag="050" ind1="0" ind2=" ">
    <subfield code="a">PE 1120</subfield>
    <subfield code="b">R18 1847</subfield>
  </datafield>
  <datafield tag="090" ind1="0" ind2="0">
    <subfield code="a">PE 1120 R18 1847</subfield>
    <subfield code="b">CH</subfield>
  </datafield>
  <datafield tag="100" ind1="1" ind2=" ">
    <subfield code="a">Randall, S. S.</subfield>
    <subfield code="q">(Samuel Sidwell),</subfield>
    <subfield code="d">1809-1881.</subfield>
  </datafield>
  <datafield tag="245" ind1="1" ind2="4">
    <subfield code="a">The educational reader;</subfield>
    <subfield code="h">[electronic resource] </subfield>
    <subfield code="b">containing selections from a variety of standard English and American authors, in prose and poetry: adapted to family and school reading.</subfield>
  </datafield>
  <datafield tag="250" ind1=" " ind2=" ">
    <subfield code="a">4th ed., enl.</subfield>
  </datafield>
  <datafield tag="260" ind1=" " ind2=" ">
    <subfield code="a">Albany,</subfield>
    <subfield code="b">E. H. Bender,</subfield>
    <subfield code="c">1847.</subfield>
  </datafield>
  <datafield tag="300" ind1=" " ind2=" ">
    <subfield code="a">360 p.</subfield>
    <subfield code="c">19 cm.</subfield>
  </datafield>
  <datafield tag="336" ind1=" " ind2=" ">
    <subfield code="a">text</subfield>
    <subfield code="b">txt</subfield>
    <subfield code="2">rdacontent</subfield>
  </datafield>
  <datafield tag="337" ind1=" " ind2=" ">
    <subfield code="a">unmediated</subfield>
    <subfield code="b">n</subfield>
    <subfield code="2">rdamedia</subfield>
  </datafield>
  <datafield tag="338" ind1=" " ind2=" ">
    <subfield code="a">volume</subfield>
    <subfield code="b">nc</subfield>
    <subfield code="2">rdacarrier</subfield>
  </datafield>
  <datafield tag="596" ind1=" " ind2=" ">
    <subfield code="a">41</subfield>
  </datafield>
  <datafield tag="650" ind1=" " ind2="0">
    <subfield code="a">Readers.</subfield>
  </datafield>
  <datafield tag="856" ind1="4" ind2="1">
    <subfield code="u">http://archive.org/details/educationalreade00rand</subfield>
    <subfield code="z">Free eBook from the Internet Archive</subfield>
  </datafield>
</record>
