<?xml version="1.0"?>
<record xmlns="http://www.loc.gov/MARC21/slim">
  <leader>00986cam a2200253 a 4500</leader>
  <controlfield tag="001">epochsofenglishh00crei_0</controlfield>
  <controlfield tag="003">CaSfIA</controlfield>
  <controlfield tag="005">20160622142839.0</controlfield>
  <controlfield tag="007">cr||||||||||||</controlfield>
  <controlfield tag="008">830222s1879    onc    l          0 eng c</controlfield>
  <datafield tag="035" ind1=" " ind2=" ">
    <subfield code="a">ocn461774626</subfield>
  </datafield>
  <datafield tag="040" ind1=" " ind2=" ">
    <subfield code="b">eng</subfield>
    <subfield code="d">CaSfIA</subfield>
  </datafield>
  <datafield tag="049" ind1=" " ind2=" ">
    <subfield code="a">aeu</subfield>
    <subfield code="b">eng</subfield>
  </datafield>
  <datafield tag="050" ind1=" " ind2="4">
    <subfield code="a">DA 30</subfield>
    <subfield code="b">E64 1879</subfield>
  </datafield>
  <datafield tag="090" ind1="0" ind2="0">
    <subfield code="a">DA 30 E64 1879</subfield>
    <subfield code="b">CH</subfield>
  </datafield>
  <datafield tag="245" ind1="0" ind2="0">
    <subfield code="a">Epochs of English history /</subfield>
    <subfield code="h">[electronic resource] </subfield>
    <subfield code="c">edited by M. Creighton.</subfield>
  </datafield>
  <datafield tag="260" ind1=" " ind2=" ">
    <subfield code="a">Toronto :</subfield>
    <subfield code="b">Adam Miller,</subfield>
    <subfield code="c">1879.</subfield>
  </datafield>
  <datafield tag="300" ind1=" " ind2=" ">
    <subfield code="a">4 v. :</subfield>
    <subfield code="b">ill., maps ;</subfield>
    <subfield code="c">17 cm.</subfield>
  </datafield>
  <datafield tag="336" ind1=" " ind2=" ">
    <subfield code="a">text</subfield>
    <subfield code="b">txt</subfield>
    <subfield code="2">rdacontent</subfield>
  </datafield>
  <datafield tag="337" ind1=" " ind2=" ">
    <subfield code="a">unmediated</subfield>
    <subfield code="b">n</subfield>
    <subfield code="2">rdamedia</subfield>
  </datafield>
  <datafield tag="338" ind1=" " ind2=" ">
    <subfield code="a">volume</subfield>
    <subfield code="b">nc</subfield>
    <subfield code="2">rdacarrier</subfield>
  </datafield>
  <datafield tag="500" ind1=" " ind2=" ">
    <subfield code="a">"Authorized by the Minister of Education".</subfield>
  </datafield>
  <datafield tag="505" ind1="0" ind2=" ">
    <subfield code="a">[pt.1] Early England up to the Norman conquest -- [pt.2] England as a contintental power -- [pt.3] The rise of the people, and the growth of parliament -- [pt.4] The Tudors and the Reformation.</subfield>
  </datafield>
  <datafield tag="596" ind1=" " ind2=" ">
    <subfield code="a">41</subfield>
  </datafield>
  <datafield tag="651" ind1=" " ind2="0">
    <subfield code="a">Great Britain</subfield>
    <subfield code="x">History</subfield>
    <subfield code="x">Study and teaching.</subfield>
  </datafield>
  <datafield tag="700" ind1="1" ind2=" ">
    <subfield code="a">Creighton, M.</subfield>
    <subfield code="q">(Mandell),</subfield>
    <subfield code="d">1843-1901.</subfield>
  </datafield>
  <datafield tag="856" ind1="4" ind2="1">
    <subfield code="u">http://archive.org/details/epochsofenglishh00crei_0</subfield>
    <subfield code="z">Free eBook from the Internet Archive</subfield>
  </datafield>
</record>
