<?xml version="1.0"?>
<record xmlns="http://www.loc.gov/MARC21/slim">
  <leader>00869cam a2200265 a 4500</leader>
  <controlfield tag="001">farhorizonsheart00dick</controlfield>
  <controlfield tag="003">CaSfIA</controlfield>
  <controlfield tag="005">20160820140551.0</controlfield>
  <controlfield tag="007">cr||||||||||||</controlfield>
  <controlfield tag="008">960507s1936    onca          000 0 eng u</controlfield>
  <datafield tag="035" ind1=" " ind2=" ">
    <subfield code="a">ocm70421651</subfield>
  </datafield>
  <datafield tag="040" ind1=" " ind2=" ">
    <subfield code="a">AEU</subfield>
    <subfield code="b">eng</subfield>
    <subfield code="d">CaSfIA</subfield>
  </datafield>
  <datafield tag="050" ind1=" " ind2="4">
    <subfield code="a">PE1121</subfield>
    <subfield code="b">.F37 1936</subfield>
  </datafield>
  <datafield tag="090" ind1="0" ind2=" ">
    <subfield code="a">PE 1121 F37 1936</subfield>
    <subfield code="b">AEU</subfield>
  </datafield>
  <datafield tag="245" ind1="0" ind2="0">
    <subfield code="a">Far horizons.</subfield>
    <subfield code="p">Hearts high /</subfield>
    <subfield code="h">[electronic resource] </subfield>
    <subfield code="c">compiled by D.J. Dickie ; edited by Helen Palk ; illustrated by W.A. Winter.</subfield>
  </datafield>
  <datafield tag="246" ind1="3" ind2="0">
    <subfield code="a">Hearts high</subfield>
  </datafield>
  <datafield tag="260" ind1=" " ind2=" ">
    <subfield code="a">Toronto :</subfield>
    <subfield code="b">J.M. Dent &amp; Sons (Canada),</subfield>
    <subfield code="c">1936.</subfield>
  </datafield>
  <datafield tag="300" ind1=" " ind2=" ">
    <subfield code="a">367 p. :</subfield>
    <subfield code="b">ill. ;</subfield>
    <subfield code="c">19 cm.</subfield>
  </datafield>
  <datafield tag="336" ind1=" " ind2=" ">
    <subfield code="a">text</subfield>
    <subfield code="b">txt</subfield>
    <subfield code="2">rdacontent</subfield>
  </datafield>
  <datafield tag="337" ind1=" " ind2=" ">
    <subfield code="a">unmediated</subfield>
    <subfield code="b">n</subfield>
    <subfield code="2">rdamedia</subfield>
  </datafield>
  <datafield tag="338" ind1=" " ind2=" ">
    <subfield code="a">volume</subfield>
    <subfield code="b">nc</subfield>
    <subfield code="2">rdacarrier</subfield>
  </datafield>
  <datafield tag="500" ind1=" " ind2=" ">
    <subfield code="a">"Book 6."--Spine.</subfield>
  </datafield>
  <datafield tag="596" ind1=" " ind2=" ">
    <subfield code="a">41</subfield>
  </datafield>
  <datafield tag="650" ind1=" " ind2="0">
    <subfield code="a">Readers (Elementary)</subfield>
  </datafield>
  <datafield tag="700" ind1="1" ind2=" ">
    <subfield code="a">Dickie, D. J.,</subfield>
    <subfield code="d">1883-1972.</subfield>
  </datafield>
  <datafield tag="700" ind1="1" ind2=" ">
    <subfield code="a">Palk, Helen.</subfield>
  </datafield>
  <datafield tag="700" ind1="1" ind2=" ">
    <subfield code="a">Winter, William,</subfield>
    <subfield code="d">1909-1996.</subfield>
  </datafield>
  <datafield tag="856" ind1="4" ind2="1">
    <subfield code="u">http://archive.org/details/farhorizonsheart00dick</subfield>
    <subfield code="z">Free eBook from the Internet Archive</subfield>
  </datafield>
  <datafield tag="856" ind1="4" ind2="2">
    <subfield code="u">http://www.openlibrary.org/books/OL25946140M</subfield>
    <subfield code="z">Additional information and access via Open Library</subfield>
  </datafield>
</record>
