<?xml version="1.0" encoding="UTF-8"?>
<record xmlns="http://www.loc.gov/MARC21/slim" xmlns:cinclude="http://apache.org/cocoon/include/1.0" xmlns:zs="http://www.loc.gov/zing/srw/">
  <leader>00838cam a22002291  4500</leader>
  <controlfield tag="001">frogsparishcler00archgoog</controlfield>
  <controlfield tag="003">CaSfIA</controlfield>
  <controlfield tag="005">20151008010651.0</controlfield>
  <controlfield tag="007">cr||||||||||||</controlfield>
  <controlfield tag="008">740228s1866    xx     j      000 0 eng  </controlfield>
  <datafield tag="035" ind1=" " ind2=" ">
    <subfield code="9">(DLC)   42044991</subfield>
  </datafield>
  <datafield tag="856" ind1="4" ind2="1">
    <subfield code="u">http://archive.org/details/frogsparishcler00archgoog</subfield>
    <subfield code="z">Free eBook from the Internet Archive</subfield>
  </datafield>
  <datafield tag="856" ind1="4" ind2="2">
    <subfield code="u">http://www.openlibrary.org/books/OL6445877M</subfield>
    <subfield code="z">Additional information and access via Open Library</subfield>
  </datafield>
  <datafield tag="856" ind1="4" ind2="1">
    <subfield code="u">http://books.google.com/books?id=is0BAAAAQAAJ&amp;oe=UTF-8</subfield>
    <subfield code="z">Source copy of item, at google.com</subfield>
  </datafield>
  <datafield tag="010" ind1=" " ind2=" ">
    <subfield code="a">   42044991 </subfield>
  </datafield>
  <datafield tag="035" ind1=" " ind2=" ">
    <subfield code="a">(OCoLC)817156</subfield>
  </datafield>
  <datafield tag="040" ind1=" " ind2=" ">
    <subfield code="a">DLC</subfield>
    <subfield code="c">NRU</subfield>
    <subfield code="d">DLC</subfield>
    <subfield code="d">CaSfIA</subfield>
  </datafield>
  <datafield tag="042" ind1=" " ind2=" ">
    <subfield code="a">premarc</subfield>
  </datafield>
  <datafield tag="050" ind1="0" ind2="0">
    <subfield code="a">PZ10.3.A73</subfield>
    <subfield code="b">Fr</subfield>
  </datafield>
  <datafield tag="100" ind1="1" ind2=" ">
    <subfield code="a">Archer, Thomas,</subfield>
    <subfield code="d">1830-1893.</subfield>
  </datafield>
  <datafield tag="245" ind1="1" ind2="4">
    <subfield code="a">The frogs' parish clerk;</subfield>
    <subfield code="h">[electronic resource] </subfield>
    <subfield code="b">and his adventures in strange lands. A tale for young folk,</subfield>
    <subfield code="c">by Thomas Archer. Illustrated with eighteen engravings.</subfield>
  </datafield>
  <datafield tag="260" ind1=" " ind2=" ">
    <subfield code="a">London,</subfield>
    <subfield code="b">S. Low, son, and Marston,</subfield>
    <subfield code="c">1866.</subfield>
  </datafield>
  <datafield tag="300" ind1=" " ind2=" ">
    <subfield code="a">vi, [7]-104 p. incl. front., illus., plates.</subfield>
    <subfield code="c">20 cm.</subfield>
  </datafield>
  <datafield tag="500" ind1=" " ind2=" ">
    <subfield code="a">Title vignette.</subfield>
  </datafield>
</record>
