<?xml version="1.0"?>
<record xmlns="http://www.loc.gov/MARC21/slim">
  <leader>00848cam a22002171  4500</leader>
  <controlfield tag="001">gammergurtonsple00thom</controlfield>
  <controlfield tag="003">CaSfIA</controlfield>
  <controlfield tag="005">20151008010651.0</controlfield>
  <controlfield tag="007">cr||||||||||||</controlfield>
  <controlfield tag="008">920821s1846    nyu               0 eng o</controlfield>
  <datafield tag="035" ind1=" " ind2=" ">
    <subfield code="a">ocm70443161</subfield>
  </datafield>
  <datafield tag="040" ind1=" " ind2=" ">
    <subfield code="b">eng</subfield>
    <subfield code="d">CaSfIA</subfield>
  </datafield>
  <datafield tag="049" ind1=" " ind2=" ">
    <subfield code="a">AEU</subfield>
    <subfield code="b">eng</subfield>
  </datafield>
  <datafield tag="090" ind1=" " ind2=" ">
    <subfield code="a">PN 6110 C4 G19</subfield>
    <subfield code="b">CL</subfield>
  </datafield>
  <datafield tag="245" ind1="0" ind2="0">
    <subfield code="a">Gammer Gurton's pleasant stories of the Princess Rosetta, Robin Goodfellow, and Patient Grissel;</subfield>
    <subfield code="h">[electronic resource] </subfield>
    <subfield code="c">with, grammer Burton's garland, and Ballads of the babes in the wood, the Begger's daughter, and Fair Rosamond.</subfield>
  </datafield>
  <datafield tag="250" ind1=" " ind2=" ">
    <subfield code="a">Newly revised and amended</subfield>
    <subfield code="b">by Amb[rose] Mer[ton, pseud.].</subfield>
  </datafield>
  <datafield tag="260" ind1=" " ind2=" ">
    <subfield code="a">New York,</subfield>
    <subfield code="b">Wiley and Putnam,</subfield>
    <subfield code="c">1846.</subfield>
  </datafield>
  <datafield tag="300" ind1=" " ind2=" ">
    <subfield code="a">76 p.</subfield>
    <subfield code="b">illus.</subfield>
    <subfield code="c">18 cm.</subfield>
  </datafield>
  <datafield tag="336" ind1=" " ind2=" ">
    <subfield code="a">text</subfield>
    <subfield code="b">txt</subfield>
    <subfield code="2">rdacontent</subfield>
  </datafield>
  <datafield tag="337" ind1=" " ind2=" ">
    <subfield code="a">unmediated</subfield>
    <subfield code="b">n</subfield>
    <subfield code="2">rdamedia</subfield>
  </datafield>
  <datafield tag="338" ind1=" " ind2=" ">
    <subfield code="a">volume</subfield>
    <subfield code="b">nc</subfield>
    <subfield code="2">rdacarrier</subfield>
  </datafield>
  <datafield tag="596" ind1=" " ind2=" ">
    <subfield code="a">41</subfield>
  </datafield>
  <datafield tag="700" ind1="1" ind2=" ">
    <subfield code="a">Thoms, William John,</subfield>
    <subfield code="d">1803-1885.</subfield>
  </datafield>
  <datafield tag="856" ind1="4" ind2="1">
    <subfield code="u">http://archive.org/details/gammergurtonsple00thom</subfield>
    <subfield code="z">Free eBook from the Internet Archive</subfield>
  </datafield>
</record>
