<?xml version="1.0"?>
<record xmlns="http://www.loc.gov/MARC21/slim">
  <leader>00926cam a22002771  4500</leader>
  <controlfield tag="001">highschoolhandbo00wool_0</controlfield>
  <controlfield tag="003">CaSfIA</controlfield>
  <controlfield tag="005">20160818145451.0</controlfield>
  <controlfield tag="007">cr||||||||||||</controlfield>
  <controlfield tag="008">910430s1931    maua              0 eng d</controlfield>
  <datafield tag="010" ind1=" " ind2=" ">
    <subfield code="a">   31006884</subfield>
  </datafield>
  <datafield tag="035" ind1=" " ind2=" ">
    <subfield code="a">ocm06109208</subfield>
  </datafield>
  <datafield tag="040" ind1=" " ind2=" ">
    <subfield code="b">eng</subfield>
    <subfield code="c">CarP</subfield>
    <subfield code="d">CaSfIA</subfield>
  </datafield>
  <datafield tag="049" ind1=" " ind2=" ">
    <subfield code="a">ALB</subfield>
    <subfield code="b">eng</subfield>
  </datafield>
  <datafield tag="050" ind1="0" ind2=" ">
    <subfield code="a">PE1111</subfield>
    <subfield code="b">.W7726</subfield>
  </datafield>
  <datafield tag="090" ind1=" " ind2=" ">
    <subfield code="a">PE 1111 W91</subfield>
    <subfield code="b">CL</subfield>
  </datafield>
  <datafield tag="100" ind1="1" ind2=" ">
    <subfield code="a">Woolley, Edwin Campbell,</subfield>
    <subfield code="d">1878-1916.</subfield>
  </datafield>
  <datafield tag="245" ind1="1" ind2="0">
    <subfield code="a">High school handbook of composition,</subfield>
    <subfield code="h">[electronic resource] </subfield>
  </datafield>
  <datafield tag="260" ind1=" " ind2=" ">
    <subfield code="a">Boston,</subfield>
    <subfield code="a">New York [etc.]</subfield>
    <subfield code="b">D. C. Heath and company</subfield>
    <subfield code="c">[c1931]</subfield>
  </datafield>
  <datafield tag="300" ind1=" " ind2=" ">
    <subfield code="a">viii, 285 p.</subfield>
    <subfield code="b">illus.</subfield>
    <subfield code="c">17 cm.</subfield>
  </datafield>
  <datafield tag="336" ind1=" " ind2=" ">
    <subfield code="a">text</subfield>
    <subfield code="b">txt</subfield>
    <subfield code="2">rdacontent</subfield>
  </datafield>
  <datafield tag="337" ind1=" " ind2=" ">
    <subfield code="a">unmediated</subfield>
    <subfield code="b">n</subfield>
    <subfield code="2">rdamedia</subfield>
  </datafield>
  <datafield tag="338" ind1=" " ind2=" ">
    <subfield code="a">volume</subfield>
    <subfield code="b">nc</subfield>
    <subfield code="2">rdacarrier</subfield>
  </datafield>
  <datafield tag="596" ind1=" " ind2=" ">
    <subfield code="a">41</subfield>
  </datafield>
  <datafield tag="650" ind1=" " ind2="0">
    <subfield code="a">English language</subfield>
    <subfield code="x">Composition and exercises.</subfield>
  </datafield>
  <datafield tag="650" ind1=" " ind2="0">
    <subfield code="a">English language</subfield>
    <subfield code="x">Grammar.</subfield>
  </datafield>
  <datafield tag="700" ind1="1" ind2=" ">
    <subfield code="a">Scott, Frank W.</subfield>
    <subfield code="q">(Frank William),</subfield>
    <subfield code="d">1877-1950,</subfield>
    <subfield code="e">author.</subfield>
  </datafield>
  <datafield tag="700" ind1="1" ind2=" ">
    <subfield code="a">Tressler, Jacob Cloyd,</subfield>
    <subfield code="d">1882- ,</subfield>
    <subfield code="e">author.</subfield>
  </datafield>
  <datafield tag="856" ind1="4" ind2="1">
    <subfield code="u">http://archive.org/details/highschoolhandbo00wool_0</subfield>
    <subfield code="z">Free eBook from the Internet Archive</subfield>
  </datafield>
</record>
