<?xml version="1.0"?>
<record xmlns="http://www.loc.gov/MARC21/slim">
  <leader>01027cam a2200277 | 4500</leader>
  <controlfield tag="001">higherarithmetic00thom</controlfield>
  <controlfield tag="003">CaSfIA</controlfield>
  <controlfield tag="005">20151008010651.0</controlfield>
  <controlfield tag="007">cr||||||||||||</controlfield>
  <controlfield tag="008">110777s1864    nyu               0 eng c</controlfield>
  <datafield tag="035" ind1=" " ind2=" ">
    <subfield code="a">ocm33810430</subfield>
  </datafield>
  <datafield tag="040" ind1=" " ind2=" ">
    <subfield code="b">eng</subfield>
    <subfield code="d">CaSfIA</subfield>
  </datafield>
  <datafield tag="049" ind1=" " ind2=" ">
    <subfield code="a">aeu</subfield>
    <subfield code="b">eng</subfield>
  </datafield>
  <datafield tag="050" ind1="0" ind2=" ">
    <subfield code="a">QA 103</subfield>
    <subfield code="b">T474 1864</subfield>
  </datafield>
  <datafield tag="090" ind1="0" ind2="0">
    <subfield code="a">QA 103 T474 1864</subfield>
    <subfield code="b">CH</subfield>
  </datafield>
  <datafield tag="100" ind1="1" ind2=" ">
    <subfield code="a">Thomson, James Bates,</subfield>
    <subfield code="d">1808-1883.</subfield>
  </datafield>
  <datafield tag="245" ind1="1" ind2="0">
    <subfield code="a">Higher arithmetic;</subfield>
    <subfield code="h">[electronic resource] </subfield>
    <subfield code="b">or, The science and application of numbers; combining the analytic and synthetic modes of instruction. Designed for advanced classes in schools and academies.</subfield>
  </datafield>
  <datafield tag="250" ind1=" " ind2=" ">
    <subfield code="a">120th ed.</subfield>
  </datafield>
  <datafield tag="260" ind1=" " ind2=" ">
    <subfield code="a">New York,</subfield>
    <subfield code="b">Ivison, Phinney, Blakeman &amp; Co.,</subfield>
    <subfield code="c">1864.</subfield>
  </datafield>
  <datafield tag="300" ind1=" " ind2=" ">
    <subfield code="a">[13]-422 p.</subfield>
    <subfield code="b">ill.</subfield>
    <subfield code="c">20 cm.</subfield>
  </datafield>
  <datafield tag="336" ind1=" " ind2=" ">
    <subfield code="a">text</subfield>
    <subfield code="b">txt</subfield>
    <subfield code="2">rdacontent</subfield>
  </datafield>
  <datafield tag="337" ind1=" " ind2=" ">
    <subfield code="a">unmediated</subfield>
    <subfield code="b">n</subfield>
    <subfield code="2">rdamedia</subfield>
  </datafield>
  <datafield tag="338" ind1=" " ind2=" ">
    <subfield code="a">volume</subfield>
    <subfield code="b">nc</subfield>
    <subfield code="2">rdacarrier</subfield>
  </datafield>
  <datafield tag="490" ind1="1" ind2=" ">
    <subfield code="a">[Day and Thomson's mathematical series]</subfield>
  </datafield>
  <datafield tag="490" ind1="1" ind2=" ">
    <subfield code="a">[Day and Thomson's series]</subfield>
  </datafield>
  <datafield tag="596" ind1=" " ind2=" ">
    <subfield code="a">41</subfield>
  </datafield>
  <datafield tag="650" ind1=" " ind2="0">
    <subfield code="a">Arithmetic</subfield>
    <subfield code="v">Early works to 1900.</subfield>
  </datafield>
  <datafield tag="830" ind1=" " ind2="0">
    <subfield code="a">Day &amp; Thomson's mathematical series.</subfield>
  </datafield>
  <datafield tag="856" ind1="4" ind2="1">
    <subfield code="u">http://archive.org/details/higherarithmetic00thom</subfield>
    <subfield code="z">Free eBook from the Internet Archive</subfield>
  </datafield>
  <datafield tag="856" ind1="4" ind2="2">
    <subfield code="u">http://www.openlibrary.org/books/OL25843898M</subfield>
    <subfield code="z">Additional information and access via Open Library</subfield>
  </datafield>
</record>
