<?xml version="1.0"?>
<record xmlns="http://www.loc.gov/MARC21/slim">
  <leader>01014cam a22003011  4500</leader>
  <controlfield tag="001">humanbodyitsheal00smit</controlfield>
  <controlfield tag="003">CaSfIA</controlfield>
  <controlfield tag="005">20151008010651.0</controlfield>
  <controlfield tag="007">cr||||||||||||</controlfield>
  <controlfield tag="008">890810s1884    nyua              0 eng d</controlfield>
  <datafield tag="015" ind1=" " ind2=" ">
    <subfield code="a">NLM61450780R</subfield>
  </datafield>
  <datafield tag="035" ind1=" " ind2=" ">
    <subfield code="a">ocm14784920</subfield>
  </datafield>
  <datafield tag="040" ind1=" " ind2=" ">
    <subfield code="a">DNLM</subfield>
    <subfield code="b">eng</subfield>
    <subfield code="c">DNLM</subfield>
    <subfield code="d">CaSfIA</subfield>
  </datafield>
  <datafield tag="049" ind1=" " ind2=" ">
    <subfield code="a">AEU</subfield>
    <subfield code="b">eng</subfield>
  </datafield>
  <datafield tag="055" ind1=" " ind2="3">
    <subfield code="a">QP 36</subfield>
    <subfield code="b">S66 1884</subfield>
  </datafield>
  <datafield tag="060" ind1="0" ind2="0">
    <subfield code="a">QTA</subfield>
    <subfield code="b">S664h 1884</subfield>
  </datafield>
  <datafield tag="090" ind1="0" ind2=" ">
    <subfield code="a">QP 36 S66 1884</subfield>
  </datafield>
  <datafield tag="100" ind1="1" ind2=" ">
    <subfield code="a">Smith, William Thayer,</subfield>
    <subfield code="d">1839-1909.</subfield>
  </datafield>
  <datafield tag="245" ind1="1" ind2="4">
    <subfield code="a">The human body and its health;</subfield>
    <subfield code="h">[electronic resource] </subfield>
    <subfield code="b">a text-book for schools, having special reference to the effects of stimulants and narcotics on the human system.</subfield>
  </datafield>
  <datafield tag="260" ind1=" " ind2=" ">
    <subfield code="a">New York,</subfield>
    <subfield code="b">American Book Co.</subfield>
    <subfield code="c">[c1884]</subfield>
  </datafield>
  <datafield tag="300" ind1=" " ind2=" ">
    <subfield code="a">225 p.</subfield>
    <subfield code="b">ill.</subfield>
    <subfield code="c">19 cm.</subfield>
  </datafield>
  <datafield tag="336" ind1=" " ind2=" ">
    <subfield code="a">text</subfield>
    <subfield code="b">txt</subfield>
    <subfield code="2">rdacontent</subfield>
  </datafield>
  <datafield tag="337" ind1=" " ind2=" ">
    <subfield code="a">unmediated</subfield>
    <subfield code="b">n</subfield>
    <subfield code="2">rdamedia</subfield>
  </datafield>
  <datafield tag="338" ind1=" " ind2=" ">
    <subfield code="a">volume</subfield>
    <subfield code="b">nc</subfield>
    <subfield code="2">rdacarrier</subfield>
  </datafield>
  <datafield tag="490" ind1="1" ind2=" ">
    <subfield code="a">Elementary physiology and hygiene.</subfield>
  </datafield>
  <datafield tag="596" ind1=" " ind2=" ">
    <subfield code="a">41</subfield>
  </datafield>
  <datafield tag="650" ind1=" " ind2="0">
    <subfield code="a">Human physiology.</subfield>
  </datafield>
  <datafield tag="650" ind1=" " ind2="0">
    <subfield code="a">Human anatomy.</subfield>
  </datafield>
  <datafield tag="650" ind1=" " ind2="0">
    <subfield code="a">Health education.</subfield>
  </datafield>
  <datafield tag="830" ind1=" " ind2="0">
    <subfield code="a">Elementary physiology and hygiene.</subfield>
  </datafield>
  <datafield tag="856" ind1="4" ind2="1">
    <subfield code="u">http://archive.org/details/humanbodyitsheal00smit</subfield>
    <subfield code="z">Free eBook from the Internet Archive</subfield>
  </datafield>
  <datafield tag="856" ind1="4" ind2="2">
    <subfield code="u">http://www.openlibrary.org/books/OL25843286M</subfield>
    <subfield code="z">Additional information and access via Open Library</subfield>
  </datafield>
</record>
