<?xml version="1.0"?>
<record xmlns="http://www.loc.gov/MARC21/slim">
  <leader>03562cas a2200769 a 4500</leader>
  <controlfield tag="001">annrptaltaforest1990</controlfield>
  <controlfield tag="003">CaSfIA</controlfield>
  <controlfield tag="005">20151008010651.0</controlfield>
  <controlfield tag="007">cr||||||||||||</controlfield>
  <controlfield tag="008">890315d19861992abcar        s0    0eng c</controlfield>
  <datafield tag="022" ind1=" " ind2=" ">
    <subfield code="a">0832-6916</subfield>
  </datafield>
  <datafield tag="035" ind1=" " ind2=" ">
    <subfield code="a">ocm17371871</subfield>
  </datafield>
  <datafield tag="039" ind1=" " ind2=" ">
    <subfield code="f">hd</subfield>
  </datafield>
  <datafield tag="040" ind1=" " ind2=" ">
    <subfield code="b">eng</subfield>
    <subfield code="d">CaSfIA</subfield>
  </datafield>
  <datafield tag="043" ind1=" " ind2=" ">
    <subfield code="a">n-cn-ab</subfield>
  </datafield>
  <datafield tag="049" ind1=" " ind2=" ">
    <subfield code="a">AEU</subfield>
    <subfield code="b">eng</subfield>
  </datafield>
  <datafield tag="055" ind1=" " ind2="3">
    <subfield code="a">SD 146 A4</subfield>
    <subfield code="b">A317</subfield>
  </datafield>
  <datafield tag="090" ind1=" " ind2=" ">
    <subfield code="a">SD 146 A4 A317</subfield>
    <subfield code="b">AEEN</subfield>
  </datafield>
  <datafield tag="090" ind1=" " ind2="0">
    <subfield code="a">HC 117 A6 A51</subfield>
    <subfield code="b">ARDC</subfield>
  </datafield>
  <datafield tag="090" ind1=" " ind2=" ">
    <subfield code="a">SD 146 A4 A317</subfield>
    <subfield code="b">AEU</subfield>
  </datafield>
  <datafield tag="090" ind1=" " ind2=" ">
    <subfield code="a">GOV DOC CA2 AL FLW A56</subfield>
    <subfield code="b">AEU</subfield>
  </datafield>
  <datafield tag="110" ind1="1" ind2=" ">
    <subfield code="a">Alberta.</subfield>
    <subfield code="b">Alberta Forestry, Lands and Wildlife.</subfield>
  </datafield>
  <datafield tag="245" ind1="0" ind2="0">
    <subfield code="a">Annual report /</subfield>
    <subfield code="h">[electronic resource] </subfield>
    <subfield code="c">Alberta Forestry, Lands and Wildlife.</subfield>
  </datafield>
  <datafield tag="260" ind1=" " ind2=" ">
    <subfield code="a">Edmonton, Alta. :</subfield>
    <subfield code="b">Alberta Forestry, Lands and Wildlife,</subfield>
    <subfield code="c">1986-1992.</subfield>
  </datafield>
  <datafield tag="300" ind1=" " ind2=" ">
    <subfield code="a">7 v. :</subfield>
    <subfield code="b">ill. ;</subfield>
    <subfield code="c">28 cm.</subfield>
  </datafield>
  <datafield tag="310" ind1=" " ind2=" ">
    <subfield code="a">Annual.</subfield>
  </datafield>
  <datafield tag="362" ind1="0" ind2=" ">
    <subfield code="a">1985/86-1991/1992.</subfield>
  </datafield>
  <datafield tag="515" ind1=" " ind2=" ">
    <subfield code="a">Report year ends Mar. 15.</subfield>
  </datafield>
  <datafield tag="580" ind1=" " ind2=" ">
    <subfield code="a">Merged in part with: Alberta. Alberta Environment. Annual report, to form: Alberta. Alberta Environmental Protection. Annual report.</subfield>
  </datafield>
  <datafield tag="596" ind1=" " ind2=" ">
    <subfield code="a">2 38 48</subfield>
  </datafield>
  <datafield tag="610" ind1="1" ind2="0">
    <subfield code="a">Alberta.</subfield>
    <subfield code="b">Alberta Forestry, Lands and Wildlife</subfield>
    <subfield code="v">Periodicals.</subfield>
  </datafield>
  <datafield tag="650" ind1=" " ind2="0">
    <subfield code="a">Forests and forestry</subfield>
    <subfield code="z">Alberta</subfield>
    <subfield code="v">Periodicals.</subfield>
  </datafield>
  <datafield tag="650" ind1=" " ind2="0">
    <subfield code="a">Public lands</subfield>
    <subfield code="z">Alberta</subfield>
    <subfield code="v">Periodicals.</subfield>
  </datafield>
  <datafield tag="650" ind1=" " ind2="0">
    <subfield code="a">Wildlife conservation</subfield>
    <subfield code="z">Alberta</subfield>
    <subfield code="v">Periodicals.</subfield>
  </datafield>
  <datafield tag="650" ind1=" " ind2="0">
    <subfield code="a">Natural resources</subfield>
    <subfield code="z">Alberta</subfield>
    <subfield code="v">Periodicals.</subfield>
  </datafield>
  <datafield tag="780" ind1="0" ind2="1">
    <subfield code="a">Alberta. Alberta Energy and Natural Resources.</subfield>
    <subfield code="t">Annual report</subfield>
    <subfield code="x">0700-2645</subfield>
  </datafield>
  <datafield tag="785" ind1="1" ind2="7">
    <subfield code="a">Alberta. Alberta Environment.</subfield>
    <subfield code="t">Annual report</subfield>
    <subfield code="x">0383-3739</subfield>
  </datafield>
  <datafield tag="785" ind1="1" ind2="7">
    <subfield code="a">Alberta. Alberta Environmental Protection.</subfield>
    <subfield code="t">Annual report</subfield>
    <subfield code="x">1201-219X</subfield>
  </datafield>
  <datafield tag="856" ind1="4" ind2="1">
    <subfield code="u">http://archive.org/details/annrptaltaforest1990</subfield>
    <subfield code="z">Free eBook from the Internet Archive</subfield>
  </datafield>
</record>
