<?xml version="1.0"?>
<record xmlns="http://www.loc.gov/MARC21/slim">
  <leader>02942cas a2200481 a 4500</leader>
  <controlfield tag="001">biologie30chimie00albe</controlfield>
  <controlfield tag="003">CaSfIA</controlfield>
  <controlfield tag="005">20160407144832.0</controlfield>
  <controlfield tag="007">cr||||||||||||</controlfield>
  <controlfield tag="008">940222d19941994abcar        s0   b0fre  </controlfield>
  <datafield tag="016" ind1=" " ind2=" ">
    <subfield code="a"> 94801069X  r&#xE9;v</subfield>
  </datafield>
  <datafield tag="022" ind1="0" ind2=" ">
    <subfield code="a">1199-2980</subfield>
  </datafield>
  <datafield tag="040" ind1=" " ind2=" ">
    <subfield code="a">CaOONL</subfield>
    <subfield code="b">fre</subfield>
    <subfield code="c">CaOONL</subfield>
    <subfield code="d">CaOONL</subfield>
    <subfield code="d">AEU</subfield>
    <subfield code="d">CaSfIA</subfield>
  </datafield>
  <datafield tag="042" ind1=" " ind2=" ">
    <subfield code="a">nlc</subfield>
    <subfield code="a">isds/c</subfield>
  </datafield>
  <datafield tag="082" ind1="1" ind2=" ">
    <subfield code="a">530</subfield>
    <subfield code="2">12</subfield>
  </datafield>
  <datafield tag="090" ind1=" " ind2=" ">
    <subfield code="a">574.076 B55</subfield>
    <subfield code="b">AEUSJ</subfield>
  </datafield>
  <datafield tag="210" ind1="0" ind2=" ">
    <subfield code="a">Bull. inf. programme exam. vue dipl&#xF4;me, Biol. 30 chim. 30 phys. 30</subfield>
  </datafield>
  <datafield tag="222" ind1=" " ind2="0">
    <subfield code="a">Bulletin d'information, programme des examens en vue du dipl&#xF4;me.</subfield>
    <subfield code="p">Biologie 30, chimie 30, physique 30</subfield>
  </datafield>
  <datafield tag="245" ind1="0" ind2="0">
    <subfield code="a">Bulletin d'information, programme des examens en vue du dipl&#xF4;me.</subfield>
    <subfield code="p">Biologie 30, chimie 30, physique 30.</subfield>
    <subfield code="h">[electronic resource] </subfield>
  </datafield>
  <datafield tag="260" ind1=" " ind2=" ">
    <subfield code="a">[Edmonton] :</subfield>
    <subfield code="b">Student Evaluation, Alberta Education,</subfield>
    <subfield code="c">[1993]</subfield>
  </datafield>
  <datafield tag="300" ind1=" " ind2=" ">
    <subfield code="a">1 v. ;</subfield>
    <subfield code="c">28 cm</subfield>
  </datafield>
  <datafield tag="310" ind1=" " ind2=" ">
    <subfield code="a">Annuel.</subfield>
  </datafield>
  <datafield tag="362" ind1="0" ind2=" ">
    <subfield code="a">Ann&#xE9;e scolaire 1993/1994.</subfield>
  </datafield>
  <datafield tag="580" ind1=" " ind2=" ">
    <subfield code="a">Also issued in English under title: Biology 30, chemistry 30, physics 30 information bulletin, Diploma Examinations Program.</subfield>
  </datafield>
  <datafield tag="596" ind1=" " ind2=" ">
    <subfield code="a">39</subfield>
  </datafield>
  <datafield tag="650" ind1=" " ind2="6">
    <subfield code="a">Biologie</subfield>
    <subfield code="z">Alberta</subfield>
    <subfield code="v">Examens.</subfield>
  </datafield>
  <datafield tag="650" ind1=" " ind2="6">
    <subfield code="a">Chimie</subfield>
    <subfield code="z">Alberta</subfield>
    <subfield code="v">Examens.</subfield>
  </datafield>
  <datafield tag="650" ind1=" " ind2="6">
    <subfield code="a">Physique</subfield>
    <subfield code="z">Alberta</subfield>
    <subfield code="v">Examens.</subfield>
  </datafield>
  <datafield tag="650" ind1=" " ind2="6">
    <subfield code="a">Douzi&#xE8;me ann&#xE9;e (&#xC9;ducation)</subfield>
    <subfield code="z">Alberta</subfield>
    <subfield code="v">Examens.</subfield>
  </datafield>
  <datafield tag="650" ind1=" " ind2="0">
    <subfield code="a">Biology</subfield>
    <subfield code="z">Alberta</subfield>
    <subfield code="v">Exams.</subfield>
  </datafield>
  <datafield tag="650" ind1=" " ind2="0">
    <subfield code="a">Chemistry</subfield>
    <subfield code="z">Alberta</subfield>
    <subfield code="v">Exams.</subfield>
  </datafield>
  <datafield tag="650" ind1=" " ind2="0">
    <subfield code="a">Physics</subfield>
    <subfield code="z">Alberta</subfield>
    <subfield code="v">Exams.</subfield>
  </datafield>
  <datafield tag="650" ind1=" " ind2="0">
    <subfield code="a">Twelfth grade (Education)</subfield>
    <subfield code="z">Alberta</subfield>
    <subfield code="v">Exams.</subfield>
  </datafield>
  <datafield tag="710" ind1="1" ind2="0">
    <subfield code="a">Alberta.</subfield>
    <subfield code="b">Student Evaluation Branch.</subfield>
  </datafield>
  <datafield tag="775" ind1="0" ind2=" ">
    <subfield code="t">Biology 30, chemistry 30, physics 30 information bulletin, Diploma Examinations Program.</subfield>
    <subfield code="d">[Edmonton] : Student Evaluation, Alberta Education, [1993]</subfield>
    <subfield code="e">eng</subfield>
    <subfield code="f">abc</subfield>
    <subfield code="x">1207-4527</subfield>
    <subfield code="w">(CaOONL) 97800874X  </subfield>
    <subfield code="w">(OCoLC)ocm36493112</subfield>
  </datafield>
  <datafield tag="780" ind1="0" ind2="0">
    <subfield code="t">Bulletin du programme des examens en vue du dipl&#xF4;me, Biologie 30, chimie 30, physique 30.</subfield>
    <subfield code="d">[Edmonton] : Alberta Education, Student Evaluation, [1987-1992]</subfield>
    <subfield code="x">1193-6258</subfield>
    <subfield code="w">(CaOONL) 930803108  r&#xE9;v</subfield>
    <subfield code="w">(OCoLC)ocm27165449 </subfield>
    <subfield code="w">(OCoLC)ocm27165449 </subfield>
    <subfield code="w">(OCoLC)ocm27165449 </subfield>
    <subfield code="w">(OCoLC)ocm27165449</subfield>
  </datafield>
  <datafield tag="785" ind1="0" ind2="6">
    <subfield code="t">Physique 30 bulletin d'information, Programme des examens en vue du dipl&#xF4;me.</subfield>
    <subfield code="d">[Edmonton] : Student Evaluation, Alberta Education, [1994-1997?]</subfield>
    <subfield code="x">1207-4292</subfield>
    <subfield code="w">(CaOONL) 978008731  </subfield>
    <subfield code="w">(OCoLC)ocm36493111</subfield>
  </datafield>
  <datafield tag="785" ind1="0" ind2="6">
    <subfield code="t">Biologie 30 bulletin d'information, Programme des examens en vue du dipl&#xF4;me.</subfield>
    <subfield code="d">[Edmonton] : Student Evaluation, Alberta Education, [1994-1997?]</subfield>
    <subfield code="x">1482-5813</subfield>
    <subfield code="w">(CaOONL) 978045866  </subfield>
    <subfield code="w">(OCoLC)ocm37766362</subfield>
  </datafield>
  <datafield tag="785" ind1="0" ind2="6">
    <subfield code="t">Chimie 30 bulletin d'information, Programme des examens en vue du dipl&#xF4;me.</subfield>
    <subfield code="d">[Edmonton] : Student Evaluation, Alberta Education, [1994-1997?]</subfield>
    <subfield code="x">1208-7297</subfield>
    <subfield code="w">(CaOONL) 978018664  </subfield>
    <subfield code="w">(OCoLC)ocm36753206</subfield>
  </datafield>
  <datafield tag="856" ind1="4" ind2="1">
    <subfield code="u">http://archive.org/details/biologie30chimie00albe</subfield>
    <subfield code="z">Free eBook from the Internet Archive</subfield>
  </datafield>
</record>
