<?xml version="1.0"?>
<record xmlns="http://www.loc.gov/MARC21/slim">
  <leader>04758cas a2200949 a 4500</leader>
  <controlfield tag="001">examenenvuedudip00alb_hak</controlfield>
  <controlfield tag="003">CaSfIA</controlfield>
  <controlfield tag="005">20151027005137.0</controlfield>
  <controlfield tag="007">cr||||||||||||</controlfield>
  <controlfield tag="008">890724m19879999abcfn        s      fre c</controlfield>
  <datafield tag="022" ind1=" " ind2=" ">
    <subfield code="a">1193-0209</subfield>
  </datafield>
  <datafield tag="035" ind1=" " ind2=" ">
    <subfield code="a">ocn698127470</subfield>
  </datafield>
  <datafield tag="040" ind1=" " ind2=" ">
    <subfield code="a">AEUSJ</subfield>
    <subfield code="b">eng</subfield>
    <subfield code="d">CaSfIA</subfield>
  </datafield>
  <datafield tag="090" ind1=" " ind2=" ">
    <subfield code="a">371.262 E96</subfield>
    <subfield code="b">AEUSJ</subfield>
  </datafield>
  <datafield tag="245" ind1="0" ind2="0">
    <subfield code="a">Examen en vue du dipl&#xF4;me douzi&#xE8;me ann&#xE9;e.</subfield>
    <subfield code="p">Physique 30.</subfield>
    <subfield code="h">[electronic resource] </subfield>
  </datafield>
  <datafield tag="246" ind1="3" ind2="0">
    <subfield code="a">Physique 30.</subfield>
  </datafield>
  <datafield tag="246" ind1="1" ind2=" ">
    <subfield code="i">Les livr. de &lt;janv. 1997&gt;- portent le titre:</subfield>
    <subfield code="a">Examen en vue du dipl&#xF4;me 12e ann&#xE9;e.</subfield>
    <subfield code="p">Physique 30</subfield>
  </datafield>
  <datafield tag="246" ind1="3" ind2=" ">
    <subfield code="a">Physique 30, examen en vue du dipl&#xF4;me 12e ann&#xE9;e</subfield>
  </datafield>
  <datafield tag="260" ind1=" " ind2=" ">
    <subfield code="a">[Alberta] :</subfield>
    <subfield code="b">Alberta Education,</subfield>
    <subfield code="c">1987-</subfield>
  </datafield>
  <datafield tag="300" ind1=" " ind2=" ">
    <subfield code="a">v. ;</subfield>
    <subfield code="c">28 cm.</subfield>
  </datafield>
  <datafield tag="310" ind1=" " ind2=" ">
    <subfield code="a">Semestriel.</subfield>
  </datafield>
  <datafield tag="336" ind1=" " ind2=" ">
    <subfield code="a">text</subfield>
    <subfield code="b">txt</subfield>
    <subfield code="2">rdacontent</subfield>
  </datafield>
  <datafield tag="337" ind1=" " ind2=" ">
    <subfield code="a">unmediated</subfield>
    <subfield code="b">n</subfield>
    <subfield code="2">rdamedia</subfield>
  </datafield>
  <datafield tag="338" ind1=" " ind2=" ">
    <subfield code="a">volume</subfield>
    <subfield code="b">nc</subfield>
    <subfield code="2">rdacarrier</subfield>
  </datafield>
  <datafield tag="362" ind1="0" ind2=" ">
    <subfield code="a">Jan. 1987-</subfield>
  </datafield>
  <datafield tag="525" ind1=" " ind2=" ">
    <subfield code="a">Certaines livr. sont acc. d'une cl&#xE9; de r&#xE9;ponses.</subfield>
  </datafield>
  <datafield tag="550" ind1=" " ind2=" ">
    <subfield code="a">Publ. par: Alberta Learning, &lt;janv. 2000&gt;-</subfield>
  </datafield>
  <datafield tag="596" ind1=" " ind2=" ">
    <subfield code="a">38 39</subfield>
  </datafield>
  <datafield tag="650" ind1=" " ind2="6">
    <subfield code="a">Physique</subfield>
    <subfield code="z">Alberta</subfield>
    <subfield code="v">Examens.</subfield>
  </datafield>
  <datafield tag="650" ind1=" " ind2="6">
    <subfield code="a">Examens</subfield>
    <subfield code="x">Questions.</subfield>
  </datafield>
  <datafield tag="710" ind1="1" ind2=" ">
    <subfield code="a">Alberta.</subfield>
    <subfield code="b">Alberta Education.</subfield>
  </datafield>
  <datafield tag="710" ind1="1" ind2=" ">
    <subfield code="a">Alberta.</subfield>
    <subfield code="b">Alberta Learning.</subfield>
  </datafield>
  <datafield tag="856" ind1="4" ind2="1">
    <subfield code="u">http://archive.org/details/examenenvuedudip00alb_hak</subfield>
    <subfield code="z">Free eBook from the Internet Archive</subfield>
  </datafield>
</record>
