<?xml version="1.0"?>
<record xmlns="http://www.loc.gov/MARC21/slim">
  <!-- Length implementation at offset 22 should hold a digit. Assuming 0 -->
  <leader>01026 as a2200337 a 4500</leader>
  <controlfield tag="001">goodmoves00albe_4</controlfield>
  <controlfield tag="003">CaSfIA</controlfield>
  <controlfield tag="005">20151008010651.0</controlfield>
  <controlfield tag="007">cr||||||||||||</controlfield>
  <controlfield tag="008">870825c19871990abcqr4p      s0   a0eng  </controlfield>
  <datafield tag="010" ind1=" " ind2=" ">
    <subfield code="a">cn 88080308</subfield>
  </datafield>
  <datafield tag="016" ind1=" " ind2=" ">
    <subfield code="a"> 880803088</subfield>
  </datafield>
  <datafield tag="022" ind1="0" ind2=" ">
    <subfield code="a">0836-9372</subfield>
  </datafield>
  <datafield tag="035" ind1=" " ind2=" ">
    <subfield code="a">ocm17366189</subfield>
  </datafield>
  <datafield tag="040" ind1=" " ind2=" ">
    <subfield code="a">CaOONL</subfield>
    <subfield code="b">eng</subfield>
    <subfield code="c">CaOONL</subfield>
    <subfield code="d">CaSfIA</subfield>
  </datafield>
  <datafield tag="042" ind1=" " ind2=" ">
    <subfield code="a">nlc</subfield>
    <subfield code="a">isds/c</subfield>
  </datafield>
  <datafield tag="043" ind1=" " ind2=" ">
    <subfield code="a">n-cn-ab</subfield>
  </datafield>
  <datafield tag="082" ind1="0" ind2=" ">
    <subfield code="a">658.7/88/097123</subfield>
    <subfield code="2">19</subfield>
  </datafield>
  <datafield tag="090" ind1=" " ind2=" ">
    <subfield code="a">HE 215 Z7A4 G595</subfield>
    <subfield code="b">AEED</subfield>
  </datafield>
  <datafield tag="210" ind1="0" ind2=" ">
    <subfield code="a">Good moves</subfield>
  </datafield>
  <datafield tag="222" ind1="0" ind2="0">
    <subfield code="a">Good moves</subfield>
  </datafield>
  <datafield tag="245" ind1="0" ind2="0">
    <subfield code="a">Good moves.</subfield>
    <subfield code="h">[electronic resource] </subfield>
  </datafield>
  <datafield tag="260" ind1="0" ind2="0">
    <subfield code="a">Edmonton :</subfield>
    <subfield code="b">Alberta, Transportation Services Division,</subfield>
    <subfield code="c">1987-1990.</subfield>
  </datafield>
  <datafield tag="300" ind1=" " ind2=" ">
    <subfield code="a">   v. :</subfield>
    <subfield code="b">ill. ;</subfield>
    <subfield code="c">28 cm.</subfield>
  </datafield>
  <datafield tag="310" ind1=" " ind2=" ">
    <subfield code="a">Quarterly.</subfield>
  </datafield>
  <datafield tag="362" ind1="0" ind2=" ">
    <subfield code="a">Spring 1987-Winter 1990.</subfield>
  </datafield>
  <datafield tag="500" ind1=" " ind2=" ">
    <subfield code="a">Title from caption.</subfield>
  </datafield>
  <datafield tag="596" ind1=" " ind2=" ">
    <subfield code="a">38</subfield>
  </datafield>
  <datafield tag="650" ind1=" " ind2="0">
    <subfield code="a">Physical distribution of goods</subfield>
    <subfield code="z">Alberta</subfield>
    <subfield code="x">Periodicals.</subfield>
  </datafield>
  <datafield tag="710" ind1="1" ind2="0">
    <subfield code="a">Alberta.</subfield>
    <subfield code="b">Transportation Services.</subfield>
  </datafield>
  <datafield tag="710" ind1="1" ind2="0">
    <subfield code="a">Alberta.</subfield>
    <subfield code="b">Alberta Economic Development and Trade.</subfield>
  </datafield>
  <datafield tag="856" ind1="4" ind2="1">
    <subfield code="u">http://archive.org/details/goodmoves00albe_4</subfield>
    <subfield code="z">Free eBook from the Internet Archive</subfield>
  </datafield>
</record>
