<?xml version="1.0" encoding="UTF-8"?><mods xmlns:xsi="http://www.w3.org/2001/XMLSchema-instance" xmlns="http://www.loc.gov/mods/v3" xsi:schemaLocation="http://www.loc.gov/mods/v3 http://www.loc.gov/standards/mods/v3/mods-3-4.xsd">
  <titleInfo usage="primary">
    <title>Rota, Fellini, &amp; Casanova</title>
  </titleInfo>
  <name type="personal" usage="primary">
    <namePart>Le Rose, Christina</namePart>
    <role>
      <roleTerm authority="marcrelator" type="code">cre</roleTerm>
      <roleTerm authority="marcrelator" type="text">Creator</roleTerm>
    </role>
  </name>
  <genre authority="pbcore" valueURI="http://pbcore.org/vocabularies/pbcoreGenre%23music">Music</genre>
  <originInfo>
    <dateIssued encoding="edtf">2013-04-30</dateIssued>
  </originInfo>
  <language>
    <languageTerm type="code">zxx</languageTerm>
    <languageTerm type="text">No linguistic content</languageTerm>
  </language>
  
  
  <accessCondition type="use and reproduction">This audiovisual content is being provided solely for educational use and research, pursuant to exceptions in the Canadian Copyright Act.  Further reproduction or distribution or other use may require additional permissions</accessCondition>
  <subject>
    <topic>Instrumental music</topic>
  </subject>
  <subject>
    <topic>Piano music</topic>
  </subject>
  <subject>
    <geographic>Convocation Hall, University of Alberta</geographic>
  </subject>
  <recordInfo>
    <recordOrigin>Avalon Media System</recordOrigin>
    <recordContentSource>IEN</recordContentSource>
    <recordCreationDate>20180530</recordCreationDate>
    <recordChangeDate>2018-05-30T16:45:30-06:00</recordChangeDate>
    
    <languageOfCataloging>
      <languageTerm authority="iso639-2b" type="code">eng</languageTerm>
    </languageOfCataloging>
    <recordIdentifier source="Fedora">avalon:4952</recordIdentifier>
  </recordInfo>
  <tableOfContents>Lecture: Rota, Fellini, &amp; Casanova -- Introduction -- Rota's biography -- Collaboration with Fellini -- Fellini's Casanova -- Music for Fellini's Casanova -- Suite del Casnova di Federico Fellini -- Conclusion -- Suite del Casanova di Federico Fellini (1976): 1. O Venezia, Venaga, Veusia; 2. L'uccello magico; 3. Intermezzo della mantide religiosa; 4. The Great Mouna; 5 Il duca di Württemberg - 1a parte; 6. Il duca di Württemberg - 2a parte; 7. La bambola meccanica</tableOfContents>
<physicalDescription><internetMediaType>video/mp4</internetMediaType></physicalDescription></mods>