<?xml version="1.0" encoding="UTF-8"?><mods xmlns:xsi="http://www.w3.org/2001/XMLSchema-instance" xmlns="http://www.loc.gov/mods/v3" xsi:schemaLocation="http://www.loc.gov/mods/v3 http://www.loc.gov/standards/mods/v3/mods-3-4.xsd">
  <titleInfo usage="primary">
    <title>Rhizome (Re)imagined: A Rhizome in the Sky</title>
  </titleInfo>
  <name type="personal" usage="primary">
    <namePart>Rajabali, Anar</namePart>
    <role>
      <roleTerm authority="marcrelator" type="code">cre</roleTerm>
      <roleTerm authority="marcrelator" type="text">Creator</roleTerm>
    </role>
  </name>
  <genre authority="pbcore" valueURI="http://pbcore.org/vocabularies/pbcoreGenre%23art">Art</genre>
  <originInfo>
    
    
  <dateIssued encoding="edtf">2017</dateIssued></originInfo>
  <language>
    <languageTerm type="code">eng</languageTerm>
    <languageTerm type="text">English</languageTerm>
  </language>
  
  
  <subject>
    <topic>Art/Research International</topic>
  </subject>
  <subject>
    <topic>Audio</topic>
  </subject>
  
  <accessCondition type="use and reproduction">http://creativecommons.org/licenses/by-nc-nd/4.0/</accessCondition>
  <recordInfo>
    <recordOrigin>Avalon Media System</recordOrigin>
    <recordContentSource>IEN</recordContentSource>
    <recordCreationDate>20170105</recordCreationDate>
    <recordChangeDate>2017-08-01T13:38:50-06:00</recordChangeDate>
    
    <languageOfCataloging>
      <languageTerm authority="iso639-2b" type="code">eng</languageTerm>
    </languageOfCataloging>
    <recordIdentifier source="Fedora">avalon:1137</recordIdentifier>
  </recordInfo>
<physicalDescription><internetMediaType>audio/x-wav</internetMediaType></physicalDescription><location><url access="object in context"/></location></mods>