<?xml version="1.0" encoding="UTF-8"?><mods xmlns:xsi="http://www.w3.org/2001/XMLSchema-instance" xmlns="http://www.loc.gov/mods/v3" xsi:schemaLocation="http://www.loc.gov/mods/v3 http://www.loc.gov/standards/mods/v3/mods-3-4.xsd">
  <titleInfo usage="primary">
    <title>Analysis of Canadian Wireless Spectrum Auctions: Licence Ownership and Deployment in the 700 MHz, 2500 MHz and 3500 MHz Frequency Ranges</title>
  </titleInfo>
  <name type="personal" usage="primary">
    <namePart>Joseph, Kris</namePart>
    <role>
      <roleTerm authority="marcrelator" type="code">cre</roleTerm>
      <roleTerm authority="marcrelator" type="text">Creator</roleTerm>
    </role>
  </name>
  <genre authority="pbcore" valueURI="http://pbcore.org/vocabularies/pbcoreGenre%23educational">Educational</genre>
  <originInfo>
    <dateIssued encoding="edtf">2018</dateIssued>
  </originInfo>
  <language>
    <languageTerm type="code">eng</languageTerm>
    <languageTerm type="text">English</languageTerm>
  </language>
  
  
  <abstract>Despite the Canadian government’s assertion that high-speed broadband access is crucial for economic and social benefit, there is minimal competition or availability of these services in rural or remote areas. Economic factors suggest that wireless technologies are best-suited to help rural residents meet the CRTC’s newly-released 50Mbps download speed target, but only 39% of rural and remote residents currently have access to these speeds. This presentation provides an overview of technologies used to provide rural and remote broadband services, traces the history of wireless spectrum auctions in Canada, and outlines spectrum access challenges faced by small service providers who are working to increase rural broadband penetration. There is a perception that wireless spectrum licenses are held mainly by incumbent internet service providers who use their licences inefficiently. To investigative this perception, ownership and deployment of auctioned licences was traced in three frequency ranges: 700 MHz (Mobile Broadband Service), 2500 MHz (Broadband Radio Service) and 3500 MHz (Fixed Wireless Access). Analysis suggests that Innovation, Science and Economic Development (ISED) Canada’s auction data is inconsistent, and cannot be easily used to link specific licences to current equipment deployments. Results support the claim that Canada’s Top 5 internet service providers dominate auction participation and licence ownership and that urban markets are the primary focus of licence deployments. The presentation concludes that auction design plays a significant role in the promotion of service competition and that monitoring and management of spectrum use should be improved.</abstract>
  <subject>
    <topic>Broadband communications systems -- Canada</topic>
  </subject>
  <subject>
    <topic>Telecommunications license</topic>
  </subject>
  <subject>
    <topic>Rural development -- Canada</topic>
  </subject>
  
  <accessCondition type="use and reproduction">http://creativecommons.org/licenses/by-sa/4.0/</accessCondition>
  <recordInfo>
    <recordOrigin>Avalon Media System</recordOrigin>
    <recordContentSource>IEN</recordContentSource>
    <recordCreationDate>20180329</recordCreationDate>
    <recordChangeDate>2018-03-29T14:15:13-06:00</recordChangeDate>
    
    <languageOfCataloging>
      <languageTerm authority="iso639-2b" type="code">eng</languageTerm>
    </languageOfCataloging>
    <recordIdentifier source="Fedora">avalon:4380</recordIdentifier>
  </recordInfo>
<physicalDescription><internetMediaType>video/mp4</internetMediaType></physicalDescription><location><url access="object in context"/></location></mods>