<?xml version="1.0" encoding="UTF-8"?><mods xmlns:xsi="http://www.w3.org/2001/XMLSchema-instance" xmlns="http://www.loc.gov/mods/v3" xsi:schemaLocation="http://www.loc.gov/mods/v3 http://www.loc.gov/standards/mods/v3/mods-3-4.xsd">
  <titleInfo usage="primary">
    <title>Programa Nosotros [raw footage], [agosto de 2002], Expo Latino Calgary </title>
  </titleInfo>
  <name type="personal">
    <namePart>Azocar, Medardo (Tio Lito)</namePart>
    <role>
      <roleTerm authority="marcrelator" type="code">ctb</roleTerm>
      <roleTerm authority="marcrelator" type="text">Contributor</roleTerm>
    </role>
  </name>
  <genre authority="pbcore" valueURI="http://pbcore.org/vocabularies/pbcoreGenre%23variety">Variety</genre>
  <genre authority="pbcore" valueURI="http://pbcore.org/vocabularies/pbcoreGenre%23community">Community</genre>
  <originInfo>
    <dateIssued encoding="edtf">2002-08-25</dateIssued>
  </originInfo>
  <language>
    <languageTerm type="code">spa</languageTerm>
    <languageTerm type="text">Spanish</languageTerm>
  </language>
  
  
  <abstract>Footage from the Expo Latino in Calgary, including interviews with vendors about where they're from, what they’re selling, and why they decided to come to Canada, as well as with a representative from the Salvadorean Canadian Association of Calgary. Tio Lito Azocar also talks with Carmen Galvez, the main organizer of the expo, and with members of the radio program "Buscando America:" Pablo Dubon, the director, and Janet Martinez, one of the hosts. A representative from the Alberta-based newspaper, Alternativa Latinoamericana, talks about reporting Latin American news from an alternate perspective.</abstract>
  <subject>
    <topic>Clark, Nadine</topic>
  </subject>
  <subject>
    <topic>Dubon, Pablo</topic>
  </subject>
  <subject>
    <topic>Martínez, Janet</topic>
  </subject>
  <subject>
    <topic>Gálvez, Carmen</topic>
  </subject>
  <subject>
    <topic>food</topic>
  </subject>
  <subject>
    <topic>culture</topic>
  </subject>
  <subject>
    <topic>music concert</topic>
  </subject>
  <subject>
    <topic>comida</topic>
  </subject>
  <subject>
    <topic>cultura</topic>
  </subject>
  <subject>
    <topic>concierto musical</topic>
  </subject>
  <subject>
    <topic>Periódico Alternativa Latinoamericana</topic>
  </subject>
  <subject>
    <topic>Buscando América, programa de radio</topic>
  </subject>
  <subject>
    <topic>The Spanish School of Calgary Society</topic>
  </subject>
  <subject>
    <topic>Salvadorean Canadian Association of Calgary</topic>
  </subject>
  <subject>
    <topic>Expo Latino</topic>
  </subject>
  <subject>
    <topic>Navidad</topic>
  </subject>
  <subject>
    <topic>escuela</topic>
  </subject>
  <subject>
    <topic>educación</topic>
  </subject>
  <subject>
    <topic>beneficiencia</topic>
  </subject>
  <subject>
    <topic>paises en desarrollo</topic>
  </subject>
  <subject>
    <topic>deportes</topic>
  </subject>
  <subject>
    <topic>año nuevo</topic>
  </subject>
  <subject>
    <topic>cola de mono, receta</topic>
  </subject>
  <subject>
    <topic>pan de pascua, receta</topic>
  </subject>
  <subject>
    <topic>Escuela Latinoamericana Gabriela Mistral</topic>
  </subject>
  <subject>
    <topic>Inti Illimani</topic>
  </subject>
  <subject>
    <topic>Grupo Primavera</topic>
  </subject>
  <subject>
    <geographic>Ecuador</geographic>
  </subject>
  <subject>
    <geographic>Chile</geographic>
  </subject>
  <subject>
    <geographic>Colombia</geographic>
  </subject>
  <subject>
    <geographic>El Salvador</geographic>
  </subject>
  <subject>
    <geographic>Mexico</geographic>
  </subject>
  
  <accessCondition type="use and reproduction">http://creativecommons.org/licenses/by/4.0/</accessCondition>
  <recordInfo>
    <recordOrigin>Avalon Media System</recordOrigin>
    <recordContentSource>IEN</recordContentSource>
    <recordCreationDate>20180703</recordCreationDate>
    <recordChangeDate>2018-07-03T13:16:53-06:00</recordChangeDate>
    
    <languageOfCataloging>
      <languageTerm authority="iso639-2b" type="code">eng</languageTerm>
    </languageOfCataloging>
    <recordIdentifier source="Fedora">avalon:13900</recordIdentifier>
  </recordInfo>
<physicalDescription><internetMediaType>video/quicktime</internetMediaType></physicalDescription><location><url access="object in context"/></location></mods>