<?xml version="1.0" encoding="UTF-8"?><mods xmlns:xsi="http://www.w3.org/2001/XMLSchema-instance" xmlns="http://www.loc.gov/mods/v3" xsi:schemaLocation="http://www.loc.gov/mods/v3 http://www.loc.gov/standards/mods/v3/mods-3-4.xsd">
  <titleInfo usage="primary">
    <title>Programa Nosotros, 11 de enero de 2009, Concierto a Nuestra Señora de Guadalupe</title>
  </titleInfo>
  <name type="personal" usage="primary">
    <namePart>Azocar, Medardo (Tio Lito)</namePart>
    <role>
      <roleTerm authority="marcrelator" type="code">cre</roleTerm>
      <roleTerm authority="marcrelator" type="text">Creator</roleTerm>
    </role>
  </name>
  <name type="personal">
    <namePart>Azocar, Medardo (Tio Lito)</namePart>
    <role>
      <roleTerm authority="marcrelator" type="code">ctb</roleTerm>
      <roleTerm authority="marcrelator" type="text">Contributor</roleTerm>
    </role>
  </name>
  <genre authority="pbcore" valueURI="http://pbcore.org/vocabularies/pbcoreGenre%23variety">Variety</genre>
  <genre authority="pbcore" valueURI="http://pbcore.org/vocabularies/pbcoreGenre%23community">Community</genre>
  <originInfo>
    <dateIssued encoding="edtf">2009-01-18</dateIssued>
  </originInfo>
  <language>
    <languageTerm type="code">spa</languageTerm>
    <languageTerm type="text">Spanish</languageTerm>
  </language>
  
  
  <abstract>Armando and Mercedes Munguía and other members of the Church of Our Lady of Guadalupe’s choir present a few songs that project a message of love, hope, and peace. Among the performers featured is Lupita Jaled, a Mexican artist who presents several songs on her own. Armando Munguía talks about the importance of making music that also reflects on the Latin American community and its concerns. Omar Nef talks about moving to Canada from Chile and his perception of Chilean Canadian culture.</abstract>
  <subject>
    <topic>Our Lady of Guadalupe's Choir</topic>
  </subject>
  <subject>
    <topic>music concert</topic>
  </subject>
  <subject>
    <topic>Salvadorean-Canadians</topic>
  </subject>
  <subject>
    <topic>Mexican-Canadians</topic>
  </subject>
  <subject>
    <topic>Chilean-Canadians</topic>
  </subject>
  <subject>
    <topic>culture</topic>
  </subject>
  <subject>
    <topic>Munguía, Armando</topic>
  </subject>
  <subject>
    <topic>Munguía, Mercedes</topic>
  </subject>
  <subject>
    <topic>Jaled, Lupita</topic>
  </subject>
  <subject>
    <topic>Nef, Omar</topic>
  </subject>
  <subject>
    <topic>escuelas</topic>
  </subject>
  <subject>
    <topic>educación</topic>
  </subject>
  <subject>
    <topic>concierto musical</topic>
  </subject>
  <subject>
    <topic>cultura</topic>
  </subject>
  <subject>
    <topic>Inti Illimani</topic>
  </subject>
  <subject>
    <geographic>Mexico</geographic>
  </subject>
  <subject>
    <geographic>Chile</geographic>
  </subject>
  <subject>
    <geographic>El Salvador</geographic>
  </subject>
  <relatedItem type="original">
    <identifier type="other">970102</identifier>
  </relatedItem>
  
  <accessCondition type="use and reproduction">http://creativecommons.org/licenses/by/4.0/</accessCondition>
  <recordInfo>
    <recordOrigin>Avalon Media System</recordOrigin>
    <recordContentSource>IEN</recordContentSource>
    <recordCreationDate>20180703</recordCreationDate>
    <recordChangeDate>2018-07-03T13:25:27-06:00</recordChangeDate>
    
    <languageOfCataloging>
      <languageTerm authority="iso639-2b" type="code">eng</languageTerm>
    </languageOfCataloging>
    <recordIdentifier source="Fedora">avalon:13950</recordIdentifier>
  </recordInfo>
<physicalDescription><internetMediaType>video/quicktime</internetMediaType></physicalDescription><location><url access="object in context"/></location></mods>