<?xml version="1.0" encoding="UTF-8"?><mods xmlns:xsi="http://www.w3.org/2001/XMLSchema-instance" xmlns="http://www.loc.gov/mods/v3" xsi:schemaLocation="http://www.loc.gov/mods/v3 http://www.loc.gov/standards/mods/v3/mods-3-4.xsd">
  <titleInfo usage="primary">
    <title>It Changed the Way I Do Research - Period: Augustana Talks Information Literacy</title>
  </titleInfo>
  <name type="personal" usage="primary">
    <namePart>Augustana Faculty Library, University of Alberta.</namePart>
    <role>
      <roleTerm authority="marcrelator" type="code">cre</roleTerm>
      <roleTerm authority="marcrelator" type="text">Creator</roleTerm>
    </role>
  </name>
  <genre authority="pbcore" valueURI="http://pbcore.org/vocabularies/pbcoreGenre%23educational">Educational</genre>
  <genre authority="pbcore" valueURI="http://pbcore.org/vocabularies/pbcoreGenre%23how-to">How-to</genre>
  <originInfo>
    
    
  <dateIssued encoding="edtf">2006</dateIssued></originInfo>
  <language>
    <languageTerm type="code">eng</languageTerm>
    <languageTerm type="text">English</languageTerm>
  </language>
  
  
  <abstract>"To provide undergraduate students with Information Literacy skills - the skills of information access, use and assessment - is the responsibility of educators. The liberal arts and sciences curriculum of the Augustana Faculty (Camrose, Alberta, Canada) of the University of Alberta is the ideal host and partner in Information Literacy initiatives. This video documents and promotes the vision of Information Literacy at Augustana and the various components of Augustana's Information Literacy Program. These components include: 21 for-credit discipline-specific Information Literacy courses embedded into the curriculum; a variety of assessment practices including pre-tests and post-tests in all Information Literacy classes and surveys of students and graduates approximately 6 months after the course is completed; an annual Information Literacy workshop for faculty and librarians; and, Information Literacy Awards for Students and Faculty. "Augustana Talks Information Literacy" - students, librarians and faculty speak to the role and influence of Information Literacy at Augustana." -- container</abstract>
  <subject>
    <topic>Information literacy</topic>
  </subject>
  <subject>
    <topic>Library orientation for college students--Canada </topic>
  </subject>
  <subject>
    <topic>Library orientation</topic>
  </subject>
  <relatedItem type="original">
    
  <identifier type="other">0978077202</identifier><identifier type="local">3479418</identifier></relatedItem>
  <relatedItem displayLabel="DVD">
    <location>
      <url>https://www.library.ualberta.ca/catalog/3479418</url>
    </location>
  </relatedItem>
  
  
  <accessCondition type="use and reproduction">University of Alberta Libraries use.</accessCondition>
  <recordInfo>
    <recordOrigin>Avalon Media System</recordOrigin>
    <recordContentSource>IEN</recordContentSource>
    <recordCreationDate>20161020</recordCreationDate>
    <recordChangeDate>2017-07-14T15:39:01-06:00</recordChangeDate>
    
    <languageOfCataloging>
      <languageTerm authority="iso639-2b" type="code">eng</languageTerm>
    </languageOfCataloging>
    <recordIdentifier source="Fedora">avalon:748</recordIdentifier>
  </recordInfo>
  <tableOfContents>Introduction
In the beginning
Student impact
Faculty matters
Assessment
IL workshop
IL awards
Final thoughts
Credits.</tableOfContents>
<physicalDescription><internetMediaType>video/quicktime</internetMediaType></physicalDescription><location><url access="object in context"/></location></mods>