<?xml version="1.0" encoding="UTF-8"?><mods xmlns:xsi="http://www.w3.org/2001/XMLSchema-instance" xmlns="http://www.loc.gov/mods/v3" xsi:schemaLocation="http://www.loc.gov/mods/v3 http://www.loc.gov/standards/mods/v3/mods-3-4.xsd">
  <titleInfo usage="primary">
    <title>Programa Nosotros. Nosotros #11. Songs from Uruguay. Singer Ernesto Yavez &amp; Carlos Tecaera</title>
  </titleInfo>
  <name type="personal" usage="primary">
    <namePart>Contreras, Sergio</namePart>
    <role>
      <roleTerm authority="marcrelator" type="code">cre</roleTerm>
      <roleTerm authority="marcrelator" type="text">Creator</roleTerm>
    </role>
  </name>
  <name type="personal">
    <namePart>Azocar, Lito</namePart>
    <role>
      <roleTerm authority="marcrelator" type="code">ctb</roleTerm>
      <roleTerm authority="marcrelator" type="text">Contributor</roleTerm>
    </role>
  </name>
  <genre>Variety</genre>
  <genre>Community</genre>
  <originInfo>
    <dateCreated encoding="edtf">1992-03-15</dateCreated>
    <dateIssued encoding="edtf">1992-03-15</dateIssued>
  </originInfo>
  <language>
    <languageTerm type="code">spa</languageTerm>
    <languageTerm type="text">Spanish</languageTerm>
  </language>
  
  
  <abstract>Obituary and mention of funeral date for Osvaldo Morales. Part II of "Paseo Ahumada'' doumentary. Raffle for a colour television and a blender. Folk duo "Carlos y Ernesto" sing; "Carito", "Por cifra y milonga", "Pastor de nuez", "Canción de verano y remo", Padre de carnaval", "El Orejano". Hosts: Jorge Rogriguez, Claire Hurtubise, Mario Allende.</abstract>
  <subject>
    <topic>Osvaldo Morales; Paseo ahumada; Santiago; Chile; Carlos Tecaera; Ernesto Yavez; Carlos y Ernesto; Carito; Por cifra y milonga; Pastor de nuez; Canción de verano y remo; Padre de carnaval; El Orejano.</topic>
  </subject>
  <subject>
    <geographic>Edmonton</geographic>
  </subject>
  <subject>
    <geographic>Alberta</geographic>
  </subject>
  <relatedItem type="original">
    <identifier type="local">programa-nosotros-52</identifier>
  </relatedItem>
  
  <accessCondition type="use and reproduction">http://creativecommons.org/licenses/by/4.0/</accessCondition>
  <recordInfo>
    <recordOrigin>Avalon Media System</recordOrigin>
    <recordContentSource>IEN</recordContentSource>
    <recordCreationDate>20160816</recordCreationDate>
    <recordChangeDate>2016-08-18T09:52:45-06:00</recordChangeDate>
    
    <languageOfCataloging>
      <languageTerm authority="iso639-2b" type="code">eng</languageTerm>
    </languageOfCataloging>
    <recordIdentifier source="Fedora">avalon:364</recordIdentifier>
  </recordInfo>
<physicalDescription><internetMediaType>video/quicktime</internetMediaType></physicalDescription><location><url access="object in context"/></location></mods>