<?xml version="1.0" encoding="UTF-8"?><mods xmlns:xsi="http://www.w3.org/2001/XMLSchema-instance" xmlns="http://www.loc.gov/mods/v3" xsi:schemaLocation="http://www.loc.gov/mods/v3 http://www.loc.gov/standards/mods/v3/mods-3-4.xsd">
  <titleInfo usage="primary">
    <title>Mrs. Brenda Farr (Whitley)</title>
  </titleInfo>
  <name type="personal" usage="primary">
    <namePart>Faculty Women's Club</namePart>
    <role>
      <roleTerm authority="marcrelator" type="code">cre</roleTerm>
      <roleTerm authority="marcrelator" type="text">Creator</roleTerm>
    </role>
  </name>
  <genre authority="pbcore" valueURI="http://pbcore.org/vocabularies/pbcoreGenre%23interview">Interview</genre>
  <originInfo>
    <dateIssued encoding="edtf">1986-04-10</dateIssued>
  </originInfo>
  <language>
    <languageTerm type="code">eng</languageTerm>
    <languageTerm type="text">English</languageTerm>
  </language>
  
  
  <abstract>Early Sports (5) 1st Interest (25) Excelled in (32) High &amp; Low Points (36) Awards (51) Disappointments (62) Opportunity to Dev. (70) Facilities (76) Training (80) Encouragement (93) Financial (98) Equip (102) Competitions (106) Nt. Org (130) Later activities in Org Sport (145) Intolerances (169) Sport's Part Now (189) Other Sports (236) Changes (246) Improvements (310) Gen. Trends (328) Pers. Dev 367) Ideal Sit. For Women (384) Goals (407)</abstract>
  <subject>
    <topic>Women in sports</topic>
  </subject>
  <subject>
    <topic>Faculty Women's Club</topic>
  </subject>
  <subject>
    <topic>University of Alberta</topic>
  </subject>
  <subject>
    <geographic>Canada</geographic>
  </subject>
  <subject>
    <geographic>Alberta</geographic>
  </subject>
  <subject>
    <geographic>Edmonton</geographic>
  </subject>
  <relatedItem type="original">
    <identifier type="local">1985-063-12</identifier>
  </relatedItem>
  
  <accessCondition type="use and reproduction">http://creativecommons.org/licenses/by/4.0/</accessCondition>
  <recordInfo>
    <recordOrigin>Avalon Media System</recordOrigin>
    <recordContentSource>IEN</recordContentSource>
    <recordCreationDate>20170803</recordCreationDate>
    <recordChangeDate>2017-10-04T09:25:01-06:00</recordChangeDate>
    
    <languageOfCataloging>
      <languageTerm authority="iso639-2b" type="code">eng</languageTerm>
    </languageOfCataloging>
    <recordIdentifier source="Fedora">avalon:3776</recordIdentifier>
  </recordInfo>
<physicalDescription><internetMediaType>audio/x-wav</internetMediaType></physicalDescription><location><url access="object in context"/></location></mods>