<?xml version="1.0" encoding="UTF-8"?><mods xmlns:xsi="http://www.w3.org/2001/XMLSchema-instance" xmlns="http://www.loc.gov/mods/v3" xsi:schemaLocation="http://www.loc.gov/mods/v3 http://www.loc.gov/standards/mods/v3/mods-3-4.xsd">
  <titleInfo usage="primary">
    <title>MAJOR!</title>
  </titleInfo>
  <name type="personal" usage="primary">
    <namePart>Annalise Ophelian</namePart>
    <role>
      <roleTerm authority="marcrelator" type="code">cre</roleTerm>
      <roleTerm authority="marcrelator" type="text">Creator</roleTerm>
    </role>
  </name>
  <name type="personal" usage="primary">
    <namePart>StormMiguel Florez</namePart>
    <role>
      <roleTerm authority="marcrelator" type="code">cre</roleTerm>
      <roleTerm authority="marcrelator" type="text">Creator</roleTerm>
    </role>
  </name>
  <genre authority="pbcore" valueURI="http://pbcore.org/vocabularies/pbcoreGenre%23documentary">Documentary</genre>
  <originInfo>
    
    
  <dateIssued encoding="edtf">2015</dateIssued></originInfo>
  <language>
    <languageTerm type="code">eng</languageTerm>
    <languageTerm type="text">English</languageTerm>
  </language>
  
  
  <subject>
    <topic>Biographical Documentary</topic>
  </subject>
  <subject>
    <topic>Civil Rights</topic>
  </subject>
  
  
  <accessCondition type="use and reproduction">*License is for perpetual password protected institutional streaming* The educational license for this title for university/college use and allows for broad and unlimited academic use within your institution, and includes: Classroom screening, student group screening, and library loan to students, faculty, and staff Public performance rights (PPR) for on-campus screenings, including those open to the general public, and university-affiliated off-campus screenings, provided they are free of charge ONE (1) PPR for an on- or off-campus screening open to the general public where admission is charged. Additional PPR are available for $75/event, with fee waivers offered for social justice programming or programming that prioritizes QTPOC access. Please contact us with questions. Digital file for password protected online screening from your institution's secure server This license does not expire and will never need to be renewed. MAJOR! is closed captioned for Deaf and hard of hearing audiences, and features options for English, Spanish, and French subtitles. This license is restricted to a single campus or location and may not be transferred or sold.</accessCondition>
  <recordInfo>
    <recordOrigin>Avalon Media System</recordOrigin>
    <recordContentSource>IEN</recordContentSource>
    <recordCreationDate>20170809</recordCreationDate>
    <recordChangeDate>2017-09-26T15:18:06-06:00</recordChangeDate>
    
    <languageOfCataloging>
      <languageTerm authority="iso639-2b" type="code">eng</languageTerm>
    </languageOfCataloging>
    <recordIdentifier source="Fedora">avalon:3985</recordIdentifier>
  </recordInfo>
<physicalDescription><internetMediaType>video/mp4</internetMediaType></physicalDescription><location><url access="object in context"/></location></mods>