<?xml version="1.0" encoding="UTF-8"?><mods xmlns:xsi="http://www.w3.org/2001/XMLSchema-instance" xmlns="http://www.loc.gov/mods/v3" xsi:schemaLocation="http://www.loc.gov/mods/v3 http://www.loc.gov/standards/mods/v3/mods-3-4.xsd">
  <titleInfo usage="primary">
    <title>Programa Nosotros. Nosotros 1992. Hertiage Festival Princess</title>
  </titleInfo>
  <name type="personal" usage="primary">
    <namePart>Contreras, Sergio</namePart>
    <role>
      <roleTerm authority="marcrelator" type="code">cre</roleTerm>
      <roleTerm authority="marcrelator" type="text">Creator</roleTerm>
    </role>
  </name>
  <name type="personal">
    <namePart>Azocar, Lito</namePart>
    <role>
      <roleTerm authority="marcrelator" type="code">ctb</roleTerm>
      <roleTerm authority="marcrelator" type="text">Contributor</roleTerm>
    </role>
  </name>
  <genre>Variety</genre>
  <genre>Community</genre>
  <originInfo>
    <dateCreated encoding="edtf">1992-03-28</dateCreated>
    <dateIssued encoding="edtf">1992-05-10</dateIssued>
  </originInfo>
  <language>
    <languageTerm type="code">spa</languageTerm>
    <languageTerm type="text">Spanish</languageTerm>
  </language>
  
  
  <abstract>The heritage days princess, Nadia Encina, is chosen by the chilean heritage festival association. During the selection "Nosotros" takes breaks where the Victor Jara dance group presents various traditional chilean dances. Poems by Grabriela Mistral and Germán Berdiales are recited after the selection. Program ends with the Victor Jara dance group presenting dances from Easter Island (Rapa Nui) and Chile. Judges: Maria Contreras, Juan Caroca, Norma Vidal. Hosts: Claire Hurtubise, Mario Allende, Antonio Guzman.</abstract>
  <subject>
    <topic>Heritage festival; heritage festival princess; Chile pavillion; Pabellón chileno; Nadia Encina; Victor Jara; Joceline Martel; Isabel Astorga; Patricia Fruhbrodt; Nadia Contreras; Gabriela Mistral; Todas vamos a ser reinas; En tus brazos; Germá Berdiales</topic>
  </subject>
  <subject>
    <geographic>Edmonton</geographic>
  </subject>
  <subject>
    <geographic>Alberta</geographic>
  </subject>
  <relatedItem type="original">
    <identifier type="local">programa-nosotros-53</identifier>
  </relatedItem>
  
  <accessCondition type="use and reproduction">http://creativecommons.org/licenses/by/4.0/</accessCondition>
  <recordInfo>
    <recordOrigin>Avalon Media System</recordOrigin>
    <recordContentSource>IEN</recordContentSource>
    <recordCreationDate>20160816</recordCreationDate>
    <recordChangeDate>2016-08-18T09:53:46-06:00</recordChangeDate>
    
    <languageOfCataloging>
      <languageTerm authority="iso639-2b" type="code">eng</languageTerm>
    </languageOfCataloging>
    <recordIdentifier source="Fedora">avalon:366</recordIdentifier>
  </recordInfo>
<physicalDescription><internetMediaType>video/quicktime</internetMediaType></physicalDescription><location><url access="object in context"/></location></mods>