<?xml version="1.0" encoding="UTF-8"?><mods xmlns:xsi="http://www.w3.org/2001/XMLSchema-instance" xmlns="http://www.loc.gov/mods/v3" xsi:schemaLocation="http://www.loc.gov/mods/v3 http://www.loc.gov/standards/mods/v3/mods-3-4.xsd">
  <titleInfo usage="primary">
    <title>Programa Nosotros, diciembre de 1992, Especial de Navidad</title>
  </titleInfo>
  <name type="personal" usage="primary">
    <namePart>Allende, Mario</namePart>
    <role>
      <roleTerm authority="marcrelator" type="code">cre</roleTerm>
      <roleTerm authority="marcrelator" type="text">Creator</roleTerm>
    </role>
  </name>
  <name type="personal">
    <namePart>Guzmán, Antonio</namePart>
    <role>
      <roleTerm authority="marcrelator" type="code">ctb</roleTerm>
      <roleTerm authority="marcrelator" type="text">Contributor</roleTerm>
    </role>
  </name>
  <genre authority="pbcore" valueURI="http://pbcore.org/vocabularies/pbcoreGenre%23variety">Variety</genre>
  <genre authority="pbcore" valueURI="http://pbcore.org/vocabularies/pbcoreGenre%23community">Community</genre>
  <originInfo>
    <dateIssued encoding="edtf">1992-12-01</dateIssued>
    <dateCreated encoding="edtf">1992</dateCreated>
  </originInfo>
  <language>
    <languageTerm type="code">spa</languageTerm>
    <languageTerm type="text">Spanish</languageTerm>
  </language>
  
  
  <abstract>A Christmas special from 1992. There is a montage highlighting the most memorable moments in sports. The Christmas concert at the Gabriela Mistral Latin American School is presented. German Vidal, the principal of Gabriela Mistral school, speaks about how the school is working to preserve the traditions of Latin America and creating ties between the various groups that make up the Latin American community, including its campaign to provide pencils and notebooks for children living in poverty in El Salvador. Teachers and students from the school are also interviewed. A group of women from Primavera, a Latin American group for the elderly, share their favourite Christmas treats: pan de pascua and cola de mono. The music of Palito Ortega and Inti Illimani are also featured.</abstract>
  <subject>
    <topic>Christmas</topic>
  </subject>
  <subject>
    <topic>New Year's Eve</topic>
  </subject>
  <subject>
    <topic>Primavera</topic>
  </subject>
  <subject>
    <topic>recipes--Chile</topic>
  </subject>
  <subject>
    <topic>Casas, Germán</topic>
  </subject>
  <subject>
    <topic>Vidal, German</topic>
  </subject>
  <subject>
    <topic>Música folklórica latinoamericana, concierto</topic>
  </subject>
  <subject>
    <topic>Grupo Estrella Roja, concierto</topic>
  </subject>
  <subject>
    <geographic>El Salvador</geographic>
  </subject>
  <relatedItem type="original">
    <identifier type="other">960889</identifier>
  </relatedItem>
  
  <accessCondition type="use and reproduction">http://creativecommons.org/licenses/by/4.0/</accessCondition>
  <recordInfo>
    <recordOrigin>Avalon Media System</recordOrigin>
    <recordContentSource>IEN</recordContentSource>
    <recordCreationDate>20180703</recordCreationDate>
    <recordChangeDate>2018-07-03T13:06:46-06:00</recordChangeDate>
    
    <languageOfCataloging>
      <languageTerm authority="iso639-2b" type="code">eng</languageTerm>
    </languageOfCataloging>
    <recordIdentifier source="Fedora">avalon:13856</recordIdentifier>
  </recordInfo>
<physicalDescription><internetMediaType>video/quicktime</internetMediaType></physicalDescription><location><url access="object in context"/></location></mods>