<?xml version="1.0" encoding="UTF-8"?><mods xmlns:xsi="http://www.w3.org/2001/XMLSchema-instance" xmlns="http://www.loc.gov/mods/v3" xsi:schemaLocation="http://www.loc.gov/mods/v3 http://www.loc.gov/standards/mods/v3/mods-3-4.xsd">
  <titleInfo usage="primary">
    <title>Opening Remarks and Keynote</title>
  </titleInfo>
  <genre authority="pbcore" valueURI="http://pbcore.org/vocabularies/pbcoreGenre%23event">Event</genre>
  <originInfo>
    
  <dateIssued encoding="edtf">2017-05-11</dateIssued></originInfo>
  <language>
    <languageTerm type="code">eng</languageTerm>
    <languageTerm type="text">English</languageTerm>
  </language>
  
  
  <abstract>This student keynote will dive into the discussion of local student initiatives. Alicia Lunz, the VP Academic at the University of Calgary will discuss her experience with OER initiatives such as the #TextbookbrokeAB student campaign. Her presentation will talk about her past, present and future expectations around OER and share her insights on institutional infrastructure for OER, sustainability, and her current work with OER. Presenters: Sarah Forgie (Vice-Provost (Learning Initiatives), University of Alberta), Jason Dewling, PhD (Vice President Academic and Research, Olds College). Keynote: Alicia Lunz (Vice President Academic, Students' Union, University of Calgary).</abstract>
  <note type="general">"The Campus Alberta Open Educational Resources (ABOER) Initiative is made possible through an investment from the Alberta government."</note>
  <subject>
    <topic>Open Educational Resources</topic>
  </subject>
  <subject>
    <topic>Alberta OER</topic>
  </subject>
  <subject>
    <topic>keynote</topic>
  </subject>
  
  <accessCondition type="use and reproduction">http://creativecommons.org/licenses/by/4.0/</accessCondition>
  <accessCondition type="use and reproduction">http://creativecommons.org/licenses/by/4.0/</accessCondition>
  <recordInfo>
    <recordOrigin>Avalon Media System</recordOrigin>
    <recordContentSource>IEN</recordContentSource>
    <recordCreationDate>20170710</recordCreationDate>
    <recordChangeDate>2017-08-02T11:39:42-06:00</recordChangeDate>
    
    <languageOfCataloging>
      <languageTerm authority="iso639-2b" type="code">eng</languageTerm>
    </languageOfCataloging>
    <recordIdentifier source="Fedora">avalon:3364</recordIdentifier>
  </recordInfo>
<physicalDescription><internetMediaType>video/mp4</internetMediaType></physicalDescription><location><url access="object in context"/></location></mods>