<?xml version="1.0" encoding="UTF-8"?><mods xmlns:xsi="http://www.w3.org/2001/XMLSchema-instance" xmlns="http://www.loc.gov/mods/v3" xsi:schemaLocation="http://www.loc.gov/mods/v3 http://www.loc.gov/standards/mods/v3/mods-3-4.xsd">
  <titleInfo usage="primary">
    <title>Mrs. G. (Eileen) Harle</title>
  </titleInfo>
  <name type="personal" usage="primary">
    <namePart>Faculty Women's Club</namePart>
    <role>
      <roleTerm authority="marcrelator" type="code">cre</roleTerm>
      <roleTerm authority="marcrelator" type="text">Creator</roleTerm>
    </role>
  </name>
  <name type="personal">
    <namePart>Elder, Marianne</namePart>
    <role>
      <roleTerm authority="marcrelator" type="code">ctb</roleTerm>
      <roleTerm authority="marcrelator" type="text">Contributor</roleTerm>
    </role>
  </name>
  <genre authority="pbcore" valueURI="http://pbcore.org/vocabularies/pbcoreGenre%23interview">Interview</genre>
  <originInfo>
    <dateIssued encoding="edtf">1986-03-03</dateIssued>
  </originInfo>
  <language>
    <languageTerm type="code">eng</languageTerm>
    <languageTerm type="text">English</languageTerm>
  </language>
  
  
  <abstract>Graduated from U of A 1957-Badminton Early life (4) University (48) High points &amp; awards (64) Personality traits to excel (92) Badminton development (139) Training (196) Encouragement (226) Discrimination (262) Oldest F. Grad teaching (283) Nutrition (298) Jobs after graduation (395) Travel with teams (428) National Organization involvement (462)</abstract>
  <subject>
    <topic>Women in sports</topic>
  </subject>
  <subject>
    <topic>Faculty Women's Club</topic>
  </subject>
  <subject>
    <topic>University of Alberta</topic>
  </subject>
  <subject>
    <geographic>Canada</geographic>
  </subject>
  <subject>
    <geographic>Alberta</geographic>
  </subject>
  <subject>
    <geographic>Edmonton</geographic>
  </subject>
  <relatedItem type="original">
    <identifier type="local">1985-063-16</identifier>
  </relatedItem>
  
  <accessCondition type="use and reproduction">http://creativecommons.org/licenses/by/4.0/</accessCondition>
  <recordInfo>
    <recordOrigin>Avalon Media System</recordOrigin>
    <recordContentSource>IEN</recordContentSource>
    <recordCreationDate>20170803</recordCreationDate>
    <recordChangeDate>2017-10-04T09:25:04-06:00</recordChangeDate>
    
    <languageOfCataloging>
      <languageTerm authority="iso639-2b" type="code">eng</languageTerm>
    </languageOfCataloging>
    <recordIdentifier source="Fedora">avalon:3788</recordIdentifier>
  </recordInfo>
<physicalDescription><internetMediaType>audio/x-wav</internetMediaType></physicalDescription><location><url access="object in context"/></location></mods>