<?xml version="1.0" encoding="UTF-8"?><mods xmlns:xsi="http://www.w3.org/2001/XMLSchema-instance" xmlns="http://www.loc.gov/mods/v3" xsi:schemaLocation="http://www.loc.gov/mods/v3 http://www.loc.gov/standards/mods/v3/mods-3-4.xsd">
  <titleInfo usage="primary">
    <title>Programa Nosotros, 22 de junio de 2003, Comando de exonerados políticos de Chile</title>
  </titleInfo>
  <name type="personal" usage="primary">
    <namePart>Arroyabe, Luz Estela</namePart>
    <role>
      <roleTerm authority="marcrelator" type="code">cre</roleTerm>
      <roleTerm authority="marcrelator" type="text">Creator</roleTerm>
    </role>
  </name>
  <name type="personal">
    <namePart>Arroyabe, Luz Estela</namePart>
    <role>
      <roleTerm authority="marcrelator" type="code">ctb</roleTerm>
      <roleTerm authority="marcrelator" type="text">Contributor</roleTerm>
    </role>
  </name>
  <name type="personal">
    <namePart>Azocar, Medardo (Tío Lito)</namePart>
    <role>
      <roleTerm authority="marcrelator" type="code">ctb</roleTerm>
      <roleTerm authority="marcrelator" type="text">Contributor</roleTerm>
    </role>
  </name>
  <genre authority="pbcore" valueURI="http://pbcore.org/vocabularies/pbcoreGenre%23variety">Variety</genre>
  <genre authority="pbcore" valueURI="http://pbcore.org/vocabularies/pbcoreGenre%23community">Community</genre>
  <originInfo>
    <dateIssued encoding="edtf">2003-06-22</dateIssued>
  </originInfo>
  <language>
    <languageTerm type="code">spa</languageTerm>
    <languageTerm type="text">Spanish</languageTerm>
  </language>
  
  
  <abstract>Juan Reimber, the president of Edmonton’s chapter of Comandos exonerados politicos de Chile, is interviewed along with his treasurer, Degalio Enríquez, about the organization’s mission to provide social assistance to Chilean workers who lost their jobs as a direct result of Chile’s military takeover. The two also discuss some new legislation made by the Chilean government to provide benefits to these workers.</abstract>
  <subject>
    <topic>Comando de exonerados políticos de Chile</topic>
  </subject>
  <subject>
    <topic>politics</topic>
  </subject>
  <subject>
    <topic>dictatorship</topic>
  </subject>
  <subject>
    <topic>labour relations</topic>
  </subject>
  <subject>
    <topic>Reimber, Juan</topic>
  </subject>
  <subject>
    <topic>Enríquez, Degalio</topic>
  </subject>
  <subject>
    <topic>cultura</topic>
  </subject>
  <subject>
    <topic>concierto musical</topic>
  </subject>
  <subject>
    <topic>música folklórica</topic>
  </subject>
  <subject>
    <topic>cueca</topic>
  </subject>
  <subject>
    <topic>Servicio Nacional de Capacitación y Empleo (SENCE)</topic>
  </subject>
  <subject>
    <topic>CORFO</topic>
  </subject>
  <subject>
    <topic>Orejas al Viento, fábrica de juguetes</topic>
  </subject>
  <subject>
    <topic>Maderas Veta</topic>
  </subject>
  <subject>
    <topic>fábrica de embalajes</topic>
  </subject>
  <subject>
    <topic>Biosonda, laboratorio de biotecnología</topic>
  </subject>
  <subject>
    <topic>Avegrán, criadero de avestruces</topic>
  </subject>
  <subject>
    <topic>Sushi Party, negocio de cocina japonesa</topic>
  </subject>
  <subject>
    <geographic>Chile</geographic>
  </subject>
  
  <accessCondition type="use and reproduction">http://creativecommons.org/licenses/by/4.0/</accessCondition>
  <recordInfo>
    <recordOrigin>Avalon Media System</recordOrigin>
    <recordContentSource>IEN</recordContentSource>
    <recordCreationDate>20180703</recordCreationDate>
    <recordChangeDate>2018-07-03T13:29:07-06:00</recordChangeDate>
    
    <languageOfCataloging>
      <languageTerm authority="iso639-2b" type="code">eng</languageTerm>
    </languageOfCataloging>
    <recordIdentifier source="Fedora">avalon:13968</recordIdentifier>
  </recordInfo>
<physicalDescription><internetMediaType>video/quicktime</internetMediaType></physicalDescription><location><url access="object in context"/></location></mods>