<?xml version="1.0" encoding="UTF-8"?><mods xmlns:xsi="http://www.w3.org/2001/XMLSchema-instance" xmlns="http://www.loc.gov/mods/v3" xsi:schemaLocation="http://www.loc.gov/mods/v3 http://www.loc.gov/standards/mods/v3/mods-3-4.xsd">
  <titleInfo usage="primary">
    <title>Multimedia Representations of Sherlock Holmes: Game Adaptations</title>
  </titleInfo>
  <name type="personal" usage="primary">
    <namePart>Lowry, Hugh</namePart>
    <role>
      <roleTerm authority="marcrelator" type="code">cre</roleTerm>
      <roleTerm authority="marcrelator" type="text">Creator</roleTerm>
    </role>
  </name>
  <name type="personal" usage="primary">
    <namePart>MacLeod, Lorisia</namePart>
    <role>
      <roleTerm authority="marcrelator" type="code">cre</roleTerm>
      <roleTerm authority="marcrelator" type="text">Creator</roleTerm>
    </role>
  </name>
  <genre authority="pbcore" valueURI="http://pbcore.org/vocabularies/pbcoreGenre%23educational">Educational</genre>
  <originInfo>
    <dateIssued encoding="edtf">2018</dateIssued>
  </originInfo>
  <language>
    <languageTerm type="code">eng</languageTerm>
    <languageTerm type="text">English</languageTerm>
  </language>
  
  
  <abstract>This presentation utilizes multimedia to explore representations of Sir Conan Doyle’s Sherlock Holmes. We sample a brief history of Sir Doyle and the texts before turning to board game, video game, and game apps that claim to represent Sherlock Holmes. It is important for libraries to be aware of the various representations that individuals choose to engage with and use to express themselves. For instance, the app, “Date Me Sherlock,” allows players to date male characters from the canon, developing emotional and intimate relationships. The app offers “deeper” experiences in exchange for purchasing in-game gems. Libraries can provide essential resources and materials for individuals to be able to engage with fandoms, and the culture creation process—in this case, extending the many representations of Sherlock Holmes. Of further interest is the “Network” app that utilizes actors and plotlines from BBC’s “Sherlock.” The app shows the interaction of multimedia to extend the same interpretation of the canon through television and mobile gaming. Libraries have become centres for individuals to access and contribute to the media representations</abstract>
  <subject>
    <topic>Digital media -- social aspects</topic>
  </subject>
  <subject>
    <topic>Mobile apps</topic>
  </subject>
  <subject>
    <topic>Holmes, Sherlock -- fiction</topic>
  </subject>
  
  <accessCondition type="use and reproduction">http://creativecommons.org/licenses/by-nc/4.0/</accessCondition>
  <recordInfo>
    <recordOrigin>Avalon Media System</recordOrigin>
    <recordContentSource>IEN</recordContentSource>
    <recordCreationDate>20180329</recordCreationDate>
    <recordChangeDate>2018-03-29T14:15:22-06:00</recordChangeDate>
    
    <languageOfCataloging>
      <languageTerm authority="iso639-2b" type="code">eng</languageTerm>
    </languageOfCataloging>
    <recordIdentifier source="Fedora">avalon:4384</recordIdentifier>
  </recordInfo>
<physicalDescription><internetMediaType>video/mp4</internetMediaType></physicalDescription><location><url access="object in context"/></location></mods>