<?xml version="1.0" encoding="UTF-8"?><mods xmlns:xsi="http://www.w3.org/2001/XMLSchema-instance" xmlns="http://www.loc.gov/mods/v3" xsi:schemaLocation="http://www.loc.gov/mods/v3 http://www.loc.gov/standards/mods/v3/mods-3-4.xsd">
  <titleInfo usage="primary">
    <title>The Sounding Sea - MMus Conducting Recital</title>
  </titleInfo>
  <name type="personal" usage="primary">
    <namePart>Apanovitch, Irene</namePart>
    <role>
      <roleTerm authority="marcrelator" type="code">cre</roleTerm>
      <roleTerm authority="marcrelator" type="text">Creator</roleTerm>
    </role>
  </name>
  <name type="personal">
    <namePart>Apanovitch, Irene</namePart>
    <role>
      <roleTerm authority="marcrelator" type="code">ctb</roleTerm>
      <roleTerm authority="marcrelator" type="text">Contributor</roleTerm>
    </role>
  </name>
  <genre authority="pbcore" valueURI="http://pbcore.org/vocabularies/pbcoreGenre%23music">Music</genre>
  <originInfo>
    <dateIssued encoding="edtf">2010-11-10</dateIssued>
  </originInfo>
  <language>
    <languageTerm type="code">eng</languageTerm>
    <languageTerm type="text">English</languageTerm>
  </language>
  <language>
    <languageTerm type="code">ger</languageTerm>
    <languageTerm type="text">German</languageTerm>
  </language>
  <language>
    <languageTerm type="code">fre</languageTerm>
    <languageTerm type="text">French</languageTerm>
  </language>
  <language>
    <languageTerm type="code">spa</languageTerm>
    <languageTerm type="text">Spanish</languageTerm>
  </language>
  
  
  <accessCondition type="use and reproduction">This audiovisual content is being provided solely for educational use and research, pursuant to exceptions in the Canadian Copyright Act.  Further reproduction or distribution or other use may require additional permissions</accessCondition>
  <subject>
    <topic>Choral music</topic>
  </subject>
  <subject>
    <topic>Vocal music</topic>
  </subject>
  <subject>
    <geographic>Convocation Hall, University of Alberta</geographic>
  </subject>
  <recordInfo>
    <recordOrigin>Avalon Media System</recordOrigin>
    <recordContentSource>IEN</recordContentSource>
    <recordCreationDate>20180531</recordCreationDate>
    <recordChangeDate>2018-05-31T09:13:56-06:00</recordChangeDate>
    
    <languageOfCataloging>
      <languageTerm authority="iso639-2b" type="code">eng</languageTerm>
    </languageOfCataloging>
    <recordIdentifier source="Fedora">avalon:5036</recordIdentifier>
  </recordInfo>
  <tableOfContents>Fair Nymphs / John Farmer (1570-1605) -- Zwei Liebchen (from Sechs Gesänge, Op. 108, no 5) / Josef Rheinberger (1839-1901) -- Auf dem See (Op. 41, no 6) / Felix Mendelssohn (1809-1847) -- La Nuit en Mer (from Trois Chansons Bretonnes) /Henk Badings (1907-1987) -- The Great Sea / Imant Raminsh (1943-) -- Salve Regina (Kimberley Taylor, soprano solo) / David N. Childs (1969-) -- Ave Maris Stella / Trond Kverno (1945-) -- Los Rios Acuden (Rob Curtis, baritone solo) / Raimundo Gonzalez (1984-) -- The Sounding Sea / Eric William Barnum (1979-)</tableOfContents>
<physicalDescription><internetMediaType>video/mp4</internetMediaType></physicalDescription></mods>