<?xml version="1.0" encoding="UTF-8"?><mods xmlns:xsi="http://www.w3.org/2001/XMLSchema-instance" xmlns="http://www.loc.gov/mods/v3" xsi:schemaLocation="http://www.loc.gov/mods/v3 http://www.loc.gov/standards/mods/v3/mods-3-4.xsd">
  <titleInfo usage="primary">
    <title>Programa Nosotros, 7 de abril de 2002, Apertura oficial de la Academia de Español en la Milcreek School</title>
  </titleInfo>
  <name type="personal" usage="primary">
    <namePart>Sardinha, Andrea</namePart>
    <role>
      <roleTerm authority="marcrelator" type="code">cre</roleTerm>
      <roleTerm authority="marcrelator" type="text">Creator</roleTerm>
    </role>
  </name>
  <name type="personal">
    <namePart>San Martín, Tamara</namePart>
    <role>
      <roleTerm authority="marcrelator" type="code">ctb</roleTerm>
      <roleTerm authority="marcrelator" type="text">Contributor</roleTerm>
    </role>
  </name>
  <genre authority="pbcore" valueURI="http://pbcore.org/vocabularies/pbcoreGenre%23variety">Variety</genre>
  <genre authority="pbcore" valueURI="http://pbcore.org/vocabularies/pbcoreGenre%23community">Community</genre>
  <originInfo>
    <dateIssued encoding="edtf">2002-04-14</dateIssued>
  </originInfo>
  <language>
    <languageTerm type="code">spa</languageTerm>
    <languageTerm type="text">Spanish</languageTerm>
  </language>
  
  
  <abstract>The official opening of the Spanish bilingual program at Millcreek School, which was developed in conjunction with the Spanish Academy. This episode features interviews with Gerry Gibeault, trustee from Edmonton Public Schools, who talks about the development of this program, and two teachers from Millcreek School, who discuss the backgrounds of their new Spanish students and what activities are involved in the program. Footage from the school assembly marking the opening of the program is shown, introducing the school’s vision and educational goals to parents and students. Various song and dance performances are shown, from students and professionals.</abstract>
  <subject>
    <topic>Millcreek School</topic>
  </subject>
  <subject>
    <topic>Edmonton Public Schools</topic>
  </subject>
  <subject>
    <topic>language learning</topic>
  </subject>
  <subject>
    <topic>music concert</topic>
  </subject>
  <subject>
    <topic>dance</topic>
  </subject>
  <subject>
    <topic>Gibeault, Gerry</topic>
  </subject>
  <subject>
    <topic>música de protesta, Venezuela</topic>
  </subject>
  <subject>
    <topic>política salvadoreña</topic>
  </subject>
  <subject>
    <topic>fiesta solidaria</topic>
  </subject>
  <subject>
    <topic>concierto musical</topic>
  </subject>
  <subject>
    <topic>comunidad salvadoreña en Canadá</topic>
  </subject>
  <subject>
    <topic>comunidad latina en Canadá</topic>
  </subject>
  <subject>
    <topic>FMLN, evento</topic>
  </subject>
  <subject>
    <topic>Los Guaraguao</topic>
  </subject>
  <subject>
    <geographic>Edmonton</geographic>
  </subject>
  
  <accessCondition type="use and reproduction">http://creativecommons.org/licenses/by/4.0/</accessCondition>
  <recordInfo>
    <recordOrigin>Avalon Media System</recordOrigin>
    <recordContentSource>IEN</recordContentSource>
    <recordCreationDate>20180703</recordCreationDate>
    <recordChangeDate>2018-07-03T13:15:47-06:00</recordChangeDate>
    
    <languageOfCataloging>
      <languageTerm authority="iso639-2b" type="code">eng</languageTerm>
    </languageOfCataloging>
    <recordIdentifier source="Fedora">avalon:13894</recordIdentifier>
  </recordInfo>
<physicalDescription><internetMediaType>video/quicktime</internetMediaType></physicalDescription><location><url access="object in context"/></location></mods>