<?xml version="1.0" encoding="UTF-8"?><mods xmlns:xsi="http://www.w3.org/2001/XMLSchema-instance" xmlns="http://www.loc.gov/mods/v3" xsi:schemaLocation="http://www.loc.gov/mods/v3 http://www.loc.gov/standards/mods/v3/mods-3-4.xsd">
  <titleInfo usage="primary">
    <title>World Music Sampler 2011</title>
  </titleInfo>
  <name type="personal" usage="primary">
    <namePart>Indian Music Ensemble</namePart>
    <role>
      <roleTerm authority="marcrelator" type="code">cre</roleTerm>
      <roleTerm authority="marcrelator" type="text">Creator</roleTerm>
    </role>
  </name>
  <name type="personal" usage="primary">
    <namePart>West African Music Ensemble</namePart>
    <role>
      <roleTerm authority="marcrelator" type="code">cre</roleTerm>
      <roleTerm authority="marcrelator" type="text">Creator</roleTerm>
    </role>
  </name>
  <name type="personal" usage="primary">
    <namePart>Middle Eastern &amp; North African Music Ensemble</namePart>
    <role>
      <roleTerm authority="marcrelator" type="code">cre</roleTerm>
      <roleTerm authority="marcrelator" type="text">Creator</roleTerm>
    </role>
  </name>
  <genre authority="pbcore" valueURI="http://pbcore.org/vocabularies/pbcoreGenre%23music">Music</genre>
  <originInfo>
    <dateIssued encoding="edtf">2011-11-26</dateIssued>
  </originInfo>
  <language>
    <languageTerm type="code">zxx</languageTerm>
    <languageTerm type="text">No linguistic content</languageTerm>
  </language>
  
  
  <accessCondition type="use and reproduction">This audiovisual content is being provided solely for educational use and research, pursuant to exceptions in the Canadian Copyright Act.  Further reproduction or distribution or other use may require additional permissions</accessCondition>
  <subject>
    <topic>World Music</topic>
  </subject>
  <subject>
    <geographic>Convocation Hall, University of Alberta</geographic>
  </subject>
  <recordInfo>
    <recordOrigin>Avalon Media System</recordOrigin>
    <recordContentSource>IEN</recordContentSource>
    <recordCreationDate>20180530</recordCreationDate>
    <recordChangeDate>2018-05-30T16:40:15-06:00</recordChangeDate>
    
    <languageOfCataloging>
      <languageTerm authority="iso639-2b" type="code">eng</languageTerm>
    </languageOfCataloging>
    <recordIdentifier source="Fedora">avalon:4926</recordIdentifier>
  </recordInfo>
  <tableOfContents>West African Music Ensemble (featuring Ghanaian guitar master Koo Nimo) -- Atsiagbekor/gbekor -- Gahu/agahu -- Gota -- Indian Music Ensemble: Music from the Divine -- A series of Devotional Songs: Ganesh Vandana; Ram Bhajan; Hari Bhajan -- Tabla and Sitar Recital: Raag Bhupali; Tintal (performed by the Sitar and Tabla Students) -- Qawwali (performed by the Voice Students) / Amir Khusro -- Middle Eastern and North African Music Ensemble -- Fika kulla ma ara hasan (Arab mashriq)(featuring Jenny Boutros) / traditional Muwashshah --  Habbaytak (Lebanese)(featuring Rana El Kadi and Reem Skeik) / Ziad Rahbani; Lyrics by Joseph Hard -- Al Ghourba (Nubian Egyptian) / Ali Hassan Kuban -- Bote chin (Iranian)(featuring Kioumars Poorhaydari) / Ali-Akbar Shayda -- Da Magri (featuring Hoshyar Waissi) / traditional Kurdish -- Habibi Dyali (featuring Samira ElAtia) / traditional Moroccan -- Ya Mal al-Sham (featuring Tony Abinader) / traditional Syrian</tableOfContents>
<physicalDescription><internetMediaType>video/mp4</internetMediaType></physicalDescription></mods>