<?xml version="1.0" encoding="UTF-8"?><mods xmlns:xsi="http://www.w3.org/2001/XMLSchema-instance" xmlns="http://www.loc.gov/mods/v3" xsi:schemaLocation="http://www.loc.gov/mods/v3 http://www.loc.gov/standards/mods/v3/mods-3-4.xsd">
  <titleInfo usage="primary">
    <title>Programa Nosotros [raw footage], 2003, Salvador Allende Cup 2003</title>
  </titleInfo>
  <name type="personal">
    <namePart>Azocar, Medardo (Tio Lito)</namePart>
    <role>
      <roleTerm authority="marcrelator" type="code">ctb</roleTerm>
      <roleTerm authority="marcrelator" type="text">Contributor</roleTerm>
    </role>
  </name>
  <genre authority="pbcore" valueURI="http://pbcore.org/vocabularies/pbcoreGenre%23variety">Variety</genre>
  <genre authority="pbcore" valueURI="http://pbcore.org/vocabularies/pbcoreGenre%23community">Community</genre>
  <originInfo>
    <dateIssued encoding="edtf">2003-09-30</dateIssued>
  </originInfo>
  <language>
    <languageTerm type="code">spa</languageTerm>
    <languageTerm type="text">Spanish</languageTerm>
  </language>
  <language>
    <languageTerm type="code">eng</languageTerm>
    <languageTerm type="text">English</languageTerm>
  </language>
  
  
  <abstract>Tio Lito Azocar reports from the opening of a sports tournament organized by the Chilean community in Edmonton and Calgary in commemoration of the 30th anniversary of the Chilean coup d’etat and the death of president Salvador Allende. Rolando Vergara, representative from the organizing committee that planned all the events for the commemoration, gives a speech about how the Chilean community came together on this project. The director of the Chilean Sports Club, Patricio, also gives a speech about president Salvador Allende and why the tournament has been dedicated to his memory. Domingo Chavez talks the about the importance of the 30th anniversary of the death of Salvador Allende. Tio Lito Azocar interviews the president of Edmonton’s Socialist Party, Jorge Plaza, about the victims of the Chilean dictatorship which followed the death of Salvador Allende. Tio Lito also interviews Cecilia Novela who talks about representing the group Amigas, a society for Latin American women in Edmonton, and taking part in the coordinating committee that planned all the commemorative events. Also featured: a performance by the Victor Jara dance group and footage from the soccer tournament. // Related episode: Raw footage used in episode "Programa Nosotros, 5 de octubre de 2003, Salvador Allende Cup 2003" and "Programa Nosotros [raw footage], 5 de octubre de 2003, Salvador Allende Cup 2003 Extras"</abstract>
  <subject>
    <topic>Vergara, Rolando</topic>
  </subject>
  <subject>
    <topic>Plaza, Jorge</topic>
  </subject>
  <subject>
    <topic>Novela, Cecilia</topic>
  </subject>
  <subject>
    <topic>Chilean-Canadians</topic>
  </subject>
  <subject>
    <topic>politics</topic>
  </subject>
  <subject>
    <topic>dictatorship</topic>
  </subject>
  <subject>
    <topic>disappeared</topic>
  </subject>
  <subject>
    <topic>dance</topic>
  </subject>
  <subject>
    <topic>chilenos en Canadá</topic>
  </subject>
  <subject>
    <topic>dictadura</topic>
  </subject>
  <subject>
    <topic>desaparecidos</topic>
  </subject>
  <subject>
    <topic>partido socialista</topic>
  </subject>
  <subject>
    <topic>bailes</topic>
  </subject>
  <subject>
    <topic>fútbol</topic>
  </subject>
  <subject>
    <topic>aniversario</topic>
  </subject>
  <subject>
    <topic>conmemoración</topic>
  </subject>
  <subject>
    <topic>deportes</topic>
  </subject>
  <subject>
    <topic>Club Deportivo de Chile</topic>
  </subject>
  <subject>
    <topic>Chilean Sports Club</topic>
  </subject>
  <subject>
    <topic>Chilean Socialist Party</topic>
  </subject>
  <subject>
    <topic>Agrupación Amigas</topic>
  </subject>
  <subject>
    <topic>Grupo Víctor Jara</topic>
  </subject>
  <subject>
    <geographic>Chile</geographic>
  </subject>
  <relatedItem type="original">
    <identifier type="other">940904</identifier>
  </relatedItem>
  
  <accessCondition type="use and reproduction">http://creativecommons.org/licenses/by/4.0/</accessCondition>
  <recordInfo>
    <recordOrigin>Avalon Media System</recordOrigin>
    <recordContentSource>IEN</recordContentSource>
    <recordCreationDate>20180703</recordCreationDate>
    <recordChangeDate>2018-07-03T13:14:42-06:00</recordChangeDate>
    
    <languageOfCataloging>
      <languageTerm authority="iso639-2b" type="code">eng</languageTerm>
    </languageOfCataloging>
    <recordIdentifier source="Fedora">avalon:13888</recordIdentifier>
  </recordInfo>
<physicalDescription><internetMediaType>video/quicktime</internetMediaType></physicalDescription><location><url access="object in context"/></location></mods>