<?xml version="1.0" encoding="UTF-8"?><mods xmlns:xsi="http://www.w3.org/2001/XMLSchema-instance" xmlns="http://www.loc.gov/mods/v3" xsi:schemaLocation="http://www.loc.gov/mods/v3 http://www.loc.gov/standards/mods/v3/mods-3-4.xsd">
  <titleInfo usage="primary">
    <title>Pipes Spectacular! The World's Largest Organ Concert II</title>
  </titleInfo>
  <name type="personal" usage="primary">
    <namePart>Various</namePart>
    <role>
      <roleTerm authority="marcrelator" type="code">cre</roleTerm>
      <roleTerm authority="marcrelator" type="text">Creator</roleTerm>
    </role>
  </name>
  <genre authority="pbcore" valueURI="http://pbcore.org/vocabularies/pbcoreGenre%23music">Music</genre>
  <originInfo>
    <dateIssued encoding="edtf">2000-10-15</dateIssued>
  </originInfo>
  <language>
    <languageTerm type="code">lat</languageTerm>
    <languageTerm type="text">Latin</languageTerm>
  </language>
  <language>
    <languageTerm type="code">eng</languageTerm>
    <languageTerm type="text">English</languageTerm>
  </language>
  
  
  <note type="general">This audiovisual content is being provided solely for educational use and research, pursuant to exceptions in the Canadian Copyright Act.  Further reproduction or distribution or other use may require additional permissions</note>
  <subject>
    <topic>Instrumental music</topic>
  </subject>
  <subject>
    <topic>Organ music</topic>
  </subject>
  <subject>
    <topic>Bagpipe and organ music</topic>
  </subject>
  <subject>
    <topic>Saxophone and organ music</topic>
  </subject>
  <subject>
    <topic>Organ duets</topic>
  </subject>
  <subject>
    <topic>Harpischord and organ music</topic>
  </subject>
  <subject>
    <topic>Vocal music</topic>
  </subject>
  
  <recordInfo>
    <recordOrigin>Avalon Media System</recordOrigin>
    <recordContentSource>IEN</recordContentSource>
    <recordCreationDate>20180619</recordCreationDate>
    <recordChangeDate>2018-06-19T09:45:31-06:00</recordChangeDate>
    
    <languageOfCataloging>
      <languageTerm authority="iso639-2b" type="code">eng</languageTerm>
    </languageOfCataloging>
    <recordIdentifier source="Fedora">avalon:6143</recordIdentifier>
  </recordInfo>
<physicalDescription><internetMediaType>application/octet-stream</internetMediaType></physicalDescription></mods>