<?xml version="1.0" encoding="UTF-8"?><mods xmlns:xsi="http://www.w3.org/2001/XMLSchema-instance" xmlns="http://www.loc.gov/mods/v3" xsi:schemaLocation="http://www.loc.gov/mods/v3 http://www.loc.gov/standards/mods/v3/mods-3-4.xsd">
  <titleInfo usage="primary">
    <title>Visiting Artist, Trio Barocco Forte</title>
  </titleInfo>
  <name type="personal" usage="primary">
    <namePart>Trio Barocco Forte</namePart>
    <role>
      <roleTerm authority="marcrelator" type="code">cre</roleTerm>
      <roleTerm authority="marcrelator" type="text">Creator</roleTerm>
    </role>
  </name>
  <name type="personal">
    <namePart>Gracelj, Olga</namePart>
    <role>
      <roleTerm authority="marcrelator" type="code">ctb</roleTerm>
      <roleTerm authority="marcrelator" type="text">Contributor</roleTerm>
    </role>
  </name>
  <name type="personal">
    <namePart>Arnold, Stanko</namePart>
    <role>
      <roleTerm authority="marcrelator" type="code">ctb</roleTerm>
      <roleTerm authority="marcrelator" type="text">Contributor</roleTerm>
    </role>
  </name>
  <name type="personal">
    <namePart>Strmčnik, Maks</namePart>
    <role>
      <roleTerm authority="marcrelator" type="code">ctb</roleTerm>
      <roleTerm authority="marcrelator" type="text">Contributor</roleTerm>
    </role>
  </name>
  <genre authority="pbcore" valueURI="http://pbcore.org/vocabularies/pbcoreGenre%23music">Music</genre>
  <originInfo>
    <dateIssued encoding="edtf">1999-02-09</dateIssued>
  </originInfo>
  <language>
    <languageTerm type="code">zxx</languageTerm>
    <languageTerm type="text">No linguistic content</languageTerm>
  </language>
  
  
  <note type="venue">Performance location: Convocation Hall, University of Alberta</note>
  <subject>
    <topic>Vocal music</topic>
  </subject>
  <subject>
    <topic>Instrumental music</topic>
  </subject>
  <subject>
    <topic>Trumpet and organ music</topic>
  </subject>
  <accessCondition type="use and reproduction">This audiovisual content is being provided solely for educational use and research, pursuant to exceptions in the Canadian Copyright Act.  Further reproduction or distribution or other use may require additional permissions</accessCondition>
  <recordInfo>
    <recordOrigin>Avalon Media System</recordOrigin>
    <recordContentSource>IEN</recordContentSource>
    <recordCreationDate>20180628</recordCreationDate>
    <recordChangeDate>2018-06-28T10:46:08-06:00</recordChangeDate>
    
    <languageOfCataloging>
      <languageTerm authority="iso639-2b" type="code">eng</languageTerm>
    </languageOfCataloging>
    <recordIdentifier source="Fedora">avalon:13511</recordIdentifier>
  </recordInfo>
<physicalDescription><internetMediaType>audio/x-wav</internetMediaType></physicalDescription></mods>