<?xml version="1.0" encoding="UTF-8"?><mods xmlns:xsi="http://www.w3.org/2001/XMLSchema-instance" xmlns="http://www.loc.gov/mods/v3" xsi:schemaLocation="http://www.loc.gov/mods/v3 http://www.loc.gov/standards/mods/v3/mods-3-4.xsd">
  <titleInfo usage="primary">
    <title>Programa Nosotros [fragmento], [septiembre de 2003], Conmemoración de los 30 años del golpe militar Chileno</title>
  </titleInfo>
  <name type="personal" usage="primary">
    <namePart>Azocar, Medardo (Tio Lito)</namePart>
    <role>
      <roleTerm authority="marcrelator" type="code">cre</roleTerm>
      <roleTerm authority="marcrelator" type="text">Creator</roleTerm>
    </role>
  </name>
  <name type="personal">
    <namePart>Azocar, Medardo (Tio Lito)</namePart>
    <role>
      <roleTerm authority="marcrelator" type="code">ctb</roleTerm>
      <roleTerm authority="marcrelator" type="text">Contributor</roleTerm>
    </role>
  </name>
  <genre authority="pbcore" valueURI="http://pbcore.org/vocabularies/pbcoreGenre%23variety">Variety</genre>
  <genre authority="pbcore" valueURI="http://pbcore.org/vocabularies/pbcoreGenre%23community">Community</genre>
  <originInfo>
    <dateIssued encoding="edtf">2003</dateIssued>
  </originInfo>
  <language>
    <languageTerm type="code">spa</languageTerm>
    <languageTerm type="text">Spanish</languageTerm>
  </language>
  
  
  <abstract>Tio Lito Azocar speaks with guests during the last day of the commemoration of the 30 years of military dictatorship in Chile, including Alejandra Cifuentes, a young Chilean-Canadian pianist, about why she traveled from Montreal to participate in Edmonton's commemoration of Chilean history and the importance of her Chilean roots. Tio Lito also speaks with the president of Edmonton's chapter of Comando de exonerados políticos de Chile, Juan Reimber. // Related episode: "Programa Nosotros [raw footage], [septiembre de 2003], Conmemoración del 30 Aniversario de la Dictadura en Chile.</abstract>
  <note type="general">No credits.</note>
  <subject>
    <topic>Chilean-Canadians</topic>
  </subject>
  <subject>
    <topic>dictatorship</topic>
  </subject>
  <subject>
    <topic>Canadian artists</topic>
  </subject>
  <subject>
    <topic>Cifuentes, Alejandra</topic>
  </subject>
  <subject>
    <topic>Reimber, Juan</topic>
  </subject>
  <subject>
    <topic>Sociedad Azteca Mexico Internacional</topic>
  </subject>
  <subject>
    <topic>danza folklórica, México</topic>
  </subject>
  <subject>
    <geographic>Chile</geographic>
  </subject>
  <relatedItem type="original">
    <identifier type="other">970829</identifier>
  </relatedItem>
  
  <accessCondition type="use and reproduction">http://creativecommons.org/licenses/by/4.0/</accessCondition>
  <recordInfo>
    <recordOrigin>Avalon Media System</recordOrigin>
    <recordContentSource>IEN</recordContentSource>
    <recordCreationDate>20180703</recordCreationDate>
    <recordChangeDate>2018-07-03T13:28:32-06:00</recordChangeDate>
    
    <languageOfCataloging>
      <languageTerm authority="iso639-2b" type="code">eng</languageTerm>
    </languageOfCataloging>
    <recordIdentifier source="Fedora">avalon:13966</recordIdentifier>
  </recordInfo>
<physicalDescription><internetMediaType>video/quicktime</internetMediaType></physicalDescription><location><url access="object in context"/></location></mods>