<?xml version="1.0" encoding="UTF-8"?><mods xmlns:xsi="http://www.w3.org/2001/XMLSchema-instance" xmlns="http://www.loc.gov/mods/v3" xsi:schemaLocation="http://www.loc.gov/mods/v3 http://www.loc.gov/standards/mods/v3/mods-3-4.xsd">
  <titleInfo usage="primary">
    <title>Programa Nosotros, diciembre de 2004, Christmas Puppet Show</title>
  </titleInfo>
  <name type="personal" usage="primary">
    <namePart>Unknown</namePart>
    <role>
      <roleTerm authority="marcrelator" type="code">cre</roleTerm>
      <roleTerm authority="marcrelator" type="text">Creator</roleTerm>
    </role>
  </name>
  <genre authority="pbcore" valueURI="http://pbcore.org/vocabularies/pbcoreGenre%23variety">Variety</genre>
  <genre authority="pbcore" valueURI="http://pbcore.org/vocabularies/pbcoreGenre%23community">Community</genre>
  <originInfo>
    <dateIssued encoding="edtf">2004</dateIssued>
  </originInfo>
  <language>
    <languageTerm type="code">spa</languageTerm>
    <languageTerm type="text">Spanish</languageTerm>
  </language>
  
  
  <abstract>A Christmas special featuring a puppet show that includes "El burrito sabanero" and a Spanish version of Rudolph the Red-nosed Reindeer ("Rodolfo el reno de la nariz rojo") and the popular Latin American song “El burrito de Belén.” Also featured are music performances by Armando Munguía, Jorge Vargas, and Hugo de Burgos, and a demonstration of the Peruvian dance, the huayno, by Megan Jones.</abstract>
  <subject>
    <topic>Christmas</topic>
  </subject>
  <subject>
    <topic>children's theatre</topic>
  </subject>
  <subject>
    <topic>music concert</topic>
  </subject>
  <subject>
    <topic>dance</topic>
  </subject>
  <subject>
    <topic>culture</topic>
  </subject>
  <subject>
    <topic>religion</topic>
  </subject>
  <subject>
    <topic>Vargas, Jorge</topic>
  </subject>
  <subject>
    <topic>Munguía, Armando</topic>
  </subject>
  <subject>
    <topic>de Burgos, Hugo</topic>
  </subject>
  <subject>
    <topic>Jones, Megan</topic>
  </subject>
  <subject>
    <topic>Navidad</topic>
  </subject>
  <subject>
    <topic>concierto musical</topic>
  </subject>
  <subject>
    <topic>chilenos en Canadá</topic>
  </subject>
  <subject>
    <topic>cultura</topic>
  </subject>
  <subject>
    <topic>música folklórica</topic>
  </subject>
  <subject>
    <topic>música andina</topic>
  </subject>
  <subject>
    <topic>Jauapi Llajta</topic>
  </subject>
  <subject>
    <geographic>Peru</geographic>
  </subject>
  
  <accessCondition type="use and reproduction">http://creativecommons.org/licenses/by/4.0/</accessCondition>
  <recordInfo>
    <recordOrigin>Avalon Media System</recordOrigin>
    <recordContentSource>IEN</recordContentSource>
    <recordCreationDate>20180703</recordCreationDate>
    <recordChangeDate>2018-07-03T13:26:54-06:00</recordChangeDate>
    
    <languageOfCataloging>
      <languageTerm authority="iso639-2b" type="code">eng</languageTerm>
    </languageOfCataloging>
    <recordIdentifier source="Fedora">avalon:13958</recordIdentifier>
  </recordInfo>
<physicalDescription><internetMediaType>video/quicktime</internetMediaType></physicalDescription><location><url access="object in context"/></location></mods>