<?xml version="1.0" encoding="UTF-8"?><mods xmlns:xsi="http://www.w3.org/2001/XMLSchema-instance" xmlns="http://www.loc.gov/mods/v3" xsi:schemaLocation="http://www.loc.gov/mods/v3 http://www.loc.gov/standards/mods/v3/mods-3-4.xsd">
  <titleInfo usage="primary">
    <title>Programa Nosotros, 29 de febrero de 2004, Los Guaraguao en L.A.</title>
  </titleInfo>
  <name type="personal" usage="primary">
    <namePart>Azocar, Medardo (Tio Lito)</namePart>
    <role>
      <roleTerm authority="marcrelator" type="code">cre</roleTerm>
      <roleTerm authority="marcrelator" type="text">Creator</roleTerm>
    </role>
  </name>
  <name type="personal">
    <namePart>Vergara, Germán</namePart>
    <role>
      <roleTerm authority="marcrelator" type="code">ctb</roleTerm>
      <roleTerm authority="marcrelator" type="text">Contributor</roleTerm>
    </role>
  </name>
  <genre authority="pbcore" valueURI="http://pbcore.org/vocabularies/pbcoreGenre%23variety">Variety</genre>
  <genre authority="pbcore" valueURI="http://pbcore.org/vocabularies/pbcoreGenre%23community">Community</genre>
  <originInfo>
    <dateIssued encoding="edtf">2004-03-07</dateIssued>
  </originInfo>
  <language>
    <languageTerm type="code">spa</languageTerm>
    <languageTerm type="text">Spanish</languageTerm>
  </language>
  
  
  <abstract>In anticipation of Los Guaraguao’s Edmonton performance, Programa Nostoros plays some clips from Los Guaraguao in concert in Los Angeles. The songs featured are: “Juventud siempre palante,” “Cancion para todos,” and “No basta rezar.” Hugo de Burgos talks about the history of the Venezuelan band Los Guaraguao. One of the organizers of the L.A. concert, from the Salvadorean American Association in California (SANA) sends a greeting to all the Canadian Salvadoreans.</abstract>
  <subject>
    <topic>Salvadorean Americans</topic>
  </subject>
  <subject>
    <topic>Salvadorean-Canadians</topic>
  </subject>
  <subject>
    <topic>culture</topic>
  </subject>
  <subject>
    <topic>de Burgos, Hugo</topic>
  </subject>
  <subject>
    <topic>Marroquín, Jorge</topic>
  </subject>
  <subject>
    <topic>Grupo Amabana</topic>
  </subject>
  <subject>
    <geographic>Venezuela</geographic>
  </subject>
  <subject>
    <geographic>Los Angeles</geographic>
  </subject>
  
  <accessCondition type="use and reproduction">http://creativecommons.org/licenses/by/4.0/</accessCondition>
  <recordInfo>
    <recordOrigin>Avalon Media System</recordOrigin>
    <recordContentSource>IEN</recordContentSource>
    <recordCreationDate>20180703</recordCreationDate>
    <recordChangeDate>2018-07-03T13:18:33-06:00</recordChangeDate>
    
    <languageOfCataloging>
      <languageTerm authority="iso639-2b" type="code">eng</languageTerm>
    </languageOfCataloging>
    <recordIdentifier source="Fedora">avalon:13910</recordIdentifier>
  </recordInfo>
<physicalDescription><internetMediaType>video/quicktime</internetMediaType></physicalDescription><location><url access="object in context"/></location></mods>