<?xml version="1.0" encoding="UTF-8"?><mods xmlns:xsi="http://www.w3.org/2001/XMLSchema-instance" xmlns="http://www.loc.gov/mods/v3" xsi:schemaLocation="http://www.loc.gov/mods/v3 http://www.loc.gov/standards/mods/v3/mods-3-4.xsd">
  <titleInfo usage="primary">
    <title>Patron Perpetrated Sexual Harassment at the Public Library</title>
  </titleInfo>
  <name type="personal" usage="primary">
    <namePart>Lieu, Angela</namePart>
    <role>
      <roleTerm authority="marcrelator" type="code">cre</roleTerm>
      <roleTerm authority="marcrelator" type="text">Creator</roleTerm>
    </role>
  </name>
  <genre authority="pbcore" valueURI="http://pbcore.org/vocabularies/pbcoreGenre%23educational">Educational</genre>
  <originInfo>
    <dateIssued encoding="edtf">2018</dateIssued>
  </originInfo>
  <language>
    <languageTerm type="code">eng</languageTerm>
    <languageTerm type="text">English</languageTerm>
  </language>
  
  
  <abstract>Third-party sexual harassment, perpetrated against employees by individuals external to their employing organization, is a serious and all too common issue faced by employees in service-oriented occupations. This includes sexual harassment of library employees by library patrons. Studies in service-oriented industries, such as retail and hospitality, have demonstrated that most instances of patron-perpetrated sexual harassment go unreported, and that employees often feel obligated to react to these occurrences with informal responses that often further perpetuate the problem. This presentation will explore some of the factors that contribute to the prevalence of patron-perpetrated sexual harassment in libraries, as well as factors that cause the issue to be under-reported and under-addressed in LIS workplaces, education, and literature. It will also provide suggestions on how library workers and administrators can recognize, address, and prevent patron-perpetrated sexual harassment in their workplaces.</abstract>
  <subject>
    <topic>Sexual harassment</topic>
  </subject>
  <subject>
    <topic>Library employees</topic>
  </subject>
  <subject>
    <topic>Workplace safety</topic>
  </subject>
  
  <accessCondition type="use and reproduction">http://creativecommons.org/licenses/by/4.0/</accessCondition>
  <recordInfo>
    <recordOrigin>Avalon Media System</recordOrigin>
    <recordContentSource>IEN</recordContentSource>
    <recordCreationDate>20180329</recordCreationDate>
    <recordChangeDate>2018-03-29T14:15:25-06:00</recordChangeDate>
    
    <languageOfCataloging>
      <languageTerm authority="iso639-2b" type="code">eng</languageTerm>
    </languageOfCataloging>
    <recordIdentifier source="Fedora">avalon:4372</recordIdentifier>
  </recordInfo>
<physicalDescription><internetMediaType>video/mp4</internetMediaType></physicalDescription><location><url access="object in context"/></location></mods>