<?xml version="1.0" encoding="UTF-8"?><mods xmlns:xsi="http://www.w3.org/2001/XMLSchema-instance" xmlns="http://www.loc.gov/mods/v3" xsi:schemaLocation="http://www.loc.gov/mods/v3 http://www.loc.gov/standards/mods/v3/mods-3-4.xsd">
  <titleInfo usage="primary">
    <title>Programa Nosotros, enero de 1994, Chilean Independence Day</title>
  </titleInfo>
  <name type="personal" usage="primary">
    <namePart>Unknown</namePart>
    <role>
      <roleTerm authority="marcrelator" type="code">cre</roleTerm>
      <roleTerm authority="marcrelator" type="text">Creator</roleTerm>
    </role>
  </name>
  <genre authority="pbcore" valueURI="http://pbcore.org/vocabularies/pbcoreGenre%23variety">Variety</genre>
  <genre authority="pbcore" valueURI="http://pbcore.org/vocabularies/pbcoreGenre%23community">Community</genre>
  <originInfo>
    <dateIssued encoding="edtf">1994-01-01</dateIssued>
    <dateCreated encoding="edtf">1994-01-01</dateCreated>
  </originInfo>
  <language>
    <languageTerm type="code">spa</languageTerm>
    <languageTerm type="text">Spanish</languageTerm>
  </language>
  
  
  <abstract>Chilean Independence Day celebration at the Iglesia Nuestra Señora de Guadalupe in Edmonton, including music and dance performances, and religious sermons.</abstract>
  <subject>
    <topic>independence day--Chile</topic>
  </subject>
  <subject>
    <topic>Chilean-Canadians</topic>
  </subject>
  <subject>
    <topic>catholic church</topic>
  </subject>
  <subject>
    <topic>mass</topic>
  </subject>
  <subject>
    <topic>culture</topic>
  </subject>
  <subject>
    <topic>República Dominicana, historia</topic>
  </subject>
  <subject>
    <topic>República Dominicana, literatura</topic>
  </subject>
  <subject>
    <topic>República Dominicana, cultura</topic>
  </subject>
  <subject>
    <geographic>Chile</geographic>
  </subject>
  <relatedItem type="original">
    <identifier type="other">960542</identifier>
  </relatedItem>
  
  <accessCondition type="use and reproduction">http://creativecommons.org/licenses/by/4.0/</accessCondition>
  <recordInfo>
    <recordOrigin>Avalon Media System</recordOrigin>
    <recordContentSource>IEN</recordContentSource>
    <recordCreationDate>20180703</recordCreationDate>
    <recordChangeDate>2018-07-03T13:11:52-06:00</recordChangeDate>
    
    <languageOfCataloging>
      <languageTerm authority="iso639-2b" type="code">eng</languageTerm>
    </languageOfCataloging>
    <recordIdentifier source="Fedora">avalon:13874</recordIdentifier>
  </recordInfo>
<physicalDescription><internetMediaType>video/quicktime</internetMediaType></physicalDescription><location><url access="object in context"/></location></mods>