<?xml version="1.0" encoding="UTF-8"?><mods xmlns:xsi="http://www.w3.org/2001/XMLSchema-instance" xmlns="http://www.loc.gov/mods/v3" xsi:schemaLocation="http://www.loc.gov/mods/v3 http://www.loc.gov/standards/mods/v3/mods-3-4.xsd">
  <titleInfo usage="primary">
    <title>An Evening with Edward Snowden on Security, Public Life and Research</title>
  </titleInfo>
  <name type="personal" usage="primary">
    <namePart>Edward Snowden</namePart>
    <role>
      <roleTerm authority="marcrelator" type="code">cre</roleTerm>
      <roleTerm authority="marcrelator" type="text">Creator</roleTerm>
    </role>
  </name>
  <name type="personal">
    <namePart>Kule Institute for Advanced Study</namePart>
    <role>
      <roleTerm authority="marcrelator" type="code">ctb</roleTerm>
      <roleTerm authority="marcrelator" type="text">Contributor</roleTerm>
    </role>
  </name>
  <name type="personal">
    <namePart>Office of the Vice-Provost (Information Services &amp; Technology)</namePart>
    <role>
      <roleTerm authority="marcrelator" type="code">ctb</roleTerm>
      <roleTerm authority="marcrelator" type="text">Contributor</roleTerm>
    </role>
  </name>
  <name type="personal">
    <namePart>Chester Ronning Centre for the Study of Religion and Public Life</namePart>
    <role>
      <roleTerm authority="marcrelator" type="code">ctb</roleTerm>
      <roleTerm authority="marcrelator" type="text">Contributor</roleTerm>
    </role>
  </name>
  <genre authority="pbcore" valueURI="http://pbcore.org/vocabularies/pbcoreGenre%23talk">Talk</genre>
  <genre authority="pbcore" valueURI="http://pbcore.org/vocabularies/pbcoreGenre%23public-affairs">Public Affairs</genre>
  <originInfo>
    
    
  <dateIssued encoding="edtf">2018-03-27</dateIssued><dateCreated encoding="edtf">2018-03-27</dateCreated></originInfo>
  <language>
    <languageTerm type="code">eng</languageTerm>
    <languageTerm type="text">English</languageTerm>
  </language>
  
  
  <note type="general">TERMS OF USE: All Rights Reserved. No part of this recording may be reproduced, distributed, or transmitted in any form or by any means, including screen/audio capture, recording, or other electronic or mechanical methods</note>
  <subject>
    <topic>Electronic Surveillance</topic>
  </subject>
  <subject>
    <topic>Security</topic>
  </subject>
  
  
  <accessCondition type="use and reproduction">All rights reserved. No part of this recording may be reproduced, distributed, or transmitted in any form or by any means, including screen/audio capture, recording, or other electronic or mechanical methods</accessCondition>
  <recordInfo>
    <recordOrigin>Avalon Media System</recordOrigin>
    <recordContentSource>IEN</recordContentSource>
    <recordCreationDate>20180411</recordCreationDate>
    <recordChangeDate>2018-04-17T10:13:07-06:00</recordChangeDate>
    
    <languageOfCataloging>
      <languageTerm authority="iso639-2b" type="code">eng</languageTerm>
    </languageOfCataloging>
    <recordIdentifier source="Fedora">avalon:4413</recordIdentifier>
  </recordInfo>
<physicalDescription><internetMediaType>video/mp4</internetMediaType></physicalDescription><location><url access="object in context"/></location></mods>