<?xml version="1.0" encoding="UTF-8"?><mods xmlns:xsi="http://www.w3.org/2001/XMLSchema-instance" xmlns="http://www.loc.gov/mods/v3" xsi:schemaLocation="http://www.loc.gov/mods/v3 http://www.loc.gov/standards/mods/v3/mods-3-4.xsd">
  <titleInfo usage="primary">
    <title>Programa Nosotros, 18 de julio de 2004, The History of Edmonton's Heritage Festival</title>
  </titleInfo>
  <name type="personal" usage="primary">
    <namePart>Azocar, Medardo (Tio Lito)</namePart>
    <role>
      <roleTerm authority="marcrelator" type="code">cre</roleTerm>
      <roleTerm authority="marcrelator" type="text">Creator</roleTerm>
    </role>
  </name>
  <name type="personal">
    <namePart>Azocar, Sandra</namePart>
    <role>
      <roleTerm authority="marcrelator" type="code">ctb</roleTerm>
      <roleTerm authority="marcrelator" type="text">Contributor</roleTerm>
    </role>
  </name>
  <genre authority="pbcore" valueURI="http://pbcore.org/vocabularies/pbcoreGenre%23variety">Variety</genre>
  <genre authority="pbcore" valueURI="http://pbcore.org/vocabularies/pbcoreGenre%23community">Community</genre>
  <originInfo>
    <dateIssued encoding="edtf">2004-07-25</dateIssued>
  </originInfo>
  <language>
    <languageTerm type="code">spa</languageTerm>
    <languageTerm type="text">Spanish</languageTerm>
  </language>
  
  
  <abstract>Sandra Azocar interviews Jack Little, executive director of Edmonton’s Heritage Festival, and Angela Cid, a member of Edmonton's Dominican community. Jack Little talks about the history of the festival and how its contributes to the city. Angela Cid discusses the success of a recent charity fundraiser held by the Dominican community. The episode also includes a special feature taken from the Chilean media: an interview with Ángel Parra is presented. Ángel talks about the musical legacy of his family and their cultural importance in Chile.</abstract>
  <subject>
    <topic>Edmonton Heritage Festival</topic>
  </subject>
  <subject>
    <topic>The Dominican Republic</topic>
  </subject>
  <subject>
    <topic>Dominican-Canadians</topic>
  </subject>
  <subject>
    <topic>Little, Jack</topic>
  </subject>
  <subject>
    <topic>Cid, Angela</topic>
  </subject>
  <subject>
    <topic>Secretaría de Comunicación y Cultura, Chile</topic>
  </subject>
  <subject>
    <topic>escuelas</topic>
  </subject>
  <subject>
    <topic>educación</topic>
  </subject>
  <subject>
    <topic>salud pública</topic>
  </subject>
  <subject>
    <topic>concierto musical</topic>
  </subject>
  <subject>
    <topic>Los Galos</topic>
  </subject>
  <subject>
    <geographic>Chile</geographic>
  </subject>
  <subject>
    <geographic>Dominican Republic</geographic>
  </subject>
  
  <accessCondition type="use and reproduction">http://creativecommons.org/licenses/by/4.0/</accessCondition>
  <recordInfo>
    <recordOrigin>Avalon Media System</recordOrigin>
    <recordContentSource>IEN</recordContentSource>
    <recordCreationDate>20180703</recordCreationDate>
    <recordChangeDate>2018-07-03T13:30:36-06:00</recordChangeDate>
    
    <languageOfCataloging>
      <languageTerm authority="iso639-2b" type="code">eng</languageTerm>
    </languageOfCataloging>
    <recordIdentifier source="Fedora">avalon:13974</recordIdentifier>
  </recordInfo>
<physicalDescription><internetMediaType>video/quicktime</internetMediaType></physicalDescription><location><url access="object in context"/></location></mods>