<?xml version="1.0" encoding="UTF-8"?><mods xmlns:xsi="http://www.w3.org/2001/XMLSchema-instance" xmlns="http://www.loc.gov/mods/v3" xsi:schemaLocation="http://www.loc.gov/mods/v3 http://www.loc.gov/standards/mods/v3/mods-3-4.xsd">
  <titleInfo usage="primary">
    <title>Programa Nosotros, [Octubre de 1997] , Gabriela Mistral Latin American School</title>
  </titleInfo>
  <name type="personal" usage="primary">
    <namePart>Unknown</namePart>
    <role>
      <roleTerm authority="marcrelator" type="code">cre</roleTerm>
      <roleTerm authority="marcrelator" type="text">Creator</roleTerm>
    </role>
  </name>
  <genre authority="pbcore" valueURI="http://pbcore.org/vocabularies/pbcoreGenre%23variety">Variety</genre>
  <genre authority="pbcore" valueURI="http://pbcore.org/vocabularies/pbcoreGenre%23community">Community</genre>
  <originInfo>
    <dateIssued encoding="edtf">1997-10-uu</dateIssued>
    <dateCreated encoding="edtf">1997-10-uu</dateCreated>
  </originInfo>
  <language>
    <languageTerm type="code">spa</languageTerm>
    <languageTerm type="text">Spanish</languageTerm>
  </language>
  
  
  <abstract>Footage from a music and dance festival organized by the Gabriela Mistral Latin American School at the Alberta Provincial Museum Theatre (Royal Alberta Museum). The festival was organized to celebrate the school's 10th anniversary and features an eclectic mix of dancing and music performances from across Latin America. Brief interviews with the organizers of the event appear at the end.</abstract>
  <note type="general">No credits. Unedited footage.</note>
  <subject>
    <topic>Gabriela Mistral Latin American School</topic>
  </subject>
  <subject>
    <topic>music concert</topic>
  </subject>
  <subject>
    <topic>dance</topic>
  </subject>
  <subject>
    <topic>traditional dance</topic>
  </subject>
  <subject>
    <topic>performance</topic>
  </subject>
  <subject>
    <topic>cultural festival</topic>
  </subject>
  <subject>
    <topic>diversity</topic>
  </subject>
  <subject>
    <topic>pan-latino identity</topic>
  </subject>
  <subject>
    <topic>cultural diversity in Latin America</topic>
  </subject>
  <subject>
    <topic>culture</topic>
  </subject>
  <subject>
    <topic>Ramírez, Rosa Elena</topic>
  </subject>
  <subject>
    <topic>Lolita</topic>
  </subject>
  <subject>
    <topic>Vexiga, María</topic>
  </subject>
  <subject>
    <topic>Salegio, Maurico</topic>
  </subject>
  <subject>
    <topic>Centro Ecuatoriano en Edmonton</topic>
  </subject>
  <subject>
    <topic>Ecuador, danza</topic>
  </subject>
  <subject>
    <topic>Ecuador</topic>
  </subject>
  <subject>
    <topic>vestimentas tradicionales</topic>
  </subject>
  <subject>
    <topic>Ecuador, geografia</topic>
  </subject>
  <subject>
    <topic>Ecuador, artesanías</topic>
  </subject>
  <subject>
    <topic>Ecuador</topic>
  </subject>
  <subject>
    <topic>población</topic>
  </subject>
  <subject>
    <topic>El Montuvio, danza</topic>
  </subject>
  <subject>
    <topic>Río Amazonas, grupo deportivo</topic>
  </subject>
  <subject>
    <geographic>Latin America</geographic>
  </subject>
  <subject>
    <geographic>Edmonton</geographic>
  </subject>
  <relatedItem type="original">
    <identifier type="other">960247</identifier>
  </relatedItem>
  
  <accessCondition type="use and reproduction">http://creativecommons.org/licenses/by/4.0/</accessCondition>
  <recordInfo>
    <recordOrigin>Avalon Media System</recordOrigin>
    <recordContentSource>IEN</recordContentSource>
    <recordCreationDate>20180703</recordCreationDate>
    <recordChangeDate>2018-07-03T13:06:05-06:00</recordChangeDate>
    
    <languageOfCataloging>
      <languageTerm authority="iso639-2b" type="code">eng</languageTerm>
    </languageOfCataloging>
    <recordIdentifier source="Fedora">avalon:13854</recordIdentifier>
  </recordInfo>
<physicalDescription><internetMediaType>video/quicktime</internetMediaType></physicalDescription><location><url access="object in context"/></location></mods>