NOID	Number of Creators
bgh93gz53k	100
cvt150j31k	100
brf55z7733	98
b08612n56d	76
np193935v	51
cwm117n99n	47
4b29b655t	47
bs1784k763	43
bpz50gw08z	43
c1831ck302	41
bwp988j83g	41
bd504rk343	41
ctt44pm850	41
6395w8383	38
c2v23vt46t	37
hx11xg33q	36
jw827c93x	36
t148fm04g	36
bf1881k927	36
j098zb10q	36
bxg94hp53t	35
b6t053f966	35
cb2773w01n	34
jh343w23n	34
b2b88qc164	33
b8515p53k	28
f1881n07g	26
cxk81jk70m	26
bcf95jb495	25
bkd17cs84c	25
jq085k39p	25
b2773v791	24
btq57nr22g	24
cx059c738r	23
j6731442m	23
bvq27zn462	22
bdv13zt225	22
b6969z0788	22
bzp38wc62f	22
bh415p958z	22
1j92gb07r	22
bhm50tr74c	22
6t053g55j	22
b8336h193d	21
crn3011414	21
c3x816m616	21
qv33s065z	21
q811kj738	21
c5h73pw122	20
cfn106x94v	20
bbg257f05r	20
kd17ct84c	20
b8s45q8969	20
bhm50tr732	20
c08612n896	19
cp2676v62j	19
cpv63g0546	19
8w32r569d	19
3x816p15q	19
cjs956g204	18
cfq977t91x	18
b9880vr00c	18
td96k270f	18
mp48sf251	18
n583xv52t	18
c6h440s82z	17
c3r074v05g	17
bqn59q397q	17
cbz60cw558	17
2514np153	17
bsf2685111	17
bfq977t85v	17
brn3011380	17
bsb3978243	17
6969z1231	17
cj6731413z	17
dj52w624m	17
1g05fc06v	17
c05741r981	16
cj098zb47k	16
c3b591882t	16
cqj72p712h	16
ch415p9524	16
bsx61dm320	16
brv042t08t	16
c6t053f97j	16
chq37vn58t	16
1831ck152	16
b6682x3927	16
bc386m95t	16
bpr76f362p	16
b2z10wq252	16
ccf95jb57v	16
h989r3378	16
b3n203z23n	16
tb09j8447	16
t722h926c	16
2j62s530s	16
b7d278t136	15
c2z10wq342	15
czg64tm22r	15
t148fj62z	15
bv692t625s	15
bpc289j07d	15
v405sc18h	15
ms35t9006	15
5712m753m	15
kh04dr16p	15
m613mx70x	15
c3r074v03v	14
ctd96k286m	14
c12579s627	14
cp8418n231	14
c6969z111q	14
bx346d422q	14
bwd375w31f	14
b2v23vt417	14
q524jp88v	14
8910jw19v	14
csb397844p	14
0c483j96x	14
9k41zd655	14
q237ht41x	14
qz20ss929	14
cr494vk188	14
cjq085j97k	13
ccn69m439s	13
bv692t6207	13
bbz60cw41q	13
cw6634402j	13
b5d86p023p	13
bpg15bd90m	13
4q77fv03h	13
chm50tr74d	13
bsx61dm53v	13
b7s75dc436	13
bfq977v04k	13
76537140z	13
tb09j697v	13
h128ng223	13
xw42n809t	13
xw42n8060	13
1v53jx59q	13
b76537154z	13
vq27zp216	13
gm80hv79g	13
ng451j85h	13
1r66j242p	12
c8623hx72h	12
m039k722k	12
c02870v860	12
c6q182k15t	12
c4q77fr32f	12
cjd472w44h	12
c8623hx75f	12
c0k225b23p	12
cn296wz468	12
czg64tm28m	12
bj6731392k	12
cq811kj600	12
cdj52w501s	12
bzg64tk92d	12
bv979v322k	12
bbz60cw32r	12
b9c67wm849	12
bgb19f581f	12
cv118rd88v	12
cwh246s12c	12
3b591b13v	12
jd472w56b	12
fx719n90t	12
9g54xk13k	12
cpv63g0574	12
6108vc27c	12
v979v616w	12
qv33rw965	12
mk61rh594	12
ht24wk60c	12
b2227mp65x	12
nz806016b	12
xd07gs68j	12
pv63g156x	11
q811kj80p	11
cxd07gt020	11
c0v838063t	11
crb68xb866	11
ckh04dq00b	11
ms35t946t	11
3j333268h	11
cx633f143r	11
cwh246s50v	11
cmk61rh34m	11
cgh93gz81t	11
bh702q638j	11
d504rm42b	11
bmg74qm10n	11
mp48sf226	11
x920fx377	11
8s45q932q	11
6t053g86j	11
j6731402n	11
n009w3727	11
8049g647g	11
k3569450q	11
j6731495n	11
c1n79h4628	11
1831cm026	11
b9p290942r	11
4m90dv74b	11
8336h2492	11
zw12z6804	11
zk51vh88b	11
zc77sr33g	11
bh702q6377	11
cs7526c83r	11
mk61rh84g	11
rx913q066	11
v692t755n	11
b1r66j124w	10
c8049g5060	10
c5d86p0213	10
ckp78gg377	10
cvh53wv734	10
b4f16c291p	10
c4j03cz994	10
btm70mv29x	10
cg732d897w	10
czp38wc69n	10
cp5547r363	10
c0g354f550	10
cpc289j41p	10
k3569462h	10
cwm117p30f	10
cqv33rx01q	10
cpk02cb12f	10
c2r36tx79f	10
cz316q187r	10
cmk61rh35x	10
gq67js06p	10
cnv935311c	10
pv63g3616	10
6q182p124	10
cw3763677n	10
cs4655g56q	10
cxd07gs99d	10
bgf06g2658	10
8336h330j	10
ccz30pt04m	10
ccn69m4122	10
cnp1939180	10
2r36v021s	10
1g05ff44p	10
8s45qb01x	10
6969z130f	10
hx11xf972	10
6969z224h	10
td96k3947	10
cq811kk03h	10
qz20st080	10
tq57nr87f	10
3x816n368	10
47429b43q	10
cj82k742g	10
df65v9365	10
c247dt49c	10
brj430458d	10
8w32r580d	10
mk61rj582	10
rv042t477	10
ff3656865	10
3n203z679	10
b2801pg49w	10
jd472x34h	10
2z10wq51d	10
1831cm21d	9
4b29b729d	9
5q47rp37k	9
kw52jb89d	9
csq87bt880	9
c4x51hj04h	9
cpg15bd895	9
czg64tk92f	9
c1c18df98p	9
cm613mx866	9
cbg257f05s	9
cww72bb487	9
ch989r320t	9
c6682x393k	9
b7d278t047	9
cjw827b96t	9
c0v838074d	9
cdj52w4869	9
c6q182k30t	9
cv118rd71d	9
ctx31qh84t	9
c5q47rn964	9
cjw827b918	9
c3n203z41m	9
c6108vb52v	9
c0z708w703	9
2n49t2911	9
cx633f100q	9
cp5547r56n	9
cv692t6470	9
cdf65v817s	9
crb68xc23v	9
chm50ts201	9
hx11xf327	9
cc08hg81x	9
cq237hr93g	9
bxg94hp52h	9
bk3569432t	9
bvd66vz926	9
rb68xc41b	9
b707957658	9
rf55z907g	9
pz50gx68s	9
k930bz639	9
bhh63sw07g	9
bh989r320s	9
cn69m718j	9
bqb98mf47k	9
bsq87bt60x	9
bhh63sv88r	9
b4b29b5991	9
fj236240k	9
ht24wk25s	9
707958274	9
2j62s587x	9
5m60qt03f	9
k0698854s	9
0g354f84c	9
6w924d02x	9
mc87pr11p	9
8910jv059	9
wm117q440	9
tb09j604v	9
rr171x488	9
g158bh67c	9
9g54xj81h	9
ht24wk38v	9
cs7526c42b	9
c70795793h	9
1831ck22g	9
7m01bn15w	9
9k41zf22k	9
r781wh12k	9
9c67wn18h	9
0k225c098	9
0g354g62j	9
k06988242	9
2v23vv16s	9
bq237hs092	9
bz890rt28q	9
c7s75dc85z	9
vx021g55n	9
0r967448g	9
xg94hq72j	9
v118rh27f	9
47429b16t	9
c1n79h4595	9
7m01bk99h	9
fx719n778	9
6t053h05j	9
ckp78gg39v	9
dn39x1756	9
qn59q539n	9
2v23vv902	9
tt44pn19j	9
2z10wr667	9
ch415p957p	9
bhx11xf47g	9
jw827f02w	8
1r66j171x	8
b5644r798	8
sn00b1532	8
bft848q68c	8
rr172071n	8
mw22v555t	8
cr56n147m	8
44558f027	8
tm70mv63b	8
c9593tv13g	8
cr494vk17z	8
c00000032t	8
c05741s009	8
ccz30pt05x	8
cdn39x152z	8
ckd17cs861	8
cq237hr925	8
cg158bh29j	8
cht24wj72n	8
cqf85nb55d	8
cw0892b03k	8
cr207tp687	8
cmw22v572v	8
c4f16c309z	8
crj430483q	8
c5x21tf405	8
cmk61rg941	8
ctx31qh68h	8
c1c18df77t	8
bk06987527	8
bw0892996q	8
bbv73c0451	8
ck643b119m	8
c6682x428f	8
c0z708w553	8
c7w62f850q	8
c0r9673748	8
cjs956g232	8
cbr86b3898	8
cgx41mj247	8
c2r36tx845	8
ch989r3528	8
cvq27zn62d	8
cpg15bf218	8
cdn39x182s	8
c0z708w731	8
b5712m654p	8
bjq085j967	8
bsb3978271	8
f7623d57z	8
xg94hq832	8
xd07gt14f	8
j098zb94r	8
cf1881m096	8
qz20st06f	8
3b5918592	8
ckk91fk80q	8
f1881p43j	8
wm117r54f	8
cv692t642f	8
csx61dm663	8
c1c18df76h	8
c2z10wq20j	8
cp2676v528	8
cv979v3069	8
cr207tp32j	8
cnc580m65f	8
cdn39x179p	8
cgq67jr50j	8
c2z10wq520	8
crr171x555	8
c6t053g35h	8
cth83kz71q	8
b0z708w41j	8
btq57nr009	8
n870zr41j	8
bsf268508x	8
1544br80j	8
bz603qx439	8
ws859g348	8
bbk1289893	8
x633f206c	8
c534fr745	8
cq811kk026	8
c5x21tf700	8
b70795769h	8
b8515p511	8
f7623d47q	8
9k41zd94m	8
cp5547r541	8
cx633f1442	8
bh702q636x	8
6682x6734	8
bm613mx701	8
9880vs143	8
ns0646905	8
sb3979399	8
j098zc205	8
db78tc66f	8
6d56zx500	8
cj82k7505	8
bc386k51j	8
8w32r856z	8
cv118rd895	8
c9k41zd80c	8
s7526f95b	8
g445cf348	8
ff365573w	8
fj236384v	8
c821gk537	8
gm80hw35m	8
fj236334n	8
7d278v02b	8
fq977t883	8
rx913q90q	8
5t34sm24z	8
c247ds516	8
4x51hj57p	8
9p290967c	8
k643b131r	8
th83kz87p	8
fx719n03g	8
dn39x173n	8
sq87bv70m	8
c2n49t202n	8
c3n203z376	8
2514nm06q	8
0c483m995	8
2j62s5690	8
4f16c376t	8
j098zb80d	8
qr46r232z	8
c9593tv467	8
kh04dp88h	8
th83m0138	8
b5644s939	8
c247dt636	8
pc289k323	8
c44558d47f	8
7w62f9019	8
cf95jc262	8
x920fx202	8
4j03cz98q	8
b3484zh09z	8
3t945r88s	8
2z10wr86q	8
pk02cb25z	8
bvd66vz88s	8
bcn69m427v	8
dj52w5277	8
9z903121n	8
cc247ds38f	8
q524jp38n	8
np193916n	8
3n203z882	8
m900nv672	8
2801ph433	8
00000183z	8
b3f462550g	8
ch989r3556	8
cr781wg440	8
4q77fr67f	8
bgt54kn17q	8
2f75rb830	8
bk128b876	8
w3763681m	8
w3763807r	8
1n79h5262	8
8p58pd39d	8
w0892b14q	8
m039k5225	8
vh53ww50w	8
bgt54kn036	8
1z40kv26m	8
sn009z09x	8
z890rv151	8
rv042t31b	7
pv63g0413	7
b0k225b150	7
ms35t9562	7
0v838198x	7
b9c67wn003	7
bzw12z547q	7
c8910jt926	7
cd791sg426	7
cv692t643r	7
c1g05fb61t	7
cx346d418b	7
cdj52w468c	7
c4b29b5964	7
c12579s252	7
ccn69m4375	7
5999n492s	7
czk51vh100	7
cnk322d74p	7
ccr56n1332	7
c1j92g745x	7
ccc08hf61v	7
ck35694335	7
c4m90dv50n	7
c44558d286	7
cv118rd54s	7
c02870v93b	7
c08612n54t	7
cx920fw89d	7
c6m311p331	7
cfb4948464	7
rj4307357	7
crx913q149	7
cg158bh615	7
c2j62s520v	7
cqb98mf44p	7
c9p2909550	7
cxd07gs97s	7
cv118rd90n	7
ch415p9894	7
c41687h73w	7
cf7623c828	7
cz603qx585	7
cgt54kn25d	7
b8k71nh20w	7
j9602139j	7
f1881m72k	7
rj430574h	7
brv042t04k	7
db78td597	7
9019s3032	7
2n49t293k	7
f1881m612	7
vx021f324	7
jd472w463	7
br207tp36r	7
cd791sg41w	7
cst74cq81z	7
cvx021f518	7
cpn89d657v	7
ckd17cs85q	7
ccf95jb45z	7
c8049g505p	7
crv042t08v	7
cx633f1414	7
cp5547r55b	7
ck0698786b	7
c9880vr23w	7
c7d278t343	7
cx633f142f	7
c2n49t1992	7
cxw42n815h	7
mg74qm28w	7
b2514nk51j	7
b8336h191s	7
b8p58pc94j	7
bdv13zt24s	7
bn870zq81t	7
k930bx391	7
wh246v80t	7
bd504rk55z	7
g158bm12d	7
cr494vk16n	7
bhq37vn63h	7
1j92g9050	7
7m01bn05n	7
3j3333729	7
cst74cq83k	7
cmg74qm513	7
cc08hg06c	7
vq27zr00v	7
sq87bx281	7
c7h149p85p	7
bq237hr924	7
5h73px125	7
bt722h8854	7
bzg64tk93q	7
jd472z058	7
5m60qv608	7
v692t737q	7
8k71nh93p	7
db78tc124	7
ks65hd54v	7
r781wh322	7
v118rf84n	7
7p88cg77z	7
bdj52w471f	7
cpg15bf129	7
3x816n945	7
3r074w38k	7
2b88qc85w	7
4x51hj94t	7
ww72bc59c	7
gf06g306w	7
2b88qg24s	7
cf1881m274	7
b7h149q08m	7
cb2773w02z	7
rb68xc470	7
crn301161p	7
c7s75dc81q	7
c8910jt954	7
5138jg10j	7
hq37vp48v	7
2801ph68z	7
c821gk006	7
xg94hp60j	7
3484zj20c	7
b44558d38f	7
9306t0039	7
0v8381066	7
k0698878c	7
8049g5681	7
p5547r51b	7
2r36tz115	7
hx11xg048	7
xs55md06z	7
0c483j98g	7
s7526d79r	7
cz30ps95c	7
gh93h010p	7
9880vr08r	7
rv042t167	7
pn89d705z	7
c3484zg89z	7
4x51hj953	7
tb09j5732	7
czw12z5543	7
5425kb66f	7
dj52w5790	7
k0698900p	7
b6q182k14g	7
bj098zb092	7
b6108vb39f	7
3b591921b	7
gb19f5985	7
79407x85c	7
c2f75r820q	7
d217qq334	7
h702q6446	7
x346d5659	7
tm70mz12g	7
2v23vx57f	7
ws859j51b	7
5999n421t	7
b5644s10j	7
mk61rj30c	7
6t053h51n	7
1g05fc41f	7
f7623c56g	7
3j333355n	7
tx31qj49h	7
th83m023h	7
bc386k49h	7
fb494976p	7
wm117q56s	7
2j62s613b	7
dn39x2167	7
bxp68kg37c	7
ng451j26b	7
0p0967887	7
cxp68kg541	7
cx346d458f	7
np193b017	7
j098zb32r	7
0p096794c	7
5425k970t	7
v405s988s	7
6t053j966	7
cq237hs23s	7
cx633f103n	7
c6q182k44b	7
2v23vv42d	7
c6m311p62j	7
g445cf53g	7
bht24wj42s	7
ch989r3439	7
cz30pt11j	7
ws859f98m	7
1n79h490w	7
mw22v6462	7
js956g273	7
q811kj827	7
g158bj448	7
bg732d919h	7
cn69m503h	7
n870zr67p	7
dz010s873	7
9g54xk08q	7
5x21tg13g	7
ks65hc22c	7
q524jq19n	7
crb68xc245	7
cf95jc83p	6
1831ck05t	6
70795828d	6
nk322f772	6
3197xn10w	6
rr171x99r	6
td96k286b	6
p5547v153	6
gf06g531n	6
mk61rh44h	6
x920g094f	6
c37720c72t	6
cz029p474d	6
cj9602095p	6
cn870zq80j	6
crv042t095	6
c2801pg32g	6
cpc289j04h	6
ckp78gg38j	6
cqv33rw642	6
c1r66j1463	6
c08612n53h	6
cm900nt40c	6
c2514nk49s	6
cd504rk32h	6
cpn89d6585	6
cqn59q3982	6
ccz30ps65b	6
ct435gd080	6
bzw12z5336	6
bvh53wv87m	6
ctm70mv172	6
cr207tp35g	6
c4q77fr61z	6
c3197xm20m	6
cp2676v673	6
t148fj548	6
c0v8380869	6
c5425kb04f	6
crn3011639	6
cbk128b23v	6
c6w924c12f	6
ckd17ct18z	6
cn009w2659	6
cvx021f47v	6
cp8418n22q	6
c6682x3928	6
czg64tm09c	6
cb5644r83c	6
c7s75dc84n	6
chm50ts17x	6
cqf85nb571	6
cdz010q26r	6
ccf95jb77d	6
c0z708w72q	6
c6m311p63v	6
csf2685393	6
czs25x8825	6
sq87bt65j	6
p8418p08h	6
mp48sd662	6
f1881m84c	6
vq27zp73z	6
f1881p44t	6
gb19f8372	6
c1j92g784q	6
dv13zx070	6
c247dw24x	6
70795b692	6
cqb98mf825	6
cjm214p47q	6
cd504rk433	6
c5d86p020s	6
cnp1939199	6
cv405s9360	6
cr494vk19k	6
cv979v307m	6
cj9602061m	6
cjh343s618	6
cv405s981t	6
c2r36tx83v	6
c5t34sj89x	6
ckd17ct20r	6
cw0892b13v	6
cmg74qm50s	6
wm117q22z	6
csx61dm67d	6
7w62f895c	6
b2514nk52v	6
b4m90dv494	6
b8s45q878c	6
bjw827b64b	6
bws859f65p	6
bxd07gs71b	6
b9g54xh66h	6
bf4752g75r	6
cw37636812	6
bb5644r60v	6
pn89d920g	6
bhm50tr81q	6
bcn69m4285	6
bb5644r56f	6
3484zh41x	6
bbk128988s	6
b3197xm21w	6
bdz010q26q	6
7w62f9639	6
fq977w10m	6
mc87pr85g	6
kk91fm828	6
1n79h456k	6
7s75dc63v	6
cpg15bf29r	6
cgf06g291w	6
z890rw912	6
nk322g85z	6
tx31qm306	6
c2j62s4864	6
9c67wq75j	6
c2r36tx531	6
cnc580m66r	6
2514nm67f	6
bg257g09s	6
0z708x03f	6
9306sz86p	6
1v53jx906	6
c2n49t2001	6
bzg64tm053	6
j3860985k	6
hx11xg21x	6
6969z0838	6
8k71nj18b	6
pn89d748r	6
4x51hk428	6
2z10wr713	6
m900nt54s	6
2b88qd40r	6
5425k9781	6
wh246s98v	6
ccv43nx14r	6
5999n384w	6
fj236369r	6
pv63g056q	6
vd66w0581	6
brx913p975	6
csn009z025	6
c2b88qc49x	6
zc77sr62x	6
8w32r650w	6
41687h937	6
9019s295k	6
j9602154n	6
6682x426b	6
mc87pq972	6
8049g621b	6
9880vs08z	6
bk128b477	6
3197xm704	6
cf95jc38v	6
1j92g749n	6
3x816n899	6
1v53jx15n	6
f7623d15f	6
ws859h026	6
nv935370w	6
vh53ww40n	6
6m311p33r	6
ht24wj915	6
p5547s89g	6
cv43nx00s	6
8910jw293	6
2801pg89h	6
7s75dd675	6
8910jv725	6
6m311q11x	6
bz60cx66g	6
ww72bc35s	6
h702q755x	6
gf06g388c	6
p5547r901	6
6d56zx233	6
q237ht10x	6
g445cd759	6
g158bj37v	6
vd66w100t	6
k643b1631	6
cjs956g19n	6
x059c8007	6
bww72bb77q	6
bm326m1778	6
c4q77fr628	6
cwm117p31r	6
cws859g040	6
czp38wd00f	6
h128nf014	6
mw22v599w	6
wh246s36v	6
fq977v17b	6
xk81jm34c	6
q811kj763	6
kh04ds56v	6
cj6731412n	6
c1j92g783d	6
ccj82k750t	6
3f462638r	6
3f4625599	6
ng451h574	6
b707957747	6
mp48sd36b	6
bk128b27r	6
k0698823s	6
dr26xz36s	6
bn999818g	6
v405sb43n	6
1c18dg263	6
41687j216	6
f7623d68g	6
cmg74qm38q	6
c12579s66g	6
csq87bt87p	6
c2801pg685	6
wm117p983	6
qr46r382c	6
m326m3377	6
k643b1339	6
bs7526c429	6
cqr46r0822	6
7w62f959q	6
73666569w	6
td96k2763	6
1c18dg017	6
cn69m484h	6
r494vn93r	6
br86b361k	6
0v838174b	6
b6108vb27j	6
b76537135q	6
fb494981j	6
sq87bv33g	6
j3860825x	6
ng451j18n	6
ff365816w	6
9z9030779	6
6t053h46s	6
ft848s093	6
3484zg969	6
1j92g781d	6
3n204067p	6
c8k71nh095	6
cxp68kg55b	6
ccr56n134c	6
2f75rb873	6
b3484zh13c	6
pk02cb224	6
vx021f44x	6
b1r66j115x	6
c8g84mm59d	6
c8910jt94t	6
vm40xs62x	6
bk128999s	6
8g84mn81v	6
v405s9824	6
tt44pm891	6
x920fx47g	6
gm80hz03r	6
8336h3145	6
7p88cg72k	6
9880vr38g	6
mp48sd49d	6
ms35t927m	6
sb397878s	6
76537151g	6
v692t620b	6
kh04dp991	6
2f75r909h	6
fx719n81v	6
cjw827b95h	6
c6w924c114	6
mk61rj29m	6
br781wg18c	6
np1939606	6
nk322f00f	6
jd472w85s	6
nv9353473	6
8w32r730m	6
5d86p325k	6
bv73c095n	6
4q77fs28z	6
qn59q4848	6
cv43nz086	6
tb09j659f	6
1z40kw558	6
qz20sv000	6
vx021f367	6
r494vk93b	6
qz20sw316	6
ns064691f	6
k643b181z	6
cn009w267x	6
ng451k10n	6
rr171x43w	6
p2676w87p	6
2n49t208s	6
nk322d45k	6
cr56n141z	6
cqb98mf853	6
q237ht03h	6
jw827c793	6
s1784k813	6
cw3763678z	6
cwp988j80k	6
cpn89d6791	6
pv63g0898	5
44558d41q	5
3j333318h	5
fj236333c	5
v405sb70j	5
tx31qk04c	5
v405sb99h	5
j67314445	5
v692t6324	5
bk128b990	5
5m60qr99v	5
w95050881	5
p5547s312	5
nc580p28v	5
3f4628449	5
bxp68kg40g	5
czk51vg768	5
cqr46r081r	5
cdf65v785v	5
cf4752g72v	5
cnk322d32z	5
ctq57nr00b	5
ck643b143k	5
c0c483j64t	5
c2227mq11k	5
cdf65v816g	5
c00000000c	5
cmg74qm096	5
c5m60qr892	5
c5d86p022d	5
c8k71nh08v	5
ctt44pm84p	5
cc247ds10d	5
c6w924b81t	5
csf268508z	5
dj52w652s	5
0z708x891	5
cr494vk43j	5
c7m01bm01m	5
c707957926	5
c9k41zd79w	5
c9880vr22k	5
c6h440s81n	5
c4j03cz652	5
cj96020609	5
czp38wc615	5
ccr56n0981	5
1z40kt77w	5
cgx41mj29s	5
b1r66j127t	5
cnk322d71r	5
cng451h86f	5
c2b88qc45p	5
csx61dm68q	5
cww72bb70k	5
cs7526c842	5
c9306sz591	5
cnk322d41x	5
cdj52w504q	5
ck930bx29t	5
cbg257f32p	5
chm50ts187	5
cpg15bf22k	5
csj1392261	5
cdz010q32s	5
czp38wc96j	5
cp2676v83d	5
cpv63g055h	5
cgq67jr525	5
c3484zh27x	5
cg445cd25f	5
c2z10wq55x	5
c3n203z39t	5
cb8515n65k	5
c3j333251z	5
cw37637041	5
cmw22v574g	5
x920fx619	5
w37636967	5
cxs55mc40n	5
0v838098q	5
pc289k07r	5
bz029p475p	5
n009w3239	5
gm80hw01s	5
cj82k881c	5
k06989095	5
00000030q	5
bqv33rw67z	5
c6t053g346	5
bht24wj49z	5
cfj236240j	5
12579w04p	5
cs1784k72w	5
ccr56n135p	5
cgt54kn243	5
ct722h906h	5
czk51vh086	5
ccr56n1379	5
cff365556j	5
4q77fr65w	5
cdv13zt54n	5
cxw42n816t	5
cff3655557	5
cw66344017	5
cfx719m75w	5
chm50tr733	5
cvx021f10v	5
bvx021f10t	5
bws859f660	5
bsq87bt63v	5
2f75r884v	5
bjm214p14x	5
b9c67wm81c	5
bbn999676w	5
8p58pg97q	5
xp68kh61s	5
2z10wr756	5
7s75dd917	5
c4t64gn38f	5
3x816n724	5
c534fr75f	5
bs1784k77d	5
bzw12z532w	5
bd791sg35t	5
5d86p1009	5
rv042t67q	5
47429913s	5
8c97kq88b	5
c5999n351s	5
c5138jf09v	5
ch128nf01j	5
cbk128b184	5
cxs55mc395	5
c2v23vt680	5
bq237hr93f	5
c5h73pw32m	5
c1j92g7898	5
bv405s938k	5
w0892d47p	5
3t945t134	5
3x816n104	5
rb68xf31h	5
4q77ft81p	5
ww72bd988	5
1r66j3346	5
9z903251k	5
cm613mx580	5
b7h149p939	5
s1784m11m	5
b8336h207d	5
ckp78gg41n	5
x633f231q	5
bpr76f340h	5
6969z1363	5
mc87pq69w	5
gb19f595b	5
h702q726g	5
6h440t073	5
76537174s	5
9c67wn06q	5
x633f162h	5
mw22v591p	5
bk128b612	5
2j62s6343	5
mc87pt38h	5
bh989r3213	5
bd504rk371	5
rn3012815	5
p8418r541	5
vm40xv33w	5
bdv13zt42q	5
b6q182k299	5
9c67wn33m	5
9s161668w	5
xk81jm066	5
ng451j57b	5
qr46r373d	5
cb8515n63z	5
6t053k01v	5
rb68xf45v	5
cbv73c066x	5
1c18dg60d	5
hx11xf51f	5
p2676w918	5
chq37vn805	5
c8049g5079	5
cmp48sd16d	5
ct435gd277	5
c6h440s838	5
dv13zv72w	5
2z10wq89b	5
8c97kr11x	5
ng451j341	5
f7623d38r	5
z890rv436	5
9306t0196	5
kw52j9233	5
dv13zv468	5
gx41mk04m	5
w66344171	5
4b29b7348	5
cpr76f341v	5
pn89d666g	5
rn3011410	5
3484zh28c	5
v405sb35z	5
5q47rp18c	5
tb09j674j	5
t722hb284	5
1r66j2269	5
dv13zv69k	5
sn009z69c	5
5d86p172j	5
brv042t17s	5
ns064619q	5
vx021f59j	5
bz60cx91t	5
6t053g74r	5
pz50gx64p	5
v405sb73c	5
6682x489m	5
g158bj05k	5
2514nm14d	5
f7623d13w	5
k930bx29s	5
m039k509m	5
mk61rg937	5
pr76f365f	5
z316q258j	5
ks65hc63m	5
6t053g43r	5
k930bx02c	5
k0698897k	5
8049g582v	5
wd375w873	5
s7526c53d	5
nz806026k	5
c3f462575m	5
cs4655g86j	5
cc821gj99f	5
crr171x54v	5
ff365551v	5
cq524jp111	5
12579s34s	5
vd66w1480	5
c247dt03r	5
9g54xk25c	5
bgm80hv41t	5
0r967401k	5
jw827c25s	5
cmk61rh30c	5
vm40xs27b	5
bn009w245q	5
bsb3978421	5
bf4752g96m	5
2z10wq750	5
b2b88qc24s	5
c2227mq075	5
cm613mx87h	5
ckh04dq066	5
ct148fh46b	5
ccj82k7514	5
bsb397825d	5
nz8060879	5
ht24wk43q	5
b2773w91h	5
xw42n910s	5
jm214r877	5
chd76s035s	5
0r967420s	5
cn69m439p	5
bgf06g267w	5
gh93h0063	5
fx719n72w	5
2514nk944	5
1g05fc27m	5
rb68xc27h	5
bc386k134	5
1831ck51x	5
tm70mw297	5
n296wz38r	5
2j62s568q	5
cf95jc24h	5
cr56n162q	5
j098zb217	5
zg64tm484	5
x920fz04w	5
cf1881m13m	5
br86b486n	5
kk91fn29z	5
c12579s655	5
5q47rp130	5
q524jp15b	5
vd66w031m	5
9s161930k	5
n583xw254	5
g158bm08t	5
np193d20v	5
8336h474t	5
b5138jd95t	5
6108vd889	5
rj4305762	5
2514nm419	5
gm80hv50h	5
rv042t566	5
kh04dp966	5
73666462r	5
6q182m21p	5
707958363	5
xw42n866f	5
1c18df80p	5
xs55mc67g	5
h415pc255	5
mc87pr803	5
n870zs35m	5
h128nf609	5
0g354h93r	5
5d86p083v	5
cx346d440p	5
crj430465s	5
crb68xc26s	5
bcz30ps659	5
vt150n05m	5
bg732d922m	5
m326m204g	5
m613mx72g	5
qb98mg40d	5
8623hx994	5
mk61rj336	5
pc289j26r	5
r494vk990	5
tb09j6941	5
6h440t846	5
47429966t	5
ks65hc51t	5
6395w7530	5
kh04dq181	5
ff365688q	5
b5644r55p	5
tt44pn25p	5
1j92gb22v	5
wm117q30n	5
2v23vv660	5
zk51vh14j	5
st74cq80w	5
ws859h183	5
ccc08hf967	5
c4m90dv81s	5
c4j03d002x	5
crr171x527	5
cwd375w63x	5
cg158bh60v	5
c1j92g788z	5
bzk51vg86h	5
xd07gs69t	5
4q77fr444	5
37720d58g	5
37720d65w	5
3t945s082	5
b1544bp14k	5
bwm117n99m	5
db78tc23n	5
c821gm05s	5
c8623hz14q	5
d791sg31t	5
r207tp934	5
v979v376q	5
tx31qj134	5
hx11xg63f	5
bhx11xf465	5
1544bs00t	5
rj430557v	5
b0g354f371	5
5425kd56m	5
qv33rx554	5
d504rk40k	5
n583xv25x	5
bt722h886f	5
9880vs453	5
765371549	5
5t34sj573	5
mg74qm61x	5
wh246t095	5
ccz30pt020	5
zc77ss73n	5
d504rm04x	5
bz60cw978	5
c6969z1121	5
ct148fh47n	5
gq67jr88z	5
1n79h470d	5
br781wg027	5
fn106z362	5
tb09j683h	5
7s75dd21j	5
sx61dm61x	5
k930bz60g	5
g445cd77v	5
w3763769j	5
xk81jk89r	5
n583xv754	5
pz50gw25s	5
fx719n62n	5
v692t7070	5
j6731550h	5
v405s9379	5
cz30pt044	5
p5547s729	5
7m01bm975	5
cr56n212q	5
bpv63g0339	5
4x51hj45w	5
xs55md298	5
z316q174q	5
9k41zd89r	5
2v23vt426	5
2v23vv96q	5
s7526d067	5
bz029p478m	5
fx719n115	5
q524jp983	5
xw42n9529	5
7m01bn10h	5
x633f123t	5
gm80hv33v	5
mp48sg460	5
bqj72p712g	5
bhh63sv892	5
0r9676363	5
v118rf75p	5
ng451j59w	5
m900nt837	5
pc289j32w	5
t722hb152	5
1r66j246s	5
qr46r198v	5
z029p5881	5
ct435gd26x	5
hq37vp08w	5
r494vk876	5
ww72bb56b	5
pv63g205n	5
td96k3751	5
7s75dc512	5
0p0967534	5
sq87bv46j	5
bjs956f96n	5
ck06987851	5
cs7526c82f	5
cx346d4171	5
0k225b63v	4
cr56n1117	4
mc87pr86r	4
xd07gt071	4
jm214q08c	4
1r66j133h	4
44558d349	4
6395w736b	4
jh343s452	4
9c67wp28z	4
44558d38d	4
fx719n22p	4
hx11xg59v	4
5999n468q	4
z603r003d	4
1g05fc70w	4
f7623d277	4
j67314292	4
v118rd593	4
s4655h370	4
vd66w040k	4
8k71nh41x	4
xp68kh711	4
sb397970s	4
rf55z849s	4
b0k225b211	4
st74cq484	4
cn69m517v	4
dz010r20h	4
qf85nb35k	4
qr46r2230	4
zg64tn11p	4
8336h223x	4
44558d89w	4
707958869	4
db78tc370	4
mw22v566b	4
pk02cc077	4
tt44pn66x	4
0g354g63t	4
fj236355d	4
2v23vv40v	4
xs55mc071	4
wh246v899	4
8623j006q	4
jd472x53q	4
k930bx19j	4
s1784n06z	4
t722h933s	4
0c483k718	4
1v53jz50f	4
44558f31p	4
c4b29b618s	4
c3f4625407	4
cdb78tc006	4
cxs55mc04s	4
cp2676v53k	4
crx913p887	4
chm50tr72s	4
cgq67jr169	4
cpr76f340j	4
ck643b116p	4
ct435gc96m	4
cs7526c40q	4
c4j03cz64r	4
c6108vb24n	4
cpn89d656j	4
cv118rd525	4
cg732d896k	4
c0c483j654	4
cdj52w5023	4
cwd375w62m	4
cg158bh31b	4
c08612n88w	4
vh53wx02f	4
4j03d112q	4
9k41zg118	4
cdn39x181g	4
cv979v337f	4
cmc87pq62j	4
c9z903009j	4
cn009w266m	4
cmc87pq617	4
cqj72p7458	4
cnk322d338	4
c5712m6523	4
ctm70mv458	4
czs25x880j	4
ccc08hf95x	4
cgm80hv739	4
cqz20ss77d	4
chm50ts023	4
cjs956g054	4
nk322f75h	4
c0k225b465	4
crf55z7987	4
c1831ck31c	4
5999n4355	4
g732d929f	4
c0r9674066	4
c5712m6865	4
8w32r576t	4
c9019s2832	4
c4j03cz97h	4
cj67314101	4
ckd17ct22c	4
cms35t897t	4
cf4752h053	4
c6m311p65g	4
cmc87pq60x	4
bj3860695c	4
b3484zh033	4
c0v838083c	4
csb397841r	4
cbz60cw511	4
c2v23vt64r	4
c9k41zd820	4
c6h440s85w	4
ccf95jb763	4
cg445cd422	4
ck930bx34j	4
c707957893	4
cjm214p425	4
ct435gd29v	4
c7d278t35d	4
cdj52w499h	4
c9019s278b	4
c9g54xh93f	4
c7p88cg88r	4
c6108vb48f	4
c7p88cg864	4
cb5644r88x	4
cf7623c81z	4
ctx31qh854	4
c0r967405w	4
cnz805z99r	4
c9880vr246	4
cnv9353130	4
c7p88cg87f	4
mk61rk75x	4
6m311q283	4
pv63g077g	4
f1881n13m	4
3n203z93x	4
hd76s0260	4
s4655j13m	4
k3569529p	4
f1881m124	4
9019s3759	4
bdf65v788r	4
gx41mj697	4
p8418q375	4
9593tw45v	4
2f75r862t	4
s1784k91b	4
zs25x9459	4
f1881m167	4
6682x491n	4
5138jf18j	4
8p58pf62d	4
k06988039	4
8k71nh159	4
9c67wn98f	4
4f16c448v	4
c8g84mm616	4
cd791sg393	4
cm326m203c	4
x346d435c	4
gm80hw820	4
ccz30ps641	4
ckd17ct212	4
c9306sz652	4
cv692t645c	4
cws859g02c	4
chq37vn833	4
mg74qm76j	4
c9p290948n	4
cdn39x178c	4
c1z40kt11s	4
cws859g012	4
chq37vn81g	4
c6108vb507	4
c8336h214s	4
cth83kz69x	4
c5425k9683	4
c41687h44c	4
cj098zb08s	4
bbc386j21x	4
bcz30ps66m	4
bg445cd154	4
bgm80hv32v	4
bpk02c972t	4
btx31qh68g	4
r781wh03m	4
bz890rt25s	4
0r9674344	4
bgq67jr18w	4
b9s1616211	4
bsj139193r	4
ms35t8752	4
bwm117p115	4
6682x663w	4
th83m2025	4
td96k352q	4
fn106x951	4
kw52j8423	4
bb8515n38n	4
ch989r3214	4
tm70mv907	4
bh415p9551	4
bqj72p7143	4
b8c97kq44d	4
4f16c316c	4
6395w768m	4
pr76f628x	4
bbv73c059j	4
bm900nt583	4
n296wz24d	4
cth83kz52g	4
c9c67wn079	4
c534fq137	4
08612p84t	4
z316q317h	4
nk322f98t	4
x059c899w	4
dz010r27f	4
79407z539	4
w6634475x	4
0v838196c	4
0z708w703	4
c534fq02q	4
5d86p1255	4
cbz60cw422	4
g445cd59x	4
cjh343s62k	4
c5t34sj879	4
bm900nt494	4
vh53ww28c	4
c5425k991r	4
1v53jz032	4
cr56n1762	4
qf85nb730	4
cr56n171p	4
6q182k81x	4
0z708w58t	4
cr207tp71b	4
c1z40kt123	4
c5m60qs05v	4
bt722h884t	4
cpv63g046j	4
cvd66w000k	4
b8p58pc95v	4
ww72bc736	4
cqn59q402z	4
b8910jt60q	4
b5712m6597	4
b0z708w407	4
z603qx45b	4
b8p58pc965	4
k643b219p	4
s1784m98g	4
sn009z50n	4
pc289k209	4
b5644s86w	4
k930bz20h	4
4b29b7152	4
2z10wq83p	4
m039k5268	4
2f75r934v	4
8g84mm69c	4
qz20sv018	4
2227mr36d	4
d791sg73b	4
2227mq145	4
9880vr40h	4
gm80hv86w	4
j098zb88m	4
5425kc13m	4
b2773x20r	4
s4655j22k	4
bd217qp52w	4
bq524jn778	4
nk322h20b	4
gh93h088k	4
ng451j23h	4
3484zj59k	4
8s45q9551	4
cf95jc47t	4
2b88qd28g	4
9s161690d	4
2j62s487q	4
m039k595p	4
bvq27zn57n	4
bcz30ps809	4
btx31qh84s	4
c2r36tx82j	4
8049g6687	4
b9880vr23v	4
wp988n61b	4
rn301236b	4
0v8380922	4
n296x0049	4
t435gf23h	4
70795875s	4
d504rm34n	4
00000002j	4
5712m7067	4
k930bx455	4
nv9353227	4
3b591871b	4
csn009z01v	4
cxk81jk37p	4
6t053h21x	4
cs1784m03h	4
76537177m	4
jd472x29n	4
mw22v5873	4
5425kc180	4
7s75dd84t	4
kp78gh49r	4
sj1393377	4
1n79h5173	4
8s45q886t	4
8w32r588m	4
bz60cw61w	4
wh246s595	4
zk51vh89m	4
dz010q04x	4
h989r347h	4
6395w814h	4
vq27zn48d	4
7p88ch85v	4
js956g159	4
2v23vv350	4
vh53wx015	4
7d278v70g	4
pr76f4722	4
7m01bn18q	4
rv042v63t	4
bn999805d	4
kh04dr04w	4
h128nf66z	4
q811kk106	4
tb09j693r	4
c4b29b626f	4
3197xn069	4
t722h910g	4
n870zr88f	4
cj82k747v	4
js956h172	4
2801pg41b	4
3x816n414	4
zs25x992p	4
ww72bc80m	4
bc247ds11p	4
sq87bw01d	4
8910jw10c	4
td96k3149	4
8336h2912	4
cr56n255h	4
v979v422m	4
rf55z802w	4
9w032341q	4
rr171z743	4
1n79h443h	4
z890rt783	4
5d86p329p	4
st74cr269	4
0z708x093	4
9306t0153	4
1v53jx21s	4
4x51hk29q	4
5425kb17h	4
tm70mv70r	4
w0892b389	4
x346d4696	4
5m60qs062	4
vt150j72v	4
ks65hd74b	4
9306t001r	4
sj1393113	4
x920fw85p	4
1831ck551	4
3f462630j	4
p8418p50h	4
bk128b49s	4
fn1070444	4
8049g5389	4
8g84mq002	4
8w32r630d	4
w9505134x	4
np1939959	4
b2773v99h	4
ng451j979	4
c3484zh240	4
cxg94hp89j	4
sx61dm448	4
c9306sz296	4
cgb19f581g	4
00000297h	4
9880vr529	4
csx61dm65s	4
crv042t46b	4
cpk02cb10t	4
cp8418n52j	4
c1544bp32j	4
c3x816m93n	4
cvm40xr827	4
cg732d9140	4
0c483j83v	4
6q182k78m	4
0g354f876	4
c1j92g7851	4
x059c7354	4
td96k386j	4
r207tq299	4
gt54kp211	4
h128ng843	4
0c483j509	4
1r66j159n	4
000000264	4
c47429938m	4
c9g54xh91t	4
c9306sz60h	4
c9w032332s	4
bgh93gz706	4
db78td112	4
5x21th01w	4
7w62f8498	4
000001715	4
3b5919601	4
3b5919466	4
3b591860t	4
3b591b17z	4
m039k585f	4
6d56zw87f	4
rv042v198	4
5d86p117g	4
6d570066m	4
9593tx81x	4
pn89d6592	4
c247dt58b	4
p8418p476	4
w9505095f	4
c247ds72z	4
c247ds559	4
00000096t	4
vt150j467	4
ht24wj869	4
t722h923j	4
2801ph387	4
v692t711k	4
c247ds427	4
tx31qj95m	4
wm117p74h	4
xp68kg766	4
cmp48sc96c	4
ctq57nr26r	4
h989r471s	4
6108vc11g	4
zp38wd99c	4
m039k5624	4
t148fh34k	4
b1831ck123	4
6108vc042	4
pz50gx667	4
mk61rh05t	4
b9s1616197	4
b1831cj93c	4
b2773z684	4
6395w7484	4
9k41zd612	4
pr76f3823	4
v692t6634	4
x633f1218	4
5138jg49r	4
w0892b98r	4
6w924d22d	4
c821gm10n	4
d504rm829	4
b4m90dv54v	4
t148fj74r	4
sb397989h	4
05741r91s	4
n009w352r	4
s4655h45p	4
h128nf545	4
3x816n49b	4
g158bj18n	4
79407z628	4
0p0967402	4
r207tp60k	4
bhq37vn58s	4
bcn69m4210	4
sj139363v	4
b7p88cg69g	4
pn89d694n	4
474299940	4
bcn69m414n	4
fb494870t	4
3n203z29w	4
qv33rx707	4
kk91fm84t	4
dj52w497q	4
tm70mv797	4
sf268644d	4
n296wz47q	4
rv042v57p	4
r207tq32m	4
3r074w54z	4
vh53ww159	4
08612p70g	4
m039k605q	4
1831ck17m	4
3r074v879	4
bvx021f15c	4
c1r66j147d	4
hq37vr399	4
3484zj040	4
vq27zr260	4
kh04ds52r	4
cr56n2105	4
b5h73pw060	4
79407z18q	4
mp48sd89c	4
000001537	4
bn999780r	4
d791sg28h	4
fn1070380	4
6682x5283	4
mp48sd29x	4
j67315387	4
hx11xg536	4
6682x481d	4
btd96k253t	4
1g05ff45z	4
cvd66w012g	4
cn009w269j	4
ck3569465m	4
b3484zh04d	4
bkw52j825k	4
qb98mj392	4
r207tq523	4
b1544bp138	4
0v838190q	4
bw0892992g	4
b12579s251	4
crx913p91b	4
3n204200q	4
zw12z795z	4
g445cd228	4
5q47rq08b	4
mc87pq86j	4
pr76f4829	4
q811kk68m	4
bv73c054d	4
6t053h59v	4
pc289k64c	4
cnv935312p	4
mp48sf24r	4
8336h293m	4
5425kb808	4
rx913r35v	4
p8418n43w	4
q524jn89x	4
xd07gv53b	4
rx913q40h	4
js956h47s	4
wm117p231	4
q524jq504	4
02870w51s	4
ks65hc833	4
qb98mf627	4
ks65hc23n	4
4f16c387b	4
12579t668	4
ht24wk42f	4
3j3332413	4
jq085m32z	4
tb09j5686	4
tq57ns055	4
cc08hg19f	4
ccn69m441k	4
np193b530	4
xk81jm32t	4
d504rm15f	4
pg15bg21t	4
2f75r8234	4
2f75r965v	4
cv43p0699	4
cs1784m054	4
ctt44pn187	4
cjh343s63w	4
c6395w739w	4
cg158bh57r	4
csx61dm61j	4
cp2676v823	4
fx719n52d	4
mc87pq637	4
gq67jr80r	4
r207tp77r	4
jh343s75s	4
gq67jt741	4
zg64tm47v	4
zg64tm972	4
9z9030248	4
br781wg083	4
fn106z81w	4
jm214q315	4
zp38wf21p	4
cj82k8561	4
jq085k18x	4
sx61dn49v	4
sx61dm359	4
sx61dn461	4
zk51vh49n	4
t148fm11w	4
h702q6692	4
4m90dw34k	4
sn00b022v	4
9s161624t	4
1n79h511f	4
nc580p226	4
dr26xz967	4
6t053h48b	4
8w32r589w	4
hq37vp558	4
wh246t56j	4
z603r134m	4
ctm70mv350	4
mw22v563h	4
r494vk566	4
v979v457q	4
pk02cb74w	4
6t053j73w	4
41687j195	4
wp988m20w	4
cn69m493g	4
fj2363854	4
rf55z888g	4
s7526c44f	4
bz316q1600	4
cj82k851n	4
8g84mm39n	4
cjs956g21f	4
2j62s551j	4
hd76s047r	4
q237hs994	4
j098zb76t	4
dz010r07z	4
8p58pd758	4
8p58pd55s	4
mg74qm89m	4
rn301183h	4
h702q7078	4
1z40kt02t	4
n296x067k	4
9593tw17p	4
n009w3353	4
0r9675111	4
0r967442t	4
7p88ch996	4
np193b441	4
j9602193b	4
cx633f146p	4
bhh63sw08s	4
8g84mn61c	4
zw12z545b	4
t722hb305	4
t435gd87v	4
1j92g881m	4
1j92g795r	4
n870zt83g	4
ht24wm713	4
kh04dq03d	4
sn009z836	4
mg74qm138	4
3t945r65g	4
kh04dq423	4
z890rv550	4
5h73pw36j	4
xk81jk50j	4
5h73q003s	4
r781wh02b	4
kd17cw428	4
x920fx067	4
h128ng24n	4
st74cq68m	4
xd07gt45f	4
cr56n258b	4
cr207tp69j	4
q237hv92m	4
wp988m32p	4
rb68xc99r	4
xg94hq18r	4
v405s959b	4
0p096818r	4
sq87bv059	4
qj72p833g	4
b70795776v	4
b79407x35n	4
8w32r7172	4
k0698767n	4
k0698871f	4
dj52w504x	4
bhd76s0067	4
bh415p956b	4
bh415p9598	4
bqr46r088w	4
ckh04dq04k	4
2n49t298z	3
rn301278v	3
8c97kr79k	3
hq37vp337	3
c247dt016	3
47429965j	3
6682x527t	3
8g84mn16j	3
bn9997608	3
hq37vp22q	3
k3569557v	3
mp48sd40x	3
np1939674	3
qb98mg241	3
rx913q75m	3
t435gd574	3
wp988k57b	3
wp988k88b	3
xs55mc21v	3
td96k356t	3
1c18dh12z	3
2227mr09h	3
2f75r869r	3
5t34sm389	3
dn39x198h	3
ms35t926b	3
nk322d92z	3
z316q2888	3
6t053g085	3
6h440t21x	3
c3r074v134	3
q237ht65h	3
dj52w565n	3
vt150k02c	3
1v53jx621	3
6969z181x	3
9019s259q	3
9p290996t	3
9w032417v	3
ft848q89m	3
k0698882z	3
q237hr963	3
zc77sq79w	3
ct722h8972	3
tq57nv05k	3
chm50ts06b	3
1v53jx38z	3
jd473008g	3
7h149r418	3
st74cr757	3
6d56zx454	3
c1831ck13f	3
g445cf71d	3
00000191n	3
k643b137d	3
cpz50gw31n	3
cwd375w54z	3
gt54kn223	3
2z10ws876	3
btx31qh90t	3
hm50tv309	3
0g354h99d	3
9s161717m	3
jm214p29x	3
ww72bb81p	3
2f75r868g	3
3j333330s	3
8s45q9658	3
j098zb31g	3
w95051135	3
xd07gt59s	3
9w032443g	3
12579t693	3
gh93h049w	3
6m311p30x	3
8336h198s	3
pk02cb32c	3
s7526d10t	3
s4655h82t	3
z603qz57b	3
8910jv041	3
ww72bb57m	3
1g05ff40k	3
dr26xz48k	3
4b29b931v	3
12579s751	3
1544bp227	3
1n79h552p	3
2b88qd208	3
4b29b6228	3
4q77fr59r	3
5138jg13c	3
5t34sj95h	3
7d278t644	3
8336h197h	3
8c97kq99v	3
9g54xh92t	3
9k41zf091	3
9p290b074	3
9w032307d	3
bn9998001	3
c534fq06t	3
fx719n85z	3
gf06g381f	3
gh93gz65w	3
ht24wj894	3
kh04dq56f	3
kk91fm64b	3
m613mx57c	3
m900nt53h	3
mc87pr14h	3
ng451h55k	3
p8418n85d	3
pk02cb534	3
qr46r136v	3
rj430548w	3
th83kz33c	3
v692t642c	3
v979v3079	3
v979v4199	3
v979v429j	3
w66343778	3
x059c810g	3
xd07gt488	3
xd07gv191	3
xd07gv36p	3
xw42n8477	3
z316q160c	3
8k71nh850	3
cf95jc25s	3
w66344235	3
79407z13b	3
n583xv96w	3
bn9998133	3
st74cr625	3
p5547s73k	3
dz010q96n	3
ng451j76j	3
jm214q19w	3
9306t082z	3
5m60qs89t	3
1j92g833z	3
4f16c426t	3
w3763821k	3
pg15bg12v	3
vq27zp84g	3
12579t85g	3
pc289k366	3
w66344481	3
vx021g73k	3
76537268v	3
3t945r689	3
bh128nd744	3
b9z902z940	3
z029p484q	3
bsj139203h	3
44558h178	3
44558h267	3
bsj139212g	3
c05741r69h	3
cfb494841k	3
cdz010q05w	3
c3n203z08p	3
cnv9352840	3
cc821gj76z	3
cz029p472s	3
crf55z768d	3
c4t64gn18w	3
c9306sz28w	3
cbv73c041t	3
cg445cd127	3
c8910jt60r	3
c6w924b80h	3
ck3569434g	3
cng451h498	3
cmp48sc76t	3
cm326m172r	3
c6q182k12w	3
c7h149p84c	3
cxs55mc053	3
c1j92g744m	3
cqr46r080f	3
crx913p89j	3
cc247ds09x	3
ctd96k249f	3
cnp193956g	3
b5t34sj770	3
qr46r2583	3
41687j747	3
p2676x108	3
czg64tm29x	3
c4x51hj44m	3
cwp988k15f	3
cqj72p746k	3
czg64tm260	3
cjq085k22b	3
cn583xv23x	3
c8w32r587h	3
cgh93gz78q	3
cq524jn779	3
6w924f733	3
cws859g03p	3
c3197xm372	3
ccv43nx13f	3
cs7526c79b	3
c1n79h458v	3
c8w32r569k	3
czk51vh06k	3
cmk61rh29w	3
cq524jp10q	3
ctq57nr07h	3
cqf85nb58b	3
c5t34sj832	3
cmw22v575s	3
c8p58pd23k	3
cn009w271b	3
c9z903006m	3
cx920fx173	3
c3f462569k	3
cvd66w009c	3
cvt150j542	3
cgb19f610g	3
crv042t362	3
ch415p9983	3
c1831ck213	3
cz029p5023	3
c5x21tf719	3
chm50ts22n	3
cfn106z184	3
3t945s235	3
0c483j45f	3
1544bp48c	3
6108vc29x	3
f1881m05q	3
3484zh52f	3
dn39x242v	3
pk02cb03x	3
xd07gt178	3
pc289k78q	3
zc77sr52p	3
rv042v839	3
j6731386g	3
x346d5463	3
d504rm16q	3
8c97kr347	3
s7526f144	3
f1881k95p	3
kp78gh41j	3
ms35t860f	3
6682x5151	3
f7623d29s	3
nz806018w	3
2z10wq78t	3
7p88cg744	3
9593tv54m	3
vq27zn54j	3
f1881k94d	3
76537168n	3
qb98mf64s	3
5712m766p	3
6395w833q	3
2v23vv47s	3
9p2909620	3
qz20ss512	3
v692t754c	3
tq57nr90r	3
0k225b911	3
474299915	3
gm80hv565	3
0k225c101	3
0z708x76z	3
1r66j146k	3
2n49t212c	3
2z10wq96r	3
3r074v76s	3
3r074w115	3
4q77fs33t	3
5425k976g	3
5h73pw714	3
5q47rp02g	3
5q47rp25s	3
5t34sk383	3
6682x504h	3
6h440t15s	3
70795893q	3
76537186k	3
79407x843	3
7w62f856p	3
8p58pd59w	3
8s45q942z	3
9g54xj034	3
9g54xj60r	3
9p290b68v	3
9w032375j	3
b5644s82s	3
cr56n1096	3
db78tc698	3
df65v881s	3
dv13zt54r	3
f1881m46z	3
f4752h93k	3
fj236370h	3
fn106z19d	3
fn106z57t	3
g445cd296	3
hh63sw28m	3
j098zb18x	3
j098zb40f	3
j38606999	3
jd472w659	3
jh343s31q	3
jm214q472	3
js956g50w	3
k3569500q	3
k643b168d	3
kd17ct72k	3
kh04dq35p	3
kw52j893k	3
ms35t874s	3
n296wz40s	3
n296wz73b	3
nc580m649	3
nc580p01f	3
p5547r46g	3
p5547s60h	3
pk02cb05g	3
pk02cb42m	3
pv63g0278	3
qb98mf99w	3
r207tp909	3
r207tq035	3
rn3011674	3
sj1392702	3
t435gd21r	3
t722h9121	3
tb09j6959	3
tq57nr929	3
v692t7266	3
w0892b991	3
w0892c024	3
w9505170s	3
wh246s331	3
wh246s63r	3
ws859f85j	3
x059c7664	3
x920fx580	3
xg94hq27q	3
xs55mc56z	3
z603qx80x	3
z603qz02r	3
zg64tm530	3
zs25x968m	3
73666543r	3
70795907v	3
3b5919580	3
tt44pp28q	3
df65v929r	3
2r36tz892	3
3j3333266	3
cr56n237k	3
8g84mn70b	3
h415pb65x	3
gq67js19r	3
8c97ks07j	3
05741s775	3
9c67wn800	3
h128ng25x	3
cf95jc369	3
9z903115h	3
f1881m88g	3
w9505060b	3
0k225c429	3
f7623c87g	3
1831ck615	3
h989r486d	3
tx31qj01b	3
4x51hk28f	3
bz60cw536	3
kk91fm80q	3
1r66j208c	3
rj430596j	3
vd66w1145	3
6d56zx64b	3
nv935400d	3
4t64gn280	3
0g354f299	3
1r66j236j	3
c3j333248v	3
ch702q6734	3
cft848r04r	3
cth83kz65p	3
c2514nk75c	3
cqj72p744z	3
cpc289j35n	3
cq811kk00k	3
cgf06g281m	3
cbg257f04g	3
cjq085j968	3
cdz010q04k	3
c7m01bk719	3
cp8418n517	3
cdv13zt55z	3
c3197xm36r	3
ctt44pn159	3
cst74cq828	3
g732db248	3
2r36v015n	3
pc289k57z	3
c12579s430	3
5q47rr15z	3
cdv13zt57k	3
cg732d9248	3
c8c97kq72n	3
cdb78tc35k	3
cwm117p33c	3
c7d278t33s	3
c2z10wq54m	3
cm326m2050	3
b8s45q889z	3
b2f75r802r	3
b4x51hj01j	3
b8k71nh10m	3
bdb78tc01g	3
bst74cq46c	3
bx633f106j	3
7w62f883k	3
8k71nj058	3
vm40xs148	3
ckk91fk661	3
z029p727q	3
bzc77sq110	3
chh63sw094	3
c1z40kt090	3
ns064854q	3
b4m90dv555	3
b00000001n	3
c9019s245k	3
cvh53wv75r	3
ccr56n096d	3
c1r66j113b	3
chh63sv88s	3
gt54kn23c	3
6d56zx57x	3
dz010q99g	3
5d86p042m	3
s1784n123	3
bks65hc216	3
bwm117n989	3
qb98mg152	3
3b5919619	3
rv042v155	3
2r36tx925	3
bb2773v686	3
765372138	3
tt44pm94w	3
m613mz259	3
bhq37vn67r	3
3b5918788	3
b4x51hj063	3
c534fp459	3
b5644r68r	3
gh93gz51j	3
6682x4006	3
7p88ch422	3
vm40xs93x	3
0k225c70g	3
m900nv90v	3
gt54kp300	3
db78td62j	3
xs55md476	3
zp38wd737	3
1544bq703	3
s1784n319	3
c247dt84z	3
jq085m825	3
t435gf50d	3
vx021g42k	3
c534fq251	3
0v8381821	3
gm80hw89x	3
k35695851	3
2n49t191t	3
c534fp21q	3
3f462684v	3
gf06g3805	3
b1z40ks85p	3
3484zh22q	3
cgq67jr48r	3
c6t053g318	3
cth83kz70d	3
cnc580m958	3
chd76s0480	3
cxd07gt01p	3
9019s268p	3
ctx31qj01x	3
8049g527s	3
2b88qd721	3
c247dt237	3
2227mr354	3
vd66w001w	3
nv9352884	3
9k41zf78f	3
th83m042q	3
8s45q885j	3
0z708x866	3
7w62f952s	3
b8515p43b	3
db78tc79h	3
jm214q54g	3
n296wz57z	3
j6731553b	3
mg74qm21z	3
w66343824	3
x920fx26q	3
bf1881k91x	3
bc386j43n	3
qr46r100g	3
wd375x127	3
rv042t49s	3
vq27zn805	3
2v23vv25r	3
b4x51hj02v	3
d504rn83s	3
kp78gj62h	3
cp8418n43k	3
cx920fw86g	3
czg64tm321	3
bjs956f80h	3
b8049g527t	3
b8515p69g	3
5m60qs38b	3
9593tv60r	3
fb4949523	3
sj1393270	3
47429b440	3
0c483k06z	3
qz20sv05c	3
r494vn88w	3
b8623hx85p	3
bww72bb519	3
bv73c325k	3
jw827c53z	3
bxk81jk42c	3
6969z089x	3
6h440s73g	3
mg74qn00d	3
j67314160	3
7p88ch57p	3
7w62f945c	3
d791sh311	3
fx719m89v	3
fn106z515	3
sj1392681	3
1831cm52d	3
6h440t226	3
k0698799x	3
5t34sk60m	3
sf268598h	3
th83m011q	3
mg74qn63p	3
s1784n24w	3
0k225b31k	3
2227mr108	3
6d56zx25n	3
9019s2728	3
s1784m46q	3
xs55mc74w	3
z316q214g	3
zs25x9174	3
02870w09s	3
2r36tz069	3
9c67wn60h	3
p2676w081	3
t722h964s	3
xg94hq476	3
t722hb195	3
kp78gh67p	3
qv33rx597	3
9w032430d	3
6969z1452	3
c2v23vt699	3
q237ht37b	3
n583xv27g	3
st74cr803	3
5m60qs835	3
sj1393199	3
2227mr443	3
6q182m65r	3
4x51hk55b	3
hq37vp92d	3
sf268685n	3
cv43nz29z	3
ff365541m	3
jd473036n	3
qr46r234h	3
cbc386j345	3
f7623c97q	3
kh04dq50s	3
b2r36tx60b	3
fj2365032	3
2j62s505f	3
tq57nr466	3
xp68kh622	3
bdb78tc11r	3
7d278v25n	3
ks65hc299	3
2f75r875w	3
2b88qc56f	3
hx11xf73g	3
st74cq82f	3
s4655g92v	3
sb397851c	3
th83m054h	3
2b88qc733	3
p2676w323	3
1j92g876r	3
3x816n457	3
7h149r087	3
w9505173m	3
p5547s444	3
47429b19n	3
2b88qd59g	3
2b88qd34m	3
2b88qd30h	3
c9880vr110	3
2b88qd92h	3
47429b46j	3
n870zs307	3
kp78gg98g	3
bz603qx53k	3
ff365650s	3
474299869	3
j098zb08p	3
2f75r942j	3
c6m311p32q	3
crn3011442	3
crf55z781s	3
5712m698r	3
5712m7309	3
5999n378r	3
vq27zp67t	3
s7526d67z	3
h128ng03w	3
5138jf402	3
3t945r74f	3
cbv73c080m	3
c79407x45z	3
cks65hc512	3
cr207tp66m	3
cj3860725q	3
cmw22v571j	3
cmk61rg92d	3
c821gj82g	3
5712m7113	3
ww72bb88m	3
2j62s610h	3
cbk128b20x	3
bv73c051k	3
b73666457r	3
w3763942j	3
5712m752b	3
s7526d54w	3
0p096721v	3
9c67wn67f	3
zk51vh05k	3
t435gf02r	3
9306t0420	3
fb4948845	3
8k71nh604	3
6682x554q	3
vq27zp76s	3
9019s391p	3
v979v395x	3
0r967475c	3
9019s3784	3
j6731549r	3
h702q777z	3
1r66j127c	3
6682x4783	3
6h440s74r	3
8c97kq89m	3
bc386j31v	3
j098zc30d	3
j38607392	3
mp48sd21q	3
pg15bf20b	3
rr171x67g	3
w0892b613	3
x920fx491	3
ff3656733	3
pc289k29s	3
3r074w514	3
5t34sk95q	3
1831cm35r	3
0r967413c	3
70795829p	3
9c67wp10h	3
cr56n1516	3
hm50ts19w	3
hq37vp184	3
ng451j626	3
zk51vh006	3
zs25x853s	3
cr56n247t	3
js956h09c	3
2r36tx54r	3
9019s3848	3
8c97kr72n	3
4t64gp05w	3
f4752j055	3
bn999694w	3
n296wz77f	3
fj236296f	3
5138jd902	3
02870w832	3
b5644s629	3
p5547s43v	3
9019s4020	3
kd17cv36x	3
bv73c191r	3
xk81jm63t	3
qv33rx112	3
4b29b7437	3
vx021g83t	3
4b29b757k	3
8910jw27j	3
gb19f7074	3
cc08hh084	3
pz50gx934	3
js956h16s	3
2j62s6432	3
wh246s39p	3
8w32r700w	3
w66344723	3
pz50gx58j	3
wd375x836	3
mk61rj25h	3
3197xn39v	3
zk51vh30x	3
d791sh55m	3
bhh63sw009	3
3197xm968	3
8s45q881f	3
05741s75m	3
73666565s	3
f4752h85w	3
1544bp18n	3
1r66j1220	3
6682x410f	3
mc87pq99m	3
ns0646107	3
00000036c	3
nc580m895	3
k930bz400	3
pn89d772t	3
cj82k867j	3
8910jv12q	3
bz60cx51v	3
dr26xz62d	3
rj4305206	3
4j03cz655	3
7h149q790	3
gb19f592h	3
8910jv105	3
qz20st632	3
8910jx76p	3
w3763965v	3
1g05ff41v	3
x633f389b	3
b73666474c	3
cr56n193q	3
n870zr55w	3
2n49t1788	3
nz805z94b	3
9306t000g	3
2j62s592s	3
5138jg14n	3
3r074v09x	3
k930bx40s	3
mw22v554j	3
rj430602g	3
tx31qh87q	3
ck06987762	3
0k225b067	3
ft848r525	3
sx61dm59w	3
xs55mc51k	3
bg257g26f	3
q524jq351	3
1544bp979	3
0g354g38g	3
w0892c14x	3
41687j925	3
6682x550m	3
8049g566g	3
4f16c3773	3
rx913q34c	3
tx31qj05f	3
5m60qs97h	3
5q47rq15r	3
jq085k128	3
tq57nr52b	3
8049g595x	3
cv43nx04w	3
vh53ww184	3
9s161782x	3
8049g584d	3
6m311q20w	3
k930bz290	3
5425kc29h	3
8c97kr54q	3
s1784m14f	3
vq27zp78b	3
k35695185	3
gx41mj05p	3
ng451h89d	3
bc386j92k	3
v692t683m	3
4f16c375j	3
k930bz47x	3
0v8380744	3
8s45q916b	3
n009w316w	3
w0892999t	3
rf55z839j	3
0z708x08t	3
cvt150j61d	3
mp48sd238	3
5x21tg992	3
cx346d4204	3
bng451h511	3
bzw12z5308	3
qn59q4228	3
bqz20ss51z	3
bvq27zn42t	3
w66343760	3
cv43nx13v	3
c3r074v20g	3
cqb98mf84s	3
kk91fn03t	3
c37720c898	3
cww72bb64j	3
g732d947c	3
ht24wk19n	3
q524jp13s	3
b2773w843	3
0c483k37z	3
5425kc219	3
6395w7769	3
jq085m10x	3
q811kk19p	3
qn59q396v	3
nz8061272	3
6q182m105	3
0c483k807	3
0c483j87z	3
bz60d018d	3
bn870zq90s	3
bv405s9556	3
p5547r38s	3
6q182m20d	3
0c483k034	3
qv33rz143	3
c8k71nh423	3
cs7526c76d	3
0k225c518	3
8623hz41x	3
wd375x038	3
xw42n855x	3
ct148fh44q	3
bff3655289	3
pz50gx72c	3
rj430581x	3
bf4752g898	3
b3j3332438	3
cn69m5116	3
6w924c14h	3
cmc87pq242	3
cqv33rw99f	3
5q47rp636	3
6h440t625	3
dn39x1535	3
2r36tx53g	3
8g84mm41p	3
pg15bd999	3
3b5919245	3
n009w2429	3
7w62f899g	3
6m311p473	3
jh343s99c	3
wh246s82z	3
3484zj15h	3
3b591975n	3
pk02cb68r	3
fn1070177	3
jd472x159	3
rn301271x	3
3b5918681	3
bws859f64c	3
dz010q87p	3
41687j79m	3
r781wg85w	3
9z903008w	3
d217qq181	3
xs55mc381	3
zw12z683z	3
b2773w92s	3
d217qq84m	3
x059c754b	3
d217qq05z	3
xs55mc160	3
v979v3788	3
r494vk281	3
r781wh56n	3
8s45q879d	3
c247ds57v	3
4q77fs36n	3
s1784n166	3
kw52j9322	3
bg257f381	3
r494vk73v	3
c4x51hj270	3
v979v390j	3
1v53jz431	3
gh93gz932	3
np193b07w	3
xg94hp91j	3
1g05fb65t	3
bz60cx27s	3
df65v8580	3
df65v8644	3
ft848q86s	3
hh63sw31x	3
z890rt961	3
9k41zg00r	3
rf55z875d	3
cgf06g282x	3
b5644s55w	3
bv405s9467	3
ms35tc50t	3
b4b29b605j	3
wh246s306	3
6108vb631	3
r207tq124	3
xd07gv22b	3
0p096947d	3
6108vd86r	3
s1784n26f	3
df65vb841	3
2514nk766	3
2514nm622	3
v118rg06g	3
3j333333m	3
bvq27zn66m	3
b2227mp784	3
bc386k52t	3
xp68kh51j	3
fn106z99b	3
b9880vr08v	3
bth83kz32w	3
73666538w	3
736665042	3
pc289j10v	3
736664606	3
cj82k864q	3
td96k250z	3
8623hx79n	3
ff365526h	3
n583xv665	3
1c18dg12r	3
ww72bc07m	3
05741s43b	3
ht24wj72z	3
05741s88p	3
z316q3299	3
td96k312r	3
q524jn85t	3
h702q665z	3
1831ck04j	3
05741s98x	3
5h73px435	3
x059c7532	3
g732d9641	3
1831ck08n	3
pk02c9856	3
t148fj238	3
f7623d75w	3
bv73c092t	3
gh93h084g	3
mg74qn151	3
0r967404d	3
cf95jc53z	3
1831cm44q	3
7s75dc71j	3
sx61dn22f	3
gh93h0259	3
cf95jb88v	3
z316q263d	3
9g54xh98g	3
cf95jc52p	3
cf95jc483	3
m613mz31f	3
gf06g354j	3
cfx719m588	3
cq811kj825	3
cj3860727b	3
bk128b63m	3
bs1784k72v	3
bc821gj99d	3
vd66w296v	3
w6634620r	3
xw42n950r	3
b44558d33w	3
bvd66vz96f	3
vh53wz21v	3
ks65hc50j	3
ht24wj75s	3
s4655g667	3
5q47rq05h	3
3r074x791	3
c821gk316	3
s4655h58r	3
m900nv52f	3
8623hz26t	3
79407z33t	3
8623j005f	3
pg15bf77g	3
08612n733	3
tb09j679x	3
x346d582z	3
08612r049	3
w95050902	3
w95050856	3
1831ck67t	3
1831ck993	3
1831ck57k	3
vt150j54x	3
0r967482s	3
8p58pd06v	3
x633f158x	3
ff365669h	3
pr76f3955	3
xd07gt02n	3
b2514nk713	3
b5644s921	3
zs25x971x	3
b5644s344	3
b5138jd88g	3
b5138jd908	3
bz603qx584	3
b5x21tf54n	3
00000119x	3
bmk61rh141	3
79407x91h	3
rr171x577	3
2801pg55p	3
2801ph191	3
v692t6588	3
sb3979488	3
f4752h512	3
7d278v43k	3
8s45qb17t	3
nv935306v	3
vd66w0068	3
df65v937f	3
j098zc48v	3
5425kc244	3
cv979v340j	3
bx059c7499	3
b3n203z32m	3
b3n203z10f	3
6395w789c	3
6395w786j	3
9w032412g	3
6395w729x	3
r494vm08r	3
bq237hs11v	3
37720d12v	3
kk91fk84m	3
37720d975	3
37720d47z	3
8p58pd30x	3
b1v53jw992	3
b12579s26b	3
cqj72p724d	3
db78td465	3
pv63g187x	3
s7526d97p	3
vx021f103	3
c821gm27t	3
m326m325f	3
474299249	3
0g354g17q	3
c821gm41n	3
7m01bn08g	3
2v23vw09k	3
r494vk45p	3
c6108vb268	3
gm80hv32k	3
r207tq39j	3
z316q313d	3
d791sg96n	3
g732db35s	3
rf55z7870	3
wd375x41p	3
765372316	3
3t945r97r	3
cv43nx40r	3
df65v825f	3
w37637777	3
df65v904w	3
df65v876x	3
zw12z596t	3
2f75r8633	3
vq27zp241	3
mk61rh18w	3
p5547r456	3
r781wh276	3
7s75df05c	3
5425kb64w	3
np193b769	3
b08612n53g	3
g732d904k	3
1544bq33z	3
kp78gh01k	3
4m90dv775	3
wh246s616	3
6h440s55j	3
k0698788d	3
v979v331c	3
q811kk726	3
8336h2068	3
02870z62q	3
9880vr29h	3
cc08hg541	3
3484zj104	3
gm80hw63s	3
mw22v600f	3
v979v340b	3
ng451j98k	3
0z708x50t	3
z603qz52z	3
bg257f82k	3
7h149r09h	3
765371841	3
5m60qs44g	3
bg257g39h	3
sn00b0102	3
pn89d657h	3
7m01bm98f	3
h989r434n	3
fx719q27g	3
ccf95jb48w	3
0k225c607	3
bz603qx63v	3
b2n49t1696	3
2f75r883k	3
vm40xt004	3
2f75rb94h	3
bpc289j20s	3
d504rk599	3
pk02c999j	3
hx11xg51n	3
d504rm918	3
ks65hc91s	3
p5547s33m	3
cj098zb44n	3
x059c8830	3
5138jh706	3
ht24wk53z	3
mk61rh29d	3
f4752h23w	3
gq67jr412	3
jq085m28c	3
s7526c94n	3
fn106z604	3
rn3011984	3
wd376012t	3
ns0647163	3
zs25xb24r	3
n296x1789	3
w95051801	3
8w32r7147	3
9z903102f	3
k3569458x	3
p5547s20j	3
tx31qj401	3
qr46r188m	3
zk51vh651	3
n583xv291	3
gt54kn43v	3
w37638234	3
pz50gx41c	3
1n79h461f	3
nv935394g	3
ht24wk504	3
dz010r49g	3
3484zg994	3
cr56n161f	3
0g354g00j	3
cv43nz12s	3
9z902z964	3
x059c9879	3
xk81jm79q	3
5d86p322r	3
7m01bm27g	3
z603qx905	3
qz20st79z	3
5x21tg04h	3
2n49t2245	3
z603qx574	3
w6634388s	3
6m311q461	3
6m311q27t	3
ww72bd11d	3
j38607634	3
6m311q76r	3
q237hs26m	3
4q77fr45d	3
4q77fs033	3
p2676w099	3
tx31qk190	3
4q77fr73k	3
vd66w1519	3
v118rg15f	3
xs55md212	3
vd66w074d	3
9593tv91r	3
v979v3592	3
7w62f937p	3
3n203z22z	3
6h440t83x	3
3n204054m	3
bgh93gz673	3
bg257g255	3
0z708x39t	3
bz60cw54g	3
kd17cv219	3
pr76f4854	3
cv43nx80q	3
cv979v3219	3
csn009x763	3
cw6634360b	3
rf55z827r	3
0v838157p	3
g732db604	3
p5547s03w	3
vt150k170	3
bz60d015k	3
cht24wj53d	3
bzk51vg95g	3
bzs25x845z	3
k3569496b	3
k3569581x	3
tb09j707w	3
rj430618c	3
vt150k40s	3
tm70mw49q	3
cmw22v569r	3
cjs956g171	3
cr207tp345	3
x633f1731	3
x633f166m	3
dz010q19j	3
dz010q544	3
sb397899j	3
8p58pd669	3
x920fx98z	3
nc580p18m	3
bsb397840d	3
hm50tr883	3
gb19f619q	3
qn59q531f	3
9p290b55s	3
cz30ps64c	3
p2676w765	3
q811kk085	3
tx31qj312	3
bx920fw90v	3
w95051267	3
3484zh16k	3
3484zj25r	3
3484zh90v	3
th83m0669	3
3484zk844	3
5x21tg98s	3
4t64gp47d	3
qz20st390	3
9p290d12d	3
bh128nd85q	3
3r074x92k	3
9g54xj921	3
9g54xk17p	3
4x51hk011	3
nk322d58n	3
cnk322d34k	3
cn296wz421	3
cnz805z83m	3
zw12z6626	3
wd3760087	3
r207tq50j	3
t722hb16b	3
gb19f7227	3
wm117p053	3
pg15bg20j	3
cz30pt443	3
h989r3955	3
gh93gz94b	3
gh93h222w	3
1g05ff39t	3
jm214q52x	3
3r074w603	3
p8418q154	3
ws859g993	3
kh04dr187	3
hd76s1312	3
pn89d815d	3
hd76s0898	3
gx41mj54m	3
gt54kp318	3
5h73q002h	3
5t34sk39c	3
r494vk98q	3
sf268552w	3
st74cr340	3
qb98mg127	3
v118rf602	3
wp988j948	3
m613mx77v	3
vm40xt15r	3
s1784k902	3
s1784m712	3
s1784n191	3
v405s978j	3
wd375x89v	3
sj1394853	3
t148fj07w	3
b7p88cg610	3
8w32r598v	3
3x816n60b	3
6h440w491	3
vq27zp551	3
fq977v33q	3
ww72bc39w	3
bx346d430c	3
bsx61dm29w	3
bqj72p733b	3
ch128nd84f	3
ck35694480	3
cgh93gz80h	3
44558s321	2
44558s92g	2
44558s984	2
44558t12r	2
44558r03c	2
r494vm201	2
4m90dw26w	2
4q77fs432	2
7h149r133	2
m039k563d	2
td96k4048	2
xk81jm219	2
bh702q645w	2
s1784p642	2
b1v53jx048	2
bhd76s0156	2
pc289j645	2
bv73c329p	2
st74cq55j	2
2f75r947x	2
00000105k	2
4j03d0605	2
5425k995p	2
7p88cg719	2
cf95jc016	2
nz8060993	2
w3763744p	2
nz8061094	2
9s161726k	2
ht24wk22z	2
12579t52x	2
pr76f374d	2
ng451j430	2
nz806123z	2
tm70mz01z	2
b2n49t176j	2
bx059c7391	2
bkw52j812c	2
bvh53wv80f	2
b3x816m66q	2
8910jx60s	2
1831cn64d	2
b1z40ks93b	2
2j62s7463	2
b9g54xh70x	2
xp68kk039	2
b1g05fb712	2
bjm214p218	2
f7623c599	2
g445cf437	2
hq37vn58w	2
nz805z754	2
p5547r92k	2
p8418p20s	2
r207tq14p	2
b9z902z987	2
7w62f999p	2
b08612n74b	2
pc289k93t	2
05741t232	2
0p0967488	2
1c18dh43z	2
2227mq52k	2
2514nk70j	2
2514nk83m	2
3j333246g	2
3n204088f	2
44558d552	2
44558d71f	2
47429957v	2
4m90dw186	2
5425kc34c	2
5425kc511	2
5d86p1034	2
5x21tf979	2
6395w859v	2
6969z1053	2
6d570048p	2
707959369	2
73666610d	2
7d278t41t	2
7w62f870h	2
8336h3633	2
8c97ks289	2
8k71nh12g	2
8w32r634h	2
8w32r652f	2
9c67wn49h	2
9g54xj33v	2
9p290986k	2
b1544bp08j	2
bg257g85m	2
bt722h881w	2
bz60cz067	2
bzw12z529s	2
cj82k819w	2
df65v845x	2
dz010q918	2
f4752j33b	2
ff365707q	2
fq977w54p	2
gm80hv89q	2
gt54kn58g	2
h989r371k	2
hd76s0919	2
hh63sx403	2
hm50tt35g	2
hq37vn748	2
ht24wj69n	2
ht24wk857	2
jh343t351	2
js956g29n	2
js956h38t	2
k930bx234	2
kk91fn353	2
mg74qn04h	2
mk61rh879	2
mk61rh93f	2
nc580m88w	2
ng451k283	2
ns064620g	2
p2676w34n	2
q237ht672	2
q524jp12h	2
q811kk149	2
qf85nd104	2
qr46r162g	2
qr46r265h	2
qv33rz25m	2
qz20ss57q	2
r494vk57g	2
rf55z7713	2
rn301193r	2
sx61dn746	2
th83kz75w	2
vh53wv773	2
vx021g89g	2
w9505087r	2
wh246s88m	2
xp68kg92k	2
44558h224	2
7p88ck263	2
q811kk96s	2
zp38wg624	2
9s1619146	2
1c18dj40b	2
bfb4948552	2
bgf06g2836	2
b8515r11g	2
bbr86b368c	2
3n2041995	2
bbk128999c	2
b0k225b14p	2
b8336h197n	2
c821gn602	2
b8p58pd166	2
bgx41mh99f	2
bmw22v554w	2
bxk81jk46m	2
5h73px09v	2
z316q4422	2
b9s161636v	2
pk02cd731	2
jq085n970	2
bx633f1263	2
z603qz49n	2
h989r598d	2
pr76f6342	2
bfj2362129	2
79408103p	2
bxw42n806h	2
zs25xc57h	2
w6634614m	2
b3f462545r	2
2b88qg26b	2
sq87bx53c	2
cbr86b3762	2
5712m927d	2
9s1619171	2
b6969z085m	2
st74ct07h	2
bc386n16c	2
zw12z8114	2
8g84mp99h	2
mc87pt04p	2
5h73pz97p	2
47429c74x	2
b1c18df91g	2
6m311r891	2
7d278v61h	2
bz890rt31t	2
bsx61dm43k	2
b79407x22f	2
tm70mz052	2
9306t225r	2
h128nh88d	2
b02870w11q	2
bgm80hv363	2
bnz805z828	2
5x21tj35x	2
b9019s2625	2
bjs956f988	2
5x21tj30j	2
hx11xj10t	2
x059c993f	2
b6w924b851	2
2801pk21g	2
pg15bh44b	2
j96023339	2
b70795778g	2
0c483m93h	2
bx633f119r	2
b0g354f23h	2
w0892d75v	2
b0v8380779	2
bvt150j34g	2
ks65hg28n	2
th83m176r	2
bkp78gg554	2
4j03d255q	2
b7m01bk78f	2
vh53wz20k	2
6108vd59v	2
b7m01bk891	2
th83m041f	2
gf06g5425	2
p2676x89f	2
b9z903000q	2
btq57nr11w	2
z316q438g	2
b0z708w524	2
ht24wm98h	2
9z903252v	2
bv979v316j	2
bw3763683n	2
dn39x407p	2
ft848t30j	2
fq977v81c	2
bwm117p31q	2
bpk02c978p	2
7d278w795	2
44558d76t	2
q524jp07n	2
9w032313j	2
b0r9673953	2
5d86p330f	2
rf55z808j	2
qj72p9799	2
k0698b22x	2
s1784m52v	2
0p096742m	2
6682x502z	2
4t64gp197	2
0g354h86b	2
np193997v	2
bjs956f913	2
6395w973w	2
3x816m90v	2
vx021h90f	2
s7526g16w	2
bhx11xf38h	2
2r36tz83d	2
44558d84h	2
g445cd14k	2
vm40xs084	2
xd07gt15q	2
9c67wn15p	2
t435gd795	2
td96k265k	2
5999n4444	2
w9505205p	2
h415p9945	2
gb19f717c	2
0v838090h	2
2j62s4944	2
st74cr15s	2
zp38wf130	2
4j03d249k	2
44558f06b	2
1544bp430	2
2b88qd74k	2
2z10wq93x	2
3197xm305	2
3r074v16b	2
5425kb90h	2
5m60qs347	2
6682x423h	2
6d56zw67z	2
6d56zx83j	2
6t053g03s	2
70795841z	2
73666499d	2
7s75dc79r	2
8049g5346	2
8p58pd09p	2
bn999693m	2
d217qq309	2
dv13zv00n	2
f4752h00k	2
ff3655303	2
gx41mj63k	2
jd472x38m	2
n296wz83k	2
nc580p05j	2
ng451h73h	2
pn89d6809	2
pz50gx08b	2
pz50gx21w	2
qn59q426c	2
qn59q439f	2
qr46r141q	2
qz20st454	2
s4655h08j	2
st74cr59v	2
sx61dm42q	2
t435gd55k	2
tb09j646c	2
tx31qj47z	2
vm40xr93q	2
ws859g038	2
xg94hq298	2
xw42n912b	2
zp38wd851	2
5x21tg835	2
rb68xc623	2
t435gd28p	2
mp48sd96s	2
fb4949787	2
9880vs12j	2
1544bq54q	2
r207tq91s	2
8w32r675r	2
bk128c36x	2
n296x021z	2
wd375x32q	2
js956g761	2
z316q311v	2
pr76f4790	2
bv73c1387	2
44558h14f	2
05741s76w	2
nc580n73g	2
st74cr579	2
pc289k43m	2
t148fh763	2
9s161704j	2
z316q3035	2
3f462839f	2
bz60cx193	2
b8515n698	2
c534fr681	2
xd07gv39h	2
c821gn513	2
b8p58pd12z	2
xk81jp05b	2
j9602344t	2
btx31qh83g	2
bj3860706f	2
1831ck73z	2
bf7623c65m	2
wp988m22f	2
1z40kt75b	2
x059c819z	2
qz20sw23h	2
3t945q993	2
794080981	2
bd217qp66d	2
bff3655331	2
ww72bc52f	2
3197xp69s	2
b9019s248g	2
bz60cw73p	2
08612r09p	2
bt435gd098	2
bpc289j16c	2
bn999950f	2
h128nd69k	2
bsb3978332	2
sj139477d	2
b6h440s523	2
5t34sn71j	2
1c18dj303	2
ng451m29k	2
6q182k48w	2
c821gk57b	2
3r074x812	2
2n49t1923	2
3f462835b	2
b1544bp166	2
ws859j481	2
9g54xk218	2
jq085n988	2
2801pg976	2
n583xx71f	2
b5q47rn785	2
ws859j43n	2
bq524jn91z	2
b4q77fr41c	2
bwp988j914	2
g732d953h	2
c02870v84c	2
c0g354f20m	2
c0r967373z	2
c8049g504c	2
c3484zg88n	2
c37720c734	2
cfb4948408	2
cjh343s28b	2
cft848q60x	2
cjs956f80j	2
ccr56n138m	2
b12579s42n	2
tb09j7352	2
vt150k74m	2
c00000031h	2
c6t053g30z	2
cbr86b393p	2
c6969z110d	2
crb68xb84k	2
cr781wg00n	2
c1v53jw97g	2
cv405s980h	2
c02870w13c	2
cv692t6442	2
ccr56n116f	2
c821gn378	2
c0g354f45q	2
9593tx584	2
f7623f99p	2
w0892d46d	2
c1j92g771h	2
ck0698783d	2
crr171x50m	2
chd76s031j	2
c12579s45m	2
cf4752g824	2
c8910jt93h	2
cms35t893k	2
cmg74qm52d	2
c0v8380850	2
c0v8380761	2
ck930bx16m	2
2227mr02k	2
sn009z42z	2
cz30ps73b	2
td96k419w	2
kw52j902b	2
b7p88cg76t	2
f1881m388	2
bsx61dm339	2
ff365554p	2
9c67wn355	2
ns0646043	2
rj430606k	2
9593tw18z	2
r494vm27z	2
gq67jr61j	2
1544bp49n	2
2801pg56z	2
4x51hj287	2
cc08hg70d	2
jd472w90n	2
m039k5446	2
qf85nc17v	2
qv33rx287	2
wp988k45j	2
dj52w651h	2
qj72p8547	2
r494vm091	2
sj139332v	2
tb09j712r	2
05741s112	2
cn69m481p	2
cz30pt14c	2
gx41mh96x	2
cj82k737m	2
fq977v09n	2
vx021g27g	2
pg15bf96p	2
1831ck11z	2
3197xm17m	2
x633f2427	2
2514nk95d	2
9s161694h	2
np193b83q	2
qj72p8084	2
2r36tz88s	2
1j92g836s	2
0g354g066	2
b8515n89r	2
f1881m744	2
12579s70n	2
41687k00n	2
c534fp573	2
d217qq26q	2
np193981z	2
rv042t299	2
j6731441b	2
m613mz879	2
th83kz722	2
f1881m060	2
rf55z938g	2
m039k5161	2
vt150k391	2
rf55z782m	2
1831ck76s	2
6h440t30w	2
765372626	2
f1881m965	2
v118rd771	2
4q77fs66c	2
j3860836f	2
wd375x80c	2
j098zc65h	2
f1881m876	2
f1881n22k	2
4b29b658n	2
b5644s22b	2
d504rm765	2
b1c18df816	2
f1881n38g	2
q237hs374	2
q811kk99m	2
z603qz430	2
tb09j6143	2
rr171z63k	2
2b88qd77d	2
tt44pn55d	2
vq27zp41p	2
5d86p1654	2
k930bz397	2
mp48sc84s	2
8c97kq651	2
z890rt32g	2
5h73pw48b	2
qz20ss733	2
79407z59z	2
f4752h708	2
bc386j96p	2
v405s9582	2
1831cm00n	2
bg257f470	2
4f16c412g	2
cbk128b22j	2
cg158bh59c	2
cr56n3802	2
cks65hc50r	2
c7s75dc79x	2
c8p58pd195	2
c5t34sj91q	2
cd504rk45q	2
cx633f122w	2
cn296wz13h	2
cm326m1732	2
c70795794t	2
cg445cd44p	2
c6395w741p	2
cpc289j39w	2
cgq67jr492	2
c1831ck11t	2
8049g683b	2
ck0698784q	2
crb68xc22j	2
ccf95jb74g	2
czc77sq32w	2
cqj72p747w	2
cd217qp79n	2
cj6731418h	2
cmw22v5735	2
c707957954	2
c6t053g36t	2
cd217qp66f	2
cxd07gt039	2
cj6731416w	2
cv979v3392	2
cgb19f6090	2
c5x21tf69h	2
ct148fh451	2
nc580q371	2
n583xv09j	2
cdb78tc240	2
s1784m470	2
bmw22v544m	2
0g354g25d	2
8k71nj73d	2
bbc386j30w	2
tm70mz08w	2
bvt150j335	2
5m60qs41n	2
ng451m35q	2
cx059c746d	2
5138jh69f	2
b05741r863	2
cdr26xx592	2
ckh04dq05w	2
bj9602080t	2
6w924f619	2
bv979v313m	2
bbg257f198	2
c9019s2448	2
cxw42n789f	2
00000159w	2
pz50gx268	2
9p290955k	2
wm117q19n	2
bvq27zn44f	2
2801ph67p	2
bqr46r0821	2
1r66j1459	2
474299320	2
4b29b925q	2
n583xx705	2
bqv33rw72p	2
6m311r94w	2
1n79h735f	2
bb8515n422	2
kh04ds40z	2
b4q77fr36n	2
mc87pt23w	2
nc580q40b	2
zk51vk335	2
br781wg10w	2
cn69m7178	2
q811kn168	2
5h73q007w	2
bft848q705	2
bbz60cw34c	2
pr76f466x	2
c534fq226	2
8s45qb29m	2
jd472w91x	2
fx719n78j	2
jd472w87b	2
c534fq005	2
2b88qd35w	2
3f462629s	2
7w62f909h	2
8c97kr29c	2
9306sz82k	2
9z9031147	2
cf95jb648	2
dn39x194d	2
ht24wj48w	2
j098zb684	2
jw827c31x	2
ks65hd72s	2
ms35t8948	2
p2676v581	2
0g354g244	2
1544bp86s	2
1c18dg98b	2
bv73c109s	2
dz010r23b	2
hh63sw61n	2
rf55z9066	2
v118rf44p	2
wp988k804	2
x920fw86z	2
z603qz82p	2
c37720c90r	2
xp68kh02m	2
3484zj414	2
8623j023c	2
5999n4886	2
c4b29b624t	2
5h73px72m	2
x346d589w	2
gm80hw93h	2
df65v8929	2
xg94hp65x	2
tt44pp15n	2
6q182k915	2
c5999n3523	2
cpr76f377j	2
ckw52j829v	2
cs7526c80t	2
c1544bp33v	2
c5q47rn936	2
2801ph72j	2
c1544bp23k	2
b2773w78z	2
tt44pn97x	2
vx021g23c	2
x633f2249	2
7p88cj029	2
b8515n48h	2
hx11xf505	2
2r36v0019	2
xp68kh54c	2
z603qx92q	2
3b591b25n	2
mg74qm758	2
mc87pq27c	2
ng451h49f	2
2f75r8102	2
jw827c78t	2
mk61rj44q	2
nc580p33q	2
sx61dm94g	2
qn59q4805	2
t435gd45b	2
6969z2237	2
g158bh417	2
mc87pt024	2
sq87bx27r	2
9p290b59w	2
d504rk709	2
t722hb18w	2
gx41mm605	2
8c97ks025	2
h989r3513	2
cf95jc768	2
mk61rh00f	2
x346d473s	2
7h149q811	2
pc289n007	2
b8910jt79s	2
bvd66w013r	2
vm40xv655	2
b8515r03s	2
bsj139195c	2
b2514nk699	2
bn999687g	2
b8w32r5659	2
5t34sn66p	2
2z10wq38v	2
12579t55r	2
xw42n916f	2
4f16c403h	2
1831cm26s	2
qn59q479d	2
2r36tz43f	2
5t34sk889	2
5t34sj904	2
7p88cg876	2
pr76f3912	2
q524jq130	2
5999n474v	2
vx021g63b	2
kw52j935w	2
cxp68kg391	2
ccn69m4300	2
zc77sq80n	2
hd76s040t	2
vq27zn60p	2
6969z170d	2
cr56n2440	2
6969z098w	2
1831cm10w	2
5712m676q	2
ns0646018	2
vq27zn406	2
x920fx092	2
m613n012m	2
0v8381707	2
1g05fb70p	2
2f75r928q	2
73666587t	2
tt44pn081	2
v692t6766	2
gt54kn134	2
tx31qh97z	2
z029p474g	2
6969z211f	2
nz806129m	2
m039k5756	2
41687j259	2
0g354f44d	2
0z708w593	2
1j92g770w	2
1z40kt20r	2
2227mq12m	2
2j62s644b	2
3197xm94q	2
3b591894n	2
3x816p356	2
73666509f	2
736665220	2
8049g560t	2
8049g586z	2
8c97kr126	2
8k71nj970	2
8p58pd89m	2
8p58pf91v	2
8w32r590n	2
9g54xj344	2
9k41zf244	2
bn9997145	2
bn999734n	2
br86b432b	2
bv73c120s	2
bz60cz03d	2
c247ds541	2
c247ds93q	2
dj52w6710	2
dr26xx562	2
dr26xz09w	2
f4752h65d	2
f7623f09h	2
ft848q91n	2
g445cd32h	2
gb19f603t	2
gm80hv875	2
gq67js69z	2
gx41mj408	2
h989r369j	2
j6731463c	2
j9602236x	2
jh343s34j	2
k0698807d	2
k0698847c	2
kd17ct345	2
kp78gg60j	2
m326m3423	2
ms35tb32p	2
nc580m763	2
np1939852	2
p8418n83v	2
q237hs69d	2
qb98mh17t	2
r207tq04f	2
r781wh57x	2
rn3013226	2
rx913p88g	2
t148fh143	2
tq57ns83j	2
v118rf10v	2
vx021g907	2
w6634505f	2
wd375z069	2
wd375z115	2
wh246s773	2
wh246t75r	2
wp988j98c	2
z316q324x	2
zs25x892g	2
zs25x9327	2
pz50gx34z	2
2f75r902k	2
g732db515	2
c4b29b6137	2
tb09j740x	2
bc386k12v	2
37720d70r	2
7w62f989f	2
kp78gh82s	2
4j03d069n	2
12579t05j	2
2227mr27f	2
1g05fc669	2
gh93h066j	2
mc87pr21x	2
0g354g78f	2
2227mr43t	2
vd66w1391	2
6395w808c	2
nz8060640	2
02870x18z	2
2227mq95c	2
wh246s684	2
7s75dd80q	2
5712m821j	2
zp38wf09d	2
xk81jm29h	2
rv042v53k	2
0v838203k	2
c247dt814	2
p5547s843	2
6t053h64q	2
jq085m79v	2
bn999825w	2
2227mq986	2
h989r466x	2
q237hw003	2
bd217qp55t	2
b76537143c	2
bdr26xx474	2
6q182m130	2
tb09j716v	2
3j333303w	2
bdj52w4760	2
6108vd73p	2
bdv13zt431	2
kk91fp41f	2
c247dw35f	2
2801ph832	2
6395w8005	2
4q77fr37q	2
2b88qc87f	2
dj52w502c	2
jw827b87k	2
p8418r516	2
ng451h99n	2
jd472x957	2
41687j35j	2
2b88qd853	2
d504rm69r	2
2v23vv30m	2
5d86p154m	2
2b88qd25n	2
x059c791g	2
b5644s60r	2
rv042t60s	2
9s1616385	2
2b88qd71r	2
gf06g3520	2
3r074w468	2
k0698912g	2
1j92g894p	2
cms35t860t	2
c8g84mm25b	2
ctt44pn16m	2
cb5644r869	2
cw0892b01z	2
cbv73c0649	2
c8w32r5702	2
cg445cd26r	2
cgb19f597m	2
ck3569446c	2
cft848q851	2
cp8418n41z	2
cv979v3200	2
cnp193936x	2
cmk61rh10t	2
cvx021f28m	2
cqz20ss62k	2
cv405s962k	2
cqr46r0986	2
cn009w2687	2
b2773x01j	2
gm80hw72r	2
9k41zf90q	2
5712m7512	2
pr76f462t	2
6m311q18v	2
1544bq18v	2
s4655h24x	2
hm50tr96s	2
jw827c73f	2
2514nm002	2
kk91fk80h	2
cht24wj69j	2
pr76f492j	2
c41687h63m	2
2n49t226q	2
s7526g132	2
5712m722m	2
vq27zp305	2
g158bh76b	2
7m01bp23s	2
cj6731415k	2
1c18dg06m	2
5d86p059s	2
b79407x29m	2
b1r66j1345	2
zk51vj10n	2
1z40kt59z	2
3484zh540	2
3j333319s	2
7d278t25f	2
h989r456p	2
n870zr39h	2
xp68kh754	2
3t945r468	2
jd472w60x	2
jd472x62p	2
ms35t990c	2
tt44pn02c	2
9019s363h	2
7w62f8897	2
9019s349p	2
2r36v0443	2
xw42n957p	2
0k225b50s	2
cj82k7459	2
ft848q99v	2
sf268563d	2
x059c854j	2
qn59q4937	2
x920fz390	2
r494vm53k	2
5138jf819	2
8k71nh80m	2
nv9353740	2
w9505128s	2
6108vc548	2
9w032453q	2
h128ng11k	2
5h73px51v	2
4b29b623j	2
m039k5799	2
3f462574d	2
4b29b6805	2
gt54kn82j	2
4b29b604b	2
4b29b691p	2
jm214p16v	2
sj139271b	2
gt54kp564	2
rx913r19g	2
kw52j852b	2
xs55mc54d	2
9593tw421	2
4b29b6759	2
4b29b778b	2
3197xm23r	2
h128nf69s	2
pg15bf588	2
6h440t561	2
gx41mj76n	2
jm214p327	2
vq27zn77v	2
z029p555g	2
z603qz23h	2
w6634480s	2
cn69m526t	2
3197xm60w	2
6395w8162	2
f7623d19j	2
zp38wf326	2
1544bq40c	2
bz60cx877	2
kd17cv333	2
3197xn450	2
t435gd663	2
b4j03cz73p	2
rv042x19p	2
9z903113z	2
0g354g58z	2
kw52j940r	2
qb98mg44h	2
3197xn59b	2
gt54kq87b	2
q811kn282	2
brf55z781r	2
3197xp75x	2
bst74cq59k	2
brb68xc038	2
bc386n18x	2
dv13zx14d	2
bk35694498	2
pg15bh539	2
8910jt81x	2
5t34sj82f	2
7m01bm05f	2
td96k261g	2
pn89d7929	2
8910jv394	2
bn999724d	2
t148fh97v	2
db78tc39j	2
xw42n8281	2
1n79h530n	2
8w32r6914	2
tb09j638p	2
v979v394n	2
xg94hq807	2
xp68kg96p	2
tm70mw59z	2
5138jg301	2
7d278v429	2
3r074w48t	2
5h73px66g	2
bwm117p00k	2
1n79h561n	2
w9505165x	2
2n49t229j	2
0z708w98s	2
3n204058q	2
ws859f79d	2
sx61dn062	2
cz30pt42j	2
8910jt78m	2
4j03d071p	2
xw42n813d	2
0z708w80b	2
cc08hg78m	2
9g54xj17g	2
02870w921	2
bv73c098g	2
t722h8974	2
qr46r153h	2
8910jv38v	2
rr171x52v	2
s4655g60k	2
t722hb08n	2
b0g354f32g	2
bx059c7513	2
8910jv99k	2
cz30ps83k	2
j9602070t	2
2v23vt604	2
df65v867z	2
7d278v500	2
5q47rq072	2
1v53jx87w	2
p8418p75c	2
d217qr00s	2
9w032345t	2
7d278v16p	2
gb19f6884	2
2801ph697	2
r207tq58r	2
mw22v671d	2
9306sz908	2
mc87pq548	2
4f16c297c	2
vh53ww62p	2
9s161617d	2
jq085j97c	2
dv13zt60w	2
gm80hw08q	2
k930bx97x	2
q524jq572	2
12579t030	2
nc580p315	2
sx61dn02z	2
w0892c202	2
mw22v6020	2
6d56zx97w	2
fn106z469	2
sn009z127	2
3j3332812	2
v405s985z	2
pv63g146p	2
cr56n2458	2
jh343s673	2
8049g631k	2
9p290970p	2
ht24wk59m	2
jh343t105	2
vm40xr99c	2
w0892c16g	2
7h149q69r	2
xd07gv123	2
41687j861	2
2f75r899g	2
g445cf66j	2
8049g654w	2
8049g5193	2
pg15bf83m	2
9593tw090	2
0v838176w	2
zg64tn19w	2
dr26xx60n	2
t148fj93z	2
4q77fs17f	2
m039k5977	2
x059c815v	2
d791sh09h	2
xw42n9490	2
0v8381600	2
td96k2984	2
9z902z94k	2
mw22v626k	2
k35694927	2
qr46r1730	2
bsx61dm517	2
8c97kr878	2
gm80hw79p	2
7s75dd012	2
cv43nx34m	2
hm50ts32f	2
02870w91r	2
xg94hs605	2
ch128nd70x	2
c8s45q879q	2
cfj2362111	2
12579t17b	2
2801pg94c	2
gh93h0241	2
nz8060569	2
pv63g097z	2
m900nv53q	2
nz806117t	2
nk322f53g	2
1z40kv04k	2
8k71nh34h	2
k643b227c	2
ks65hc93b	2
zp38wc76v	2
g158bj41f	2
8g84mn824	2
st74cr76h	2
bht24wj405	2
bmg74qm095	2
bp5547r37c	2
bs4655g570	2
bsf2685097	2
bvx021f12f	2
c2n49t201b	2
ch415p993j	2
cs1784m04t	2
cm613mx85w	2
cx059c766z	2
0c483j623	2
n296wz87p	2
bzg64tm00j	2
dz010r55m	2
0c483j63c	2
3f462612m	2
j96021213	2
76537161q	2
qj72p8415	2
bvm40xr61b	2
0c483j99r	2
vx021f66z	2
pg15bf189	2
np193986b	2
j67313899	2
f7623c581	2
xg94hq94k	2
2v23vv482	2
5t34sm35g	2
05741s45w	2
cn69m4285	2
r781wg90r	2
r781wh098	2
bf7623c75w	2
bf7623c71n	2
bfn106x94t	2
bhh63sv925	2
r494vm31j	2
2801pg96x	2
6682x472f	2
bfb494851t	2
bfq977t982	2
bfb4948580	2
pz50h006c	2
b7d278t15t	2
fq977x47g	2
6682x420p	2
brj430462t	2
c9306sz61t	2
c8p58pd20n	2
c9593tv44m	2
ccf95jb735	2
cnv935292n	2
8w32r617v	2
3f4627087	2
79407z04c	2
cr56n2572	2
sb397901c	2
t148fk005	2
g732d901r	2
k35695206	2
3f4627044	2
gt54kn401	2
h128nf146	2
3f462687p	2
ht24wj605	2
st74cr70v	2
9g54xj408	2
gq67jr943	2
s1784m60j	2
3b591948r	2
sx61dn48k	2
rr171z64v	2
1544bq14r	2
0g354g36x	2
1v53jz342	2
ww72bc248	2
h989r325g	2
jd472x93p	2
gh93h073z	2
x633f241z	2
3b591b28g	2
zk51vh715	2
5425kc198	2
3b5919929	2
gm80hw88n	2
5425kb86x	2
3b591984m	2
5q47rq004	2
0v838154v	2
3b591b187	2
jh343t636	2
qb98mg67t	2
p2676v71k	2
ft848r79k	2
2r36v0329	2
2514nm27g	2
73666561p	2
4m90dw585	2
6h440s49d	2
cn69m482z	2
x920fx156	2
s7526c51v	2
rv042v78f	2
fq977w460	2
z890rv76r	2
6d56zx24c	2
b4q77fr45m	2
x633f386h	2
5999n622h	2
bt722h9027	2
n296x1860	2
np193974j	2
6d56zx276	2
j38607812	2
6d56zz328	2
qj72p812q	2
db78tc62b	2
2v23vt647	2
d217qq63v	2
0z708x467	2
c247ds320	2
nc580m720	2
47429b07v	2
7h149r19r	2
5t34sk803	2
c247dt52p	2
9k41zf45w	2
1544bq283	2
3x816n84x	2
qj72p860c	2
fq977w45q	2
cr56n220d	2
pc289j050	2
hx11xh834	2
c2j62s508s	2
c2n49t205k	2
6108vc00z	2
6108vc56t	2
gb19f839m	2
zw12z812d	2
pz50h0096	2
fb494915z	2
kh04dq22m	2
bxd07gs865	2
j9602340q	2
6682x672v	2
6108vc530	2
2514nk80s	2
kk91fm390	2
2z10wr34z	2
h702q781j	2
2514nm51j	2
h128nf77g	2
qb98mh00n	2
6m311q89t	2
sx61dn11x	2
hd76s164m	2
3t945s16r	2
fx719n08v	2
0r967383v	2
ww72bb730	2
3x816n279	2
2514nm818	2
w37637424	2
5999n3919	2
5999n3499	2
n583xv24n	2
9p290d093	2
b9c67wm994	2
b9880vr20x	2
b9593tv14r	2
sn009z62f	2
b9z902z90r	2
g732db07m	2
gt54kn64m	2
70795911f	2
zw12z6715	2
2r36v012t	2
vm40xt24q	2
wp988m11x	2
db78td707	2
nv935423q	2
37720f01j	2
05741t097	2
j67315301	2
r494vm40h	2
sx61dn36s	2
hh63sx004	2
2f75r831t	2
3r074v79m	2
c821gk14j	2
cv43nx390	2
d791sg544	2
nk322d784	2
ww72bb80d	2
7p88ch490	2
v692t756x	2
1c18dg49d	2
th83m0783	2
jq085k730	2
mg74qm68v	2
1c18dg56t	2
pc289k68g	2
05741s74b	2
m613mz305	2
j6731465x	2
kh04dq04p	2
xg94hp73m	2
05741r808	2
zw12z6758	2
vx021f20b	2
vd66w128h	2
8g84mm305	2
sq87bv15j	2
gt54kp539	2
4j03d068c	2
3484zj42d	2
n870zs27x	2
5h73px524	2
ns064710f	2
dn39x275d	2
5d86p0933	2
n870zr63k	2
mp48sd327	2
sj139253d	2
s7526c79j	2
f7623d35x	2
td96k553d	2
bqf85nb392	2
b6m311p31c	2
5q47rp15j	2
cf95jb78m	2
dn39x286x	2
bk128c490	2
cf95jb68c	2
0p096827q	2
zs25x9505	2
g158bj341	2
bc386j37h	2
k930bz55m	2
gb19f687v	2
5425k983w	2
bhx11xf301	2
b3n203z122	2
bg257g58q	2
rb68xc976	2
kh04dq12c	2
dv13zt747	2
v692t733m	2
rb68xd27q	2
6t053g52q	2
ft848r38b	2
2r36tz03g	2
g732d907d	2
5d86p179g	2
db78tc98q	2
qv33rx05x	2
cf1881m246	2
cf1881m218	2
cf1881k90n	2
5425k982m	2
8k71nh19d	2
8p58pd83z	2
zg64tm68m	2
x633f1332	2
ckh04dp87g	2
ctb09j5866	2
bt722h887r	2
bc386j855	2
bc534fn923	2
2f75r9532	2
j098zc29n	2
hx11xg358	2
bcr56n104h	2
gq67jt784	2
m613n1329	2
js956j46q	2
6395w8472	2
mw22v642z	2
fb494858j	2
fb494b04n	2
0k225c322	2
1v53jx796	2
fb494957g	2
g732d941q	2
n009w3442	2
c7w62f839z	2
8623j168x	2
wh246v970	2
h702q913t	2
c821gm33z	2
08612p52j	2
08612p66w	2
c821gk936	2
tx31qj82j	2
x059c841g	2
n870zr90g	2
z029p5147	2
z029p5083	2
cjq085k13c	2
th83kz366	2
9c67wp32j	2
m900nv16k	2
sf268568s	2
1831cm38k	2
1831ck14s	2
6395w821x	2
3t945r115	2
7w62f8608	2
2f75r970q	2
p8418p01k	2
sx61dm81d	2
9593tv476	2
k0698748f	2
qf85nb837	2
kd17cv13m	2
b5644s06z	2
b5644s212	2
r781wg80h	2
w6634428j	2
s1784n17g	2
3r074v747	2
h702q790h	2
v979v615m	2
b2r36tx62z	2
b5x21tf479	2
w9505068j	2
b2773w96w	2
2801pg98g	2
47429941z	2
79407x52t	2
2n49t322t	2
rn301280w	2
79407x89g	2
bgf06g2864	2
1n79h6293	2
db78td775	2
z603r0270	2
6w924c83x	2
ks65hd529	2
rb68xc63c	2
bz60cx22d	2
v405s966r	2
79407x47z	2
tt44pp16x	2
8p58pf01p	2
2801pk22r	2
rb68xd26f	2
1v53jx76c	2
t435gd36c	2
4q77fr76d	2
nc580p27k	2
7d278v52j	2
6682x4669	2
sf2686523	2
6682x445j	2
9p290b77t	2
2f75r8455	2
n870zr32k	2
xp68kg456	2
cvd66w0115	2
c4x51hj45x	2
c4f16c308n	2
js956h42d	2
76537398s	2
bj098zb19b	2
bpk02c975r	2
9k41zf953	2
r494vk97f	2
zp38wg560	2
rj430565j	2
r207ts186	2
b2z10wq51n	2
9c67wn134	2
b02870w04c	2
ww72bf24p	2
4q77fs45m	2
02870v887	2
37720d28r	2
b1c18df80w	2
c8w32r575m	2
db78tc45p	2
db78tc84c	2
j38608401	2
3n203z369	2
47429b51d	2
vm40xs989	2
ws859h41w	2
xk81jm928	2
w66344634	2
0p096822b	2
v118rf599	2
c821gm08m	2
hd76s0791	2
rn301170f	2
zw12z576b	2
c8w32r5866	2
3x816m672	2
sf268591k	2
tt44pp09h	2
9880vr287	2
df65v9098	2
df65v791t	2
d504rk467	2
v118rf35q	2
0g354f33w	2
bjh343s54w	2
b0c483j46v	2
8k71nj279	2
02870z71p	2
brx913p89h	2
cr56n129p	2
8k71nh451	2
1544bq151	2
xd07gs988	2
gt54kn30s	2
j9602186x	2
xg94hp95n	2
st74cr82n	2
bs7526c43m	2
6q182m11f	2
ww72bc71n	2
02870w24w	2
bg257f28s	2
cxs55mc428	2
9880vr94t	2
cv43nw954	2
vd66w0734	2
h128nf723	2
qz20st543	2
rb68xc85d	2
hm50tt04g	2
tq57ns411	2
gf06g333s	2
cc08hh02g	2
r207tp39b	2
vm40xs56s	2
47429922r	2
1v53jx24m	2
9593tw44k	2
47429935t	2
pk02c978s	2
pr76f469r	2
vm40xr87k	2
n009w377m	2
3x816n83n	2
vx021f481	2
zs25x9106	2
mc87pq98b	2
r494vm25d	2
cc08hg69n	2
t435gg76r	2
ccf95jb75s	2
b2773w18h	2
x346d498n	2
bhd76s0184	2
h702q6934	2
tt44pn366	2
b2514nk57d	2
b2801pg403	2
b2514nk591	2
qr46r1021	2
5d86p123m	2
jd472x72x	2
js956g83f	2
n009w3620	2
n583xv16z	2
3r074x84w	2
x059cb00n	2
bg257g33v	2
hq37vn88m	2
1n79h546j	2
d504rk955	2
d504rm78q	2
vq27zn66b	2
c1z40kt10g	2
sq87bv394	2
qr46r1463	2
6q182m02g	2
mc87pr28v	2
9s1616652	2
c6w924b99k	2
cjw827b93w	2
mk61rj70b	2
2z10wq58b	2
4f16c340f	2
4f16c4027	2
f4752j012	2
5d86p142t	2
2n49t285w	2
gq67jr790	2
jh343t814	2
jh343t69v	2
jh343w124	2
gf06g323j	2
zg64tn41d	2
gq67jr31t	2
pz50gw750	2
5t34sk030	2
zg64tm07w	2
br86b4487	2
brb68xc00b	2
fn1070223	2
fn107023c	2
br86b3855	2
zp38wc63s	2
8p58pd57b	2
6t053h60m	2
zp38wc75k	2
gh93h0348	2
fn106z90v	2
zp38wc72r	2
0k225c055	2
kd17cw410	2
fn107142s	2
zp38wg63d	2
rf55z912b	2
xk81jm618	2
zc77sr458	2
g158bh34t	2
tq57nr50s	2
tq57ns12k	2
dj52w6418	2
csx61dm410	2
1g05fb74s	2
tq57nr62k	2
tq57nr288	2
sq87bt97t	2
zs25xb048	2
k3569574h	2
sx61dm67k	2
n583xv76d	2
g445cf47b	2
4t64gn697	2
g445cf861	2
rr171z44c	2
qb98mg038	2
h415pb56z	2
rb68xb899	2
r207tp45g	2
zk51vh359	2
zk51vh405	2
kp78gg37r	2
bg445cd271	2
zk51vk40k	2
4m90dw88w	2
1n79h444s	2
wd375x17m	2
3n203z91c	2
dr26xx651	2
dr26xz49v	2
dr26xz372	2
q811kj71q	2
nv9354062	2
dr26z099f	2
dr26xx669	2
q524jq084	2
j67313902	2
j6731423d	2
kh04dq598	2
0v838207p	2
gt54kn25x	2
z603qz19x	2
pg15bf22w	2
5d86p049j	2
kw52jb948	2
j6731522b	2
8g84mn53p	2
jd472x515	2
fx719n07k	2
gm80hv41j	2
5d86p184b	2
ks65hc281	2
wm117q041	2
sq87bv25s	2
8s45q917m	2
dn39x160k	2
bv73c111t	2
8s45q982x	2
bv118rd65b	2
1z40kt73s	2
m039k564p	2
m039k499k	2
q811kj92g	2
6h440t45h	2
fx719n425	2
j098zc34h	2
4t64gp58x	2
7h149q480	2
rv042t08j	2
rv042v41s	2
7p88cg655	2
q237ht26t	2
q237ht21f	2
rv042t680	2
nk322f26k	2
rv042v618	2
x059c820q	2
5m60qs93d	2
wh246t04s	2
41687j89v	2
jm214q43z	2
wh246t53q	2
wh246w003	2
6q182m51d	2
g158bh47w	2
4q77fr91h	2
4q77fr56x	2
qz20ss83b	2
mw22v586t	2
1r66j183q	2
v979v305r	2
v979v456f	2
vq27zn784	2
bgh93gz65g	2
z316q1989	2
3n203z56s	2
8w32r671n	2
q524jq440	2
dn39x231b	2
fj236342b	2
41687j10p	2
z890rv347	2
sb3978589	2
qb98mg950	2
cx920fw855	2
cxw42n7884	2
cvt150j26v	2
j38607146	2
j3860720b	2
j3860982r	2
fj236287g	2
7s75dc708	2
6w924c42p	2
s7526d491	2
vm40xr983	2
bz60cx90j	2
3t945r23z	2
bw0892993s	2
pk02cb755	2
bzw12z5453	2
cz30pt89f	2
tb09j566n	2
vt150k56p	2
s1784k899	2
z890rv593	2
v692t675x	2
j098zc21f	2
j098zb26m	2
dz010r044	2
dz010q765	2
m613mz07c	2
8p58pf58t	2
8p58pd715	2
ft848r58t	2
rj4306148	2
q237hs08p	2
5x21tg789	2
wm117p16m	2
nk322d32h	2
1z40kt36n	2
gm80hw154	2
rb68xc089	2
qn59q544h	2
z890rv95z	2
1r66j2226	2
n296wz209	2
7m01bm47z	2
dj52w4980	2
tx31qj32b	2
p8418p94k	2
2r36tz72w	2
tx31qk033	2
2r36v1627	2
h128nh85k	2
0v838105x	2
w6634362n	2
qz20st47p	2
ks65hc744	2
qz20st607	2
9g54xm762	2
m900nv35s	2
m900nv75r	2
ns064724s	2
ns064618f	2
ns0647074	2
4x51hk50z	2
vm40xt047	2
s4655j27z	2
kh04dr31s	2
k643b148x	2
zw12z551g	2
kp78gg666	2
fq977v60m	2
r207tq787	2
4j03cz73v	2
gb19f683r	2
bn999703n	2
ks65hd43b	2
qr46r2248	2
nk322d79d	2
qr46r101r	2
qr46r2273	2
nc580n68m	2
qv33rx821	2
qj72p8173	2
wm117r55q	2
pg15bd981	2
7s75dc66p	2
x059c868w	2
kw52j937f	2
t435gd80x	2
t435gd68n	2
h989r343d	2
n583xw08g	2
mg74qm46t	2
vt150k633	2
sn00b015f	2
mg74qn682	2
v692t7576	2
h702q722c	2
j9602203c	2
3j3333312	2
3r074v62f	2
pv63g1419	2
p8418n488	2
h415p9724	2
zc77sq206	2
7m01bm797	2
kh04dq47g	2
kk91fm40r	2
pz50gw394	2
rx913r03k	2
xs55mc05g	2
gt54kn291	2
hq37vp69m	2
5h73px60t	2
5h73q012r	2
kd17ct48h	2
bxp68kg38p	2
9z903265x	2
x920fw95x	2
8w32r6451	2
bt435gd12c	2
q524jr64p	2
jd472x451	2
k930bx943	2
bks65hc43c	2
7s75dg384	2
btb09j579t	2
9p290b448	2
nk322f330	2
xd07gv32k	2
cxg94hp92n	2
v118rd94p	2
v118rd789	2
wp988k961	2
cww72bb71w	2
m613mx66b	2
m613n0323	2
9k41zf219	2
9k41zf16f	2
nc580n794	2
jw827f18s	2
2z10wq814	2
bn870zq83f	2
w0892b55z	2
g158bj138	2
s1784k87r	2
xg94hq91r	2
7s75dd78p	2
v405sb95d	2
dv13zt62f	2
wd375w33s	2
xw42n800b	2
4j03d124h	2
xw42n853c	2
0p0967933	2
nc580q478	2
sj1393181	2
np1939207	2
np193b59n	2
bjh343s36z	2
6h440t10d	2
8w32r692d	2
p5547s380	2
p5547s14d	2
p5547v17n	2
1r66j169w	2
g732dc40v	2
ww72bc583	2
bjm214p28f	2
bjq085k08m	2
bs4655g68k	2
bjh343s31d	2
bs7526c62v	2
bh989r338j	2
bw0892b03j	2
btx31qh77f	2
chq37vn744	2
ch415p981n	2
cst74cq453	2
cmw22v5707	2
csb3978469	2
cpn89d6618	2
