<record xmlns="http://www.loc.gov/MARC21/slim">
  <leader>01025cam a2200337 a 4500</leader>
  <controlfield tag="001">2844790</controlfield>
  <controlfield tag="003">CaMWOCL</controlfield>
  <controlfield tag="005">20031215165315.0</controlfield>
  <controlfield tag="008">880906s1988    abca         s000 0 fre d</controlfield>
  <datafield tag="016" ind1=" " ind2=" ">
    <subfield code="a">930841034</subfield>
  </datafield>
  <datafield tag="035" ind1=" " ind2=" ">
    <subfield code="a">ocm28666717</subfield>
  </datafield>
  <datafield tag="040" ind1=" " ind2=" ">
    <subfield code="a">CaOONLC</subfield>
    <subfield code="b">fre</subfield>
    <subfield code="c">NLC</subfield>
    <subfield code="d">AEUSJ</subfield>
  </datafield>
  <datafield tag="049" ind1=" " ind2=" ">
    <subfield code="a">UABA</subfield>
  </datafield>
  <datafield tag="055" ind1="0" ind2="0">
    <subfield code="a">COP.AL.2.1988-153</subfield>
  </datafield>
  <datafield tag="082" ind1="0" ind2=" ">
    <subfield code="a">510/.76</subfield>
    <subfield code="2">20</subfield>
  </datafield>
  <datafield tag="090" ind1=" " ind2=" ">
    <subfield code="a">510.76 N48 1988</subfield>
    <subfield code="b">AEUSJ</subfield>
  </datafield>
  <datafield tag="245" ind1="0" ind2="0">
    <subfield code="a">9e année, test pilote :</subfield>
    <subfield code="b">mathématiques, juin 1988.</subfield>
  </datafield>
  <datafield tag="246" ind1="3" ind2=" ">
    <subfield code="a">Neuvième année, test pilote</subfield>
  </datafield>
  <datafield tag="246" ind1="1" ind2="6">
    <subfield code="a">Mathématiques 9e année</subfield>
  </datafield>
  <datafield tag="260" ind1=" " ind2=" ">
    <subfield code="a">[Edmonton] :</subfield>
    <subfield code="b">Alberta Education,</subfield>
    <subfield code="c">1988.</subfield>
  </datafield>
  <datafield tag="300" ind1=" " ind2=" ">
    <subfield code="a">28 p. :</subfield>
    <subfield code="b">ill. ;</subfield>
    <subfield code="c">28 cm.</subfield>
  </datafield>
  <datafield tag="336" ind1=" " ind2=" ">
    <subfield code="a">text</subfield>
    <subfield code="b">txt</subfield>
    <subfield code="2">rdacontent</subfield>
  </datafield>
  <datafield tag="337" ind1=" " ind2=" ">
    <subfield code="a">unmediated</subfield>
    <subfield code="b">n</subfield>
    <subfield code="2">rdamedia</subfield>
  </datafield>
  <datafield tag="338" ind1=" " ind2=" ">
    <subfield code="a">volume</subfield>
    <subfield code="b">nc</subfield>
    <subfield code="2">rdacarrier</subfield>
  </datafield>
  <datafield tag="500" ind1=" " ind2=" ">
    <subfield code="a">Titre de la couv.</subfield>
  </datafield>
  <datafield tag="596" ind1=" " ind2=" ">
    <subfield code="a">39</subfield>
  </datafield>
  <datafield tag="650" ind1=" " ind2="6">
    <subfield code="a">Mathématiques</subfield>
    <subfield code="v">Examens, questions, etc.</subfield>
  </datafield>
  <datafield tag="710" ind1="1" ind2=" ">
    <subfield code="a">Alberta.</subfield>
    <subfield code="b">Alberta Education.</subfield>
  </datafield>
  <datafield tag="740" ind1="0" ind2=" ">
    <subfield code="a">Mathématiques, juin 1988.</subfield>
  </datafield>
  <datafield tag="949" ind1=" " ind2=" ">
    <subfield code="z">0162016606582</subfield>
  </datafield>
  <datafield tag="926" ind1=" " ind2=" ">
    <subfield code="a">UABSJ</subfield>
    <subfield code="b">SPECIALCOL</subfield>
    <subfield code="c">510.76 N48 1988</subfield>
    <subfield code="d">NO_LOAN</subfield>
    <subfield code="f">1</subfield>
  </datafield>
</record>
