<record xmlns="http://www.loc.gov/MARC21/slim">
  <leader>00997nam a22002297a 4500</leader>
  <controlfield tag="001">000033181905</controlfield>
  <controlfield tag="003">CaOOAMICUS</controlfield>
  <controlfield tag="005">20070607115100.0</controlfield>
  <controlfield tag="008">070110s2006    abc          s000 0 eng  </controlfield>
  <datafield tag="016" ind1=" " ind2=" ">
    <subfield code="a">20078020379 </subfield>
  </datafield>
  <datafield tag="040" ind1=" " ind2=" ">
    <subfield code="a">CaOONL</subfield>
    <subfield code="b">eng</subfield>
    <subfield code="c">CaOONL</subfield>
  </datafield>
  <datafield tag="043" ind1=" " ind2=" ">
    <subfield code="a">n-cn-ab</subfield>
  </datafield>
  <datafield tag="082" ind1="0" ind2=" ">
    <subfield code="a">362.198/92097123</subfield>
    <subfield code="2">22</subfield>
  </datafield>
  <datafield tag="245" ind1="0" ind2="0">
    <subfield code="a">AADL :</subfield>
    <subfield code="b">pediatric incontinence.</subfield>
  </datafield>
  <datafield tag="246" ind1="1" ind2=" ">
    <subfield code="i">At head of title:</subfield>
    <subfield code="a">Alberta Aids to Daily Living program</subfield>
  </datafield>
  <datafield tag="246" ind1="3" ind2="0">
    <subfield code="a">Pediatric incontinence</subfield>
  </datafield>
  <datafield tag="260" ind1=" " ind2=" ">
    <subfield code="a">Edmonton :</subfield>
    <subfield code="b">Alberta  Seniors and Community Supports,</subfield>
    <subfield code="c">[2006?]</subfield>
  </datafield>
  <datafield tag="300" ind1=" " ind2=" ">
    <subfield code="a">[10] p. ;</subfield>
    <subfield code="c">22 cm.</subfield>
  </datafield>
  <datafield tag="500" ind1=" " ind2=" ">
    <subfield code="a">Cover title.</subfield>
  </datafield>
  <datafield tag="500" ind1=" " ind2=" ">
    <subfield code="a">&quot;Program mandate: the Alberta Aids to Daily Living (AADL) program helps Albertans with a long-term disability, chronic illness or terminal illness maintain their independence in their home by providing medical equipment and supplies to meet their basic medically assessed needs&quot;.</subfield>
  </datafield>
  <datafield tag="710" ind1="1" ind2=" ">
    <subfield code="a">Alberta.</subfield>
    <subfield code="b">Alberta Seniors and Community Supports.</subfield>
  </datafield>
  <datafield tag="852" ind1=" " ind2=" ">
    <subfield code="9">1</subfield>
    <subfield code="a">CaOONL</subfield>
    <subfield code="h">COP.AL.2.2007-19</subfield>
    <subfield code="z">ILL: no</subfield>
  </datafield>
</record>
