<record xmlns="http://www.loc.gov/MARC21/slim">
  <leader>02402cam a2200505 a 4500</leader>
  <controlfield tag="001">5162730</controlfield>
  <controlfield tag="005">20110607141800.0</controlfield>
  <controlfield tag="006">m        d s      </controlfield>
  <controlfield tag="008">010109s2001    abca         s000 0 eng d</controlfield>
  <datafield tag="020" ind1=" " ind2=" ">
    <subfield code="a">0778507165 (v. 1 : paper)</subfield>
  </datafield>
  <datafield tag="020" ind1=" " ind2=" ">
    <subfield code="a">0778507130 (v. 2)</subfield>
  </datafield>
  <datafield tag="020" ind1=" " ind2=" ">
    <subfield code="a">0778507149 (v. 3)</subfield>
  </datafield>
  <datafield tag="020" ind1=" " ind2=" ">
    <subfield code="a">0778507157 (v. 4)</subfield>
  </datafield>
  <datafield tag="020" ind1=" " ind2=" ">
    <subfield code="a">0778507173 (v. 5)</subfield>
  </datafield>
  <datafield tag="020" ind1=" " ind2=" ">
    <subfield code="a">077850719X (v. 6)</subfield>
  </datafield>
  <datafield tag="035" ind1=" " ind2=" ">
    <subfield code="a">ocm49812975</subfield>
  </datafield>
  <datafield tag="040" ind1=" " ind2=" ">
    <subfield code="a">AEHE</subfield>
    <subfield code="b">eng</subfield>
    <subfield code="d">AEHE</subfield>
    <subfield code="d">ARDC</subfield>
    <subfield code="d">AEG</subfield>
    <subfield code="d">CaAEGMCT</subfield>
  </datafield>
  <datafield tag="090" ind1=" " ind2=" ">
    <subfield code="a">RA427.9 .U43 2001</subfield>
    <subfield code="b">AEGMCT</subfield>
  </datafield>
  <datafield tag="110" ind1="2" ind2=" ">
    <subfield code="a">Umbrella Alberta Primary Health Care Project.</subfield>
  </datafield>
  <datafield tag="245" ind1="1" ind2="0">
    <subfield code="a">Advancing primary health care in Alberta.</subfield>
  </datafield>
  <datafield tag="260" ind1=" " ind2=" ">
    <subfield code="a">[Edmonton] :</subfield>
    <subfield code="b">Alberta Health and Wellness,</subfield>
    <subfield code="c">2001.</subfield>
  </datafield>
  <datafield tag="300" ind1=" " ind2=" ">
    <subfield code="a">[6] v. :</subfield>
    <subfield code="b">ill. ;</subfield>
    <subfield code="c">28 cm.</subfield>
  </datafield>
  <datafield tag="336" ind1=" " ind2=" ">
    <subfield code="a">text</subfield>
    <subfield code="b">txt</subfield>
    <subfield code="2">rdacontent</subfield>
  </datafield>
  <datafield tag="337" ind1=" " ind2=" ">
    <subfield code="a">unmediated</subfield>
    <subfield code="b">n</subfield>
    <subfield code="2">rdamedia</subfield>
  </datafield>
  <datafield tag="338" ind1=" " ind2=" ">
    <subfield code="a">volume</subfield>
    <subfield code="b">nc</subfield>
    <subfield code="2">rdacarrier</subfield>
  </datafield>
  <datafield tag="500" ind1=" " ind2=" ">
    <subfield code="a">Cover title.</subfield>
  </datafield>
  <datafield tag="500" ind1=" " ind2=" ">
    <subfield code="a">&quot;The Umbrella Alberta Primary Health Care Project was created to further advance primary health care by informing the practice of primary health care in Alberta and future policy development&quot; -- [V. 1], p. 1.</subfield>
  </datafield>
  <datafield tag="505" ind1="0" ind2=" ">
    <subfield code="a">[Vol. 1] Primary health care as a model: lessons learned -- [v. 2] Access: lessons learned -- [v. 3] Integration: lessons learned -- [v. 4] Multi-disciplinary teams: lessons learned -- [v. 5] Quality: lessons learned -- [v. 6] How we&apos;re sharing the learning: final dissemination activities report.</subfield>
  </datafield>
  <datafield tag="596" ind1=" " ind2=" ">
    <subfield code="a">29</subfield>
  </datafield>
  <datafield tag="650" ind1=" " ind2="0">
    <subfield code="a">Primary health care</subfield>
    <subfield code="z">Alberta.</subfield>
  </datafield>
  <datafield tag="650" ind1=" " ind2="0">
    <subfield code="a">Community health services</subfield>
    <subfield code="z">Alberta.</subfield>
  </datafield>
  <datafield tag="710" ind1="1" ind2=" ">
    <subfield code="a">Alberta.</subfield>
    <subfield code="b">Alberta Health and Wellness.</subfield>
  </datafield>
  <datafield tag="740" ind1="0" ind2=" ">
    <subfield code="a">Primary health care as a model : lessons learned.</subfield>
  </datafield>
  <datafield tag="740" ind1="0" ind2=" ">
    <subfield code="a">Access : lessons learned.</subfield>
  </datafield>
  <datafield tag="740" ind1="0" ind2=" ">
    <subfield code="a">Integration : lessons learned.</subfield>
  </datafield>
  <datafield tag="740" ind1="0" ind2=" ">
    <subfield code="a">Multi-disciplinary teams : lessons learned.</subfield>
  </datafield>
  <datafield tag="740" ind1="0" ind2=" ">
    <subfield code="a">Quality : lessons learned.</subfield>
  </datafield>
  <datafield tag="740" ind1="0" ind2=" ">
    <subfield code="a">How we&apos;re sharing the learning : final dissemination activities report.</subfield>
  </datafield>
  <datafield tag="948" ind1=" " ind2=" ">
    <subfield code="a">12/21/2001</subfield>
    <subfield code="b">06/07/2011</subfield>
    <subfield code="z">Sirsi</subfield>
  </datafield>
  <datafield tag="926" ind1=" " ind2=" ">
    <subfield code="a">GR_MACEWAN</subfield>
    <subfield code="b">ON_SHELF</subfield>
    <subfield code="c">RA427.9 .U43 2001 [v. 1]</subfield>
    <subfield code="d">BOOK</subfield>
    <subfield code="f">1</subfield>
  </datafield>
  <datafield tag="926" ind1=" " ind2=" ">
    <subfield code="a">GR_MACEWAN</subfield>
    <subfield code="b">ON_SHELF</subfield>
    <subfield code="c">RA427.9 .U43 2001 [v. 2]</subfield>
    <subfield code="d">BOOK</subfield>
    <subfield code="f">1</subfield>
  </datafield>
  <datafield tag="926" ind1=" " ind2=" ">
    <subfield code="a">GR_MACEWAN</subfield>
    <subfield code="b">ON_SHELF</subfield>
    <subfield code="c">RA427.9 .U43 2001 [v. 3]</subfield>
    <subfield code="d">BOOK</subfield>
    <subfield code="f">1</subfield>
  </datafield>
  <datafield tag="926" ind1=" " ind2=" ">
    <subfield code="a">GR_MACEWAN</subfield>
    <subfield code="b">ON_SHELF</subfield>
    <subfield code="c">RA427.9 .U43 2001 [v. 4]</subfield>
    <subfield code="d">BOOK</subfield>
    <subfield code="f">1</subfield>
  </datafield>
  <datafield tag="926" ind1=" " ind2=" ">
    <subfield code="a">GR_MACEWAN</subfield>
    <subfield code="b">ON_SHELF</subfield>
    <subfield code="c">RA427.9 .U43 2001 [v. 5]</subfield>
    <subfield code="d">BOOK</subfield>
    <subfield code="f">1</subfield>
  </datafield>
  <datafield tag="926" ind1=" " ind2=" ">
    <subfield code="a">GR_MACEWAN</subfield>
    <subfield code="b">ON_SHELF</subfield>
    <subfield code="c">RA427.9 .U43 2001 [v. 6]</subfield>
    <subfield code="d">BOOK</subfield>
    <subfield code="f">1</subfield>
  </datafield>
</record>
