<record xmlns="http://www.loc.gov/MARC21/slim">
<!-- Length implementation at offset 22 should hold a digit. Assuming 0 -->
  <leader>01130 as a2200337 a 4500</leader>
  <controlfield tag="001">6502832</controlfield>
  <controlfield tag="003">CaOOAMICUS</controlfield>
  <controlfield tag="005">19890508      .0</controlfield>
  <controlfield tag="008">861023d198u1988abc x p      s0    0eng  </controlfield>
  <datafield tag="035" ind1=" " ind2=" ">
    <subfield code="a">ocn871699107</subfield>
  </datafield>
  <datafield tag="040" ind1=" " ind2=" ">
    <subfield code="a">CaOONLC</subfield>
    <subfield code="b">eng</subfield>
    <subfield code="c">CaOONLC</subfield>
    <subfield code="d">AEU</subfield>
  </datafield>
  <datafield tag="055" ind1=" " ind2="4">
    <subfield code="a">S135</subfield>
    <subfield code="b">.A34</subfield>
  </datafield>
  <datafield tag="090" ind1=" " ind2=" ">
    <subfield code="a">S 135 A34</subfield>
    <subfield code="b">AEU</subfield>
  </datafield>
  <datafield tag="245" ind1="0" ind2="0">
    <subfield code="a">Ag file.</subfield>
  </datafield>
  <datafield tag="246" ind1="1" ind2=" ">
    <subfield code="a">Ag.File</subfield>
  </datafield>
  <datafield tag="246" ind1="1" ind2=" ">
    <subfield code="a">AgFile</subfield>
  </datafield>
  <datafield tag="260" ind1="0" ind2="0">
    <subfield code="a">[Edmonton :</subfield>
    <subfield code="b">Ministry of Agriculture,</subfield>
    <subfield code="c">198-]-</subfield>
  </datafield>
  <datafield tag="310" ind1=" " ind2=" ">
    <subfield code="a">Irregular</subfield>
  </datafield>
  <datafield tag="362" ind1="1" ind2=" ">
    <subfield code="a">Ceased in 1988?</subfield>
  </datafield>
  <datafield tag="500" ind1=" " ind2=" ">
    <subfield code="a">&quot;Contains material prepared specially and exclusively for Alberta weekly newspapers&quot;--caption.</subfield>
  </datafield>
  <datafield tag="500" ind1=" " ind2=" ">
    <subfield code="a">Description based on: Article for release Aug. 11, 1986.</subfield>
  </datafield>
  <datafield tag="596" ind1=" " ind2=" ">
    <subfield code="a">38</subfield>
  </datafield>
  <datafield tag="610" ind1="1" ind2="0">
    <subfield code="a">Alberta.</subfield>
    <subfield code="b">Alberta Agriculture.</subfield>
    <subfield code="v">Periodicals.</subfield>
  </datafield>
  <datafield tag="650" ind1=" " ind2="0">
    <subfield code="a">Agriculture</subfield>
    <subfield code="z">Alberta</subfield>
    <subfield code="v">Periodicals.</subfield>
  </datafield>
  <datafield tag="700" ind1="1" ind2="2">
    <subfield code="a">Elzinga, Peter.</subfield>
  </datafield>
  <datafield tag="710" ind1="1" ind2="0">
    <subfield code="a">Alberta.</subfield>
    <subfield code="b">Alberta Agriculture.</subfield>
  </datafield>
  <datafield tag="780" ind1="0" ind2="0">
    <subfield code="t">Agriculture is my business.</subfield>
    <subfield code="d">[Edmonton : Alberta Agriculture 198-]-</subfield>
  </datafield>
  <datafield tag="926" ind1=" " ind2=" ">
    <subfield code="a">UABARD</subfield>
    <subfield code="b">ON_SHELF</subfield>
    <subfield code="c">Library has holdings</subfield>
    <subfield code="d">PERIODICAL</subfield>
    <subfield code="f">1</subfield>
  </datafield>
  <datafield tag="927" ind1=" " ind2=" ">
    <subfield code="a">UABARD</subfield>
  </datafield>
  <datafield tag="927" ind1=" " ind2=" ">
    <subfield code="b">Location</subfield>
    <subfield code="c">ON_SHELF-- S 135 A34</subfield>
  </datafield>
  <datafield tag="927" ind1=" " ind2=" ">
    <subfield code="b">Library has</subfield>
    <subfield code="c">1986-1988</subfield>
  </datafield>
</record>
