<record xmlns="http://www.loc.gov/MARC21/slim">
  <leader>01245cam a2200337 a 4500</leader>
  <controlfield tag="001">886684</controlfield>
  <controlfield tag="008">870603s1985    abc          s    0 eng d</controlfield>
  <datafield tag="035" ind1=" " ind2=" ">
    <subfield code="a">ocm66100427</subfield>
  </datafield>
  <datafield tag="040" ind1=" " ind2=" ">
    <subfield code="b">eng</subfield>
  </datafield>
  <datafield tag="043" ind1=" " ind2=" ">
    <subfield code="a">n-cn-ab</subfield>
  </datafield>
  <datafield tag="049" ind1=" " ind2=" ">
    <subfield code="a">AEU</subfield>
    <subfield code="b">eng</subfield>
  </datafield>
  <datafield tag="055" ind1=" " ind2="3">
    <subfield code="a">HD 319 A4</subfield>
    <subfield code="b">A27 1985</subfield>
  </datafield>
  <datafield tag="090" ind1=" " ind2=" ">
    <subfield code="a">HD 319 A4 A37 1988</subfield>
    <subfield code="b">AEEN</subfield>
  </datafield>
  <datafield tag="090" ind1=" " ind2=" ">
    <subfield code="a">Agdex 520</subfield>
    <subfield code="b">AOAC</subfield>
  </datafield>
  <datafield tag="090" ind1="0" ind2=" ">
    <subfield code="a">HD 319 A4 A27 1985</subfield>
  </datafield>
  <datafield tag="245" ind1="0" ind2="0">
    <subfield code="a">Agricultural land base study :</subfield>
    <subfield code="b">executive summary.</subfield>
  </datafield>
  <datafield tag="260" ind1=" " ind2=" ">
    <subfield code="a">[Edmonton :</subfield>
    <subfield code="b">Alberta Energy and Natural Resources, Resource Evaluation and Planning Division,</subfield>
    <subfield code="c">1985]</subfield>
  </datafield>
  <datafield tag="300" ind1=" " ind2=" ">
    <subfield code="a">19 leaves :</subfield>
    <subfield code="b">ill. (col. maps) ;</subfield>
    <subfield code="c">28 cm.</subfield>
  </datafield>
  <datafield tag="336" ind1=" " ind2=" ">
    <subfield code="a">text</subfield>
    <subfield code="b">txt</subfield>
    <subfield code="2">rdacontent</subfield>
  </datafield>
  <datafield tag="337" ind1=" " ind2=" ">
    <subfield code="a">unmediated</subfield>
    <subfield code="b">n</subfield>
    <subfield code="2">rdamedia</subfield>
  </datafield>
  <datafield tag="338" ind1=" " ind2=" ">
    <subfield code="a">volume</subfield>
    <subfield code="b">nc</subfield>
    <subfield code="2">rdacarrier</subfield>
  </datafield>
  <datafield tag="500" ind1=" " ind2=" ">
    <subfield code="a">Title from cover.</subfield>
  </datafield>
  <datafield tag="596" ind1=" " ind2=" ">
    <subfield code="a">2 33 38</subfield>
  </datafield>
  <datafield tag="650" ind1=" " ind2="0">
    <subfield code="a">Agricultural resources</subfield>
    <subfield code="z">Alberta.</subfield>
  </datafield>
  <datafield tag="650" ind1=" " ind2="0">
    <subfield code="a">Land use, Rural</subfield>
    <subfield code="z">Alberta.</subfield>
  </datafield>
  <datafield tag="710" ind1="1" ind2=" ">
    <subfield code="a">Alberta.</subfield>
    <subfield code="b">Alberta Energy and Natural Resources.</subfield>
    <subfield code="b">Resource Evaluation and Planning Division.</subfield>
  </datafield>
  <datafield tag="710" ind1="2" ind2=" ">
    <subfield code="a">Agricultural Land Base Study (Alta.)</subfield>
  </datafield>
  <datafield tag="926" ind1=" " ind2=" ">
    <subfield code="a">AGL_CAP</subfield>
    <subfield code="b">ON_SHELF</subfield>
    <subfield code="c">HD 319 A4 A37 1988</subfield>
    <subfield code="d">BOOK</subfield>
    <subfield code="f">1</subfield>
  </datafield>
  <datafield tag="926" ind1=" " ind2=" ">
    <subfield code="a">OLDS</subfield>
    <subfield code="b">AGDEX</subfield>
    <subfield code="c">Agdex 520</subfield>
    <subfield code="d">PAMPHLET</subfield>
    <subfield code="f">1</subfield>
  </datafield>
  <datafield tag="926" ind1=" " ind2=" ">
    <subfield code="a">UABARD</subfield>
    <subfield code="b">ON_SHELF</subfield>
    <subfield code="c">HD 319 A4 A27 1985</subfield>
    <subfield code="d">BOOK</subfield>
    <subfield code="f">1</subfield>
  </datafield>
  <datafield tag="926" ind1=" " ind2=" ">
    <subfield code="a">UABARD</subfield>
    <subfield code="b">ON_SHELF</subfield>
    <subfield code="c">HD 319 A4 A27 1985</subfield>
    <subfield code="d">BOOK</subfield>
    <subfield code="f">2</subfield>
  </datafield>
</record>
