<record xmlns="http://www.loc.gov/MARC21/slim">
  <leader>01267cam a2200325 a 4500</leader>
  <controlfield tag="001">3981771</controlfield>
  <controlfield tag="008">070924s2007    abc          s000 0 eng d</controlfield>
  <datafield tag="020" ind1=" " ind2=" ">
    <subfield code="a">9780778560814</subfield>
  </datafield>
  <datafield tag="035" ind1=" " ind2=" ">
    <subfield code="a">ocn173609987</subfield>
  </datafield>
  <datafield tag="040" ind1=" " ind2=" ">
    <subfield code="a">AEHE</subfield>
    <subfield code="b">eng</subfield>
  </datafield>
  <datafield tag="055" ind1=" " ind2="4">
    <subfield code="a">TX 360*</subfield>
  </datafield>
  <datafield tag="090" ind1=" " ind2=" ">
    <subfield code="a">TX 360 C22 A4 A422 2007</subfield>
    <subfield code="b">AEHE</subfield>
  </datafield>
  <datafield tag="090" ind1=" " ind2=" ">
    <subfield code="a">TX 360 C22 A432 2007</subfield>
    <subfield code="b">AEU</subfield>
  </datafield>
  <datafield tag="245" ind1="0" ind2="0">
    <subfield code="a">Alberta nutrition guidelines for children and youth - draft :</subfield>
    <subfield code="b">stakeholder consultation workbook /</subfield>
    <subfield code="c">[commissioned by Alberta Health and Wellness and developed by the Alberta Institute of Human Nutrition].</subfield>
  </datafield>
  <datafield tag="260" ind1=" " ind2=" ">
    <subfield code="a">[Edmonton, AB] :</subfield>
    <subfield code="b">Alberta Health and Wellness,</subfield>
    <subfield code="c">2007.</subfield>
  </datafield>
  <datafield tag="300" ind1=" " ind2=" ">
    <subfield code="a">8 p. :</subfield>
    <subfield code="b">col. ill. ;</subfield>
    <subfield code="c">28 cm.</subfield>
  </datafield>
  <datafield tag="336" ind1=" " ind2=" ">
    <subfield code="a">text</subfield>
    <subfield code="b">txt</subfield>
    <subfield code="2">rdacontent</subfield>
  </datafield>
  <datafield tag="337" ind1=" " ind2=" ">
    <subfield code="a">unmediated</subfield>
    <subfield code="b">n</subfield>
    <subfield code="2">rdamedia</subfield>
  </datafield>
  <datafield tag="338" ind1=" " ind2=" ">
    <subfield code="a">volume</subfield>
    <subfield code="b">nc</subfield>
    <subfield code="2">rdacarrier</subfield>
  </datafield>
  <datafield tag="500" ind1=" " ind2=" ">
    <subfield code="a">Cover title.</subfield>
  </datafield>
  <datafield tag="500" ind1=" " ind2=" ">
    <subfield code="a">&quot;June 2007&quot;--P. [4] of cover.</subfield>
  </datafield>
  <datafield tag="500" ind1=" " ind2=" ">
    <subfield code="a">&quot;NT0060&quot;--P. [4] of cover.</subfield>
  </datafield>
  <datafield tag="596" ind1=" " ind2=" ">
    <subfield code="a">2 42</subfield>
  </datafield>
  <datafield tag="650" ind1=" " ind2="0">
    <subfield code="a">Children</subfield>
    <subfield code="z">Alberta</subfield>
    <subfield code="x">Nutrition.</subfield>
  </datafield>
  <datafield tag="650" ind1=" " ind2="0">
    <subfield code="a">Teenagers</subfield>
    <subfield code="z">Alberta</subfield>
    <subfield code="x">Nutrition.</subfield>
  </datafield>
  <datafield tag="650" ind1=" " ind2="0">
    <subfield code="a">Youth</subfield>
    <subfield code="z">Alberta</subfield>
    <subfield code="x">Nutrition.</subfield>
  </datafield>
  <datafield tag="710" ind1="2" ind2=" ">
    <subfield code="a">Alberta Institute for Human Nutrition.</subfield>
  </datafield>
  <datafield tag="710" ind1="1" ind2=" ">
    <subfield code="a">Alberta.</subfield>
    <subfield code="b">Alberta Health and Wellness.</subfield>
  </datafield>
  <datafield tag="926" ind1=" " ind2=" ">
    <subfield code="a">AGL_CAP</subfield>
    <subfield code="b">ON_SHELF</subfield>
    <subfield code="c">TX 360 C22 A4 A422 2007</subfield>
    <subfield code="d">BOOK</subfield>
    <subfield code="f">1</subfield>
  </datafield>
  <datafield tag="926" ind1=" " ind2=" ">
    <subfield code="a">UAHLTHSC</subfield>
    <subfield code="b">ON_SHELF</subfield>
    <subfield code="c">TX 360 C22 A432 2007</subfield>
    <subfield code="d">BOOK</subfield>
    <subfield code="f">1</subfield>
  </datafield>
</record>
