<record xmlns="http://www.loc.gov/MARC21/slim">
  <leader>00951nas a22003257a 4500</leader>
  <controlfield tag="001">000033115510</controlfield>
  <controlfield tag="003">CaOOAMICUS</controlfield>
  <controlfield tag="005">20070206133553.0</controlfield>
  <controlfield tag="008">061121c20069999abcqr p  s   s0   a0eng  </controlfield>
  <datafield tag="016" ind1=" " ind2=" ">
    <subfield code="a">20078009588 </subfield>
  </datafield>
  <datafield tag="022" ind1="0" ind2=" ">
    <subfield code="a">1718-1402</subfield>
  </datafield>
  <datafield tag="040" ind1=" " ind2=" ">
    <subfield code="a">CaOONL</subfield>
    <subfield code="b">eng</subfield>
    <subfield code="c">CaOONL</subfield>
  </datafield>
  <datafield tag="042" ind1=" " ind2=" ">
    <subfield code="a">nlc</subfield>
    <subfield code="a">isds/c</subfield>
  </datafield>
  <datafield tag="043" ind1=" " ind2=" ">
    <subfield code="a">n-cn-ab</subfield>
  </datafield>
  <datafield tag="082" ind1="1" ind2=" ">
    <subfield code="a">330.97123</subfield>
    <subfield code="2">13</subfield>
  </datafield>
  <datafield tag="082" ind1="1" ind2=" ">
    <subfield code="a">330.97123</subfield>
    <subfield code="2">14</subfield>
  </datafield>
  <datafield tag="222" ind1=" " ind2="0">
    <subfield code="a">Alberta economic quick facts</subfield>
  </datafield>
  <datafield tag="245" ind1="0" ind2="0">
    <subfield code="a">Alberta economic quick facts.</subfield>
  </datafield>
  <datafield tag="260" ind1=" " ind2=" ">
    <subfield code="a">[Edmonton :</subfield>
    <subfield code="b">Alberta Economic Development],</subfield>
    <subfield code="c">2006-</subfield>
  </datafield>
  <datafield tag="300" ind1=" " ind2=" ">
    <subfield code="a">v. :</subfield>
    <subfield code="b">ill. ;</subfield>
    <subfield code="c">22 cm.</subfield>
  </datafield>
  <datafield tag="310" ind1=" " ind2=" ">
    <subfield code="a">Quarterly</subfield>
  </datafield>
  <datafield tag="362" ind1="0" ind2=" ">
    <subfield code="a">Sept. 2006-</subfield>
  </datafield>
  <datafield tag="500" ind1=" " ind2=" ">
    <subfield code="a">Title from cover</subfield>
  </datafield>
  <datafield tag="710" ind1="1" ind2=" ">
    <subfield code="a">Alberta.</subfield>
    <subfield code="b">Alberta Economic Development.</subfield>
  </datafield>
  <datafield tag="852" ind1=" " ind2=" ">
    <subfield code="9">1</subfield>
    <subfield code="a">CaOONL</subfield>
    <subfield code="z">ILL: no</subfield>
  </datafield>
  <datafield tag="866" ind1=" " ind2="0">
    <subfield code="9">1</subfield>
    <subfield code="a">2006-09-</subfield>
  </datafield>
  <datafield tag="910" ind1="1" ind2=" ">
    <subfield code="a">Alberta.</subfield>
    <subfield code="b">Dept. of Economic Development.</subfield>
  </datafield>
  <datafield tag="910" ind1="1" ind2=" ">
    <subfield code="a">Alberta.</subfield>
    <subfield code="b">Ministère du développement économique.</subfield>
  </datafield>
  <datafield tag="990" ind1="1" ind2="0">
    <subfield code="a">91001ab</subfield>
    <subfield code="b">71001ab</subfield>
  </datafield>
  <datafield tag="990" ind1="0" ind2="1">
    <subfield code="a">91002ab</subfield>
    <subfield code="b">71001ab</subfield>
  </datafield>
</record>
