<record xmlns="http://www.loc.gov/MARC21/slim">
  <leader>06813cas a2201237   4500</leader>
  <controlfield tag="001">1407470</controlfield>
  <controlfield tag="008">911003d19381993abccr p      s0    0eng d</controlfield>
  <datafield tag="010" ind1=" " ind2=" ">
    <subfield code="a">cn 75082619 </subfield>
    <subfield code="z">cn 75082619</subfield>
  </datafield>
  <datafield tag="016" ind1=" " ind2=" ">
    <subfield code="a">C 750826193</subfield>
  </datafield>
  <datafield tag="022" ind1=" " ind2=" ">
    <subfield code="a">0002-4740</subfield>
  </datafield>
  <datafield tag="035" ind1=" " ind2=" ">
    <subfield code="a">ocm02249817</subfield>
  </datafield>
  <datafield tag="040" ind1=" " ind2=" ">
    <subfield code="a">LC</subfield>
    <subfield code="b">eng</subfield>
  </datafield>
  <datafield tag="040" ind1=" " ind2=" ">
    <subfield code="a">CaOONL</subfield>
    <subfield code="b">eng</subfield>
    <subfield code="c">CaOONL</subfield>
    <subfield code="d">AEU</subfield>
  </datafield>
  <datafield tag="042" ind1=" " ind2=" ">
    <subfield code="a">nlc</subfield>
    <subfield code="a">isds/c</subfield>
  </datafield>
  <datafield tag="043" ind1=" " ind2=" ">
    <subfield code="a">n-cn-ab</subfield>
  </datafield>
  <datafield tag="090" ind1=" " ind2=" ">
    <subfield code="a">GOV DOC CA2 AL AGT A41</subfield>
    <subfield code="b">AEU</subfield>
  </datafield>
  <datafield tag="090" ind1=" " ind2=" ">
    <subfield code="a">HE 8868 A5 A33</subfield>
    <subfield code="b">AEU</subfield>
  </datafield>
  <datafield tag="222" ind1=" " ind2="0">
    <subfield code="a">Alberta calls</subfield>
  </datafield>
  <datafield tag="245" ind1="0" ind2="0">
    <subfield code="a">Alberta calls.</subfield>
  </datafield>
  <datafield tag="246" ind1="1" ind2=" ">
    <subfield code="a">AGT Alberta calls</subfield>
  </datafield>
  <datafield tag="260" ind1=" " ind2=" ">
    <subfield code="a">Edmonton :</subfield>
    <subfield code="b">Public Relations Dept., Alberta Government Telephones,</subfield>
    <subfield code="c">1968-1993.</subfield>
  </datafield>
  <datafield tag="300" ind1=" " ind2=" ">
    <subfield code="a">v. :</subfield>
    <subfield code="b">ill. ;</subfield>
    <subfield code="c">25-46 cm.</subfield>
  </datafield>
  <datafield tag="310" ind1=" " ind2=" ">
    <subfield code="a">Biweekly,</subfield>
    <subfield code="b">June 7, 1968-</subfield>
  </datafield>
  <datafield tag="321" ind1=" " ind2=" ">
    <subfield code="a">Bimonthly,</subfield>
    <subfield code="b">Aug. 1938-Mar./Apr. 1968</subfield>
  </datafield>
  <datafield tag="336" ind1=" " ind2=" ">
    <subfield code="a">text</subfield>
    <subfield code="b">txt</subfield>
    <subfield code="2">rdacontent</subfield>
  </datafield>
  <datafield tag="337" ind1=" " ind2=" ">
    <subfield code="a">unmediated</subfield>
    <subfield code="b">n</subfield>
    <subfield code="2">rdamedia</subfield>
  </datafield>
  <datafield tag="338" ind1=" " ind2=" ">
    <subfield code="a">volume</subfield>
    <subfield code="b">nc</subfield>
    <subfield code="2">rdacarrier</subfield>
  </datafield>
  <datafield tag="362" ind1="0" ind2=" ">
    <subfield code="a">Vol. 17, no. 1 (Aug. 1938)-v. 25, no. 10 (1956) ; Vol. 1, no. 1 (May 1956)-v. 13, no. 2 (Mar./Apr. 1968) ; Vol. 1, no. 1 (June 7, 1968)-vol. 14, no. 18 (Sept. 11, 1981) ; Sept. 25, 1981-</subfield>
  </datafield>
  <datafield tag="362" ind1="1" ind2=" ">
    <subfield code="a">Ceased with Mar. 5, 1993 issue.</subfield>
  </datafield>
  <datafield tag="515" ind1=" " ind2=" ">
    <subfield code="a">Vol. numbering begins again with change of frequency.</subfield>
  </datafield>
  <datafield tag="525" ind1=" " ind2=" ">
    <subfield code="a">Includes Special ed. published Nov. 25, 1986.</subfield>
  </datafield>
  <datafield tag="550" ind1=" " ind2=" ">
    <subfield code="a">Published by and for the employees of Alberta Government Telephones.</subfield>
  </datafield>
  <datafield tag="580" ind1=" " ind2=" ">
    <subfield code="a">Split into: Alberta calls quarterly, ISSN 1189-6949, and: Alberta calls weekly.</subfield>
  </datafield>
  <datafield tag="596" ind1=" " ind2=" ">
    <subfield code="a">38</subfield>
  </datafield>
  <datafield tag="597" ind1=" " ind2=" ">
    <subfield code="a">3:GOV DOC CA2 AL AGT A41 v.19: no.2-12 1942-1944</subfield>
  </datafield>
  <datafield tag="610" ind1="2" ind2="0">
    <subfield code="a">Alberta Government Telephones</subfield>
    <subfield code="v">Periodicals.</subfield>
  </datafield>
  <datafield tag="610" ind1="2" ind2="0">
    <subfield code="a">Alberta Government Telephones</subfield>
    <subfield code="x">Officials and employees</subfield>
    <subfield code="v">Periodicals.</subfield>
  </datafield>
  <datafield tag="650" ind1=" " ind2="0">
    <subfield code="a">Telephone</subfield>
    <subfield code="v">Periodicals.</subfield>
  </datafield>
  <datafield tag="650" ind1=" " ind2="0">
    <subfield code="a">Telephone</subfield>
    <subfield code="z">Alberta</subfield>
    <subfield code="v">Periodicals.</subfield>
  </datafield>
  <datafield tag="710" ind1="2" ind2=" ">
    <subfield code="a">Alberta Government Telephones.</subfield>
    <subfield code="b">Public Relations Department.</subfield>
  </datafield>
  <datafield tag="785" ind1="1" ind2="6">
    <subfield code="t">Alberta calls weekly</subfield>
  </datafield>
  <datafield tag="785" ind1="1" ind2="6">
    <subfield code="t">Alberta calls quarterly</subfield>
    <subfield code="x">1189-6949</subfield>
  </datafield>
  <datafield tag="940" ind1=" " ind2=" ">
    <subfield code="a">NO EJOURNAL HOLDINGS</subfield>
  </datafield>
  <datafield tag="926" ind1=" " ind2=" ">
    <subfield code="a">UABARD</subfield>
    <subfield code="b">ON_SHELF</subfield>
    <subfield code="c">HE 8868 A5 A33 1981: Sept.-Dec.</subfield>
    <subfield code="d">PERIODICAL</subfield>
    <subfield code="f">1</subfield>
  </datafield>
  <datafield tag="926" ind1=" " ind2=" ">
    <subfield code="a">UABARD</subfield>
    <subfield code="b">ON_SHELF</subfield>
    <subfield code="c">HE 8868 A5 A33 1982: Jan.</subfield>
    <subfield code="d">PERIODICAL</subfield>
    <subfield code="f">1</subfield>
  </datafield>
  <datafield tag="926" ind1=" " ind2=" ">
    <subfield code="a">UABARD</subfield>
    <subfield code="b">ON_SHELF</subfield>
    <subfield code="c">HE 8868 A5 A33 1982: July.16-Dec.</subfield>
    <subfield code="d">PERIODICAL</subfield>
    <subfield code="f">1</subfield>
  </datafield>
  <datafield tag="926" ind1=" " ind2=" ">
    <subfield code="a">UABARD</subfield>
    <subfield code="b">ON_SHELF</subfield>
    <subfield code="c">HE 8868 A5 A33 1982: Mar.-June</subfield>
    <subfield code="d">PERIODICAL</subfield>
    <subfield code="f">1</subfield>
  </datafield>
  <datafield tag="926" ind1=" " ind2=" ">
    <subfield code="a">UABARD</subfield>
    <subfield code="b">ON_SHELF</subfield>
    <subfield code="c">HE 8868 A5 A33 1983</subfield>
    <subfield code="d">PERIODICAL</subfield>
    <subfield code="f">1</subfield>
  </datafield>
  <datafield tag="926" ind1=" " ind2=" ">
    <subfield code="a">UABARD</subfield>
    <subfield code="b">ON_SHELF</subfield>
    <subfield code="c">HE 8868 A5 A33 1984</subfield>
    <subfield code="d">PERIODICAL</subfield>
    <subfield code="f">1</subfield>
  </datafield>
  <datafield tag="926" ind1=" " ind2=" ">
    <subfield code="a">UABARD</subfield>
    <subfield code="b">ON_SHELF</subfield>
    <subfield code="c">HE 8868 A5 A33 1985</subfield>
    <subfield code="d">PERIODICAL</subfield>
    <subfield code="f">1</subfield>
  </datafield>
  <datafield tag="926" ind1=" " ind2=" ">
    <subfield code="a">UABARD</subfield>
    <subfield code="b">ON_SHELF</subfield>
    <subfield code="c">HE 8868 A5 A33 1986</subfield>
    <subfield code="d">PERIODICAL</subfield>
    <subfield code="f">1</subfield>
  </datafield>
  <datafield tag="926" ind1=" " ind2=" ">
    <subfield code="a">UABARD</subfield>
    <subfield code="b">ON_SHELF</subfield>
    <subfield code="c">HE 8868 A5 A33 1987</subfield>
    <subfield code="d">PERIODICAL</subfield>
    <subfield code="f">1</subfield>
  </datafield>
  <datafield tag="926" ind1=" " ind2=" ">
    <subfield code="a">UABARD</subfield>
    <subfield code="b">ON_SHELF</subfield>
    <subfield code="c">HE 8868 A5 A33 1988: Feb.26-Dec.</subfield>
    <subfield code="d">PERIODICAL</subfield>
    <subfield code="f">1</subfield>
  </datafield>
  <datafield tag="926" ind1=" " ind2=" ">
    <subfield code="a">UABARD</subfield>
    <subfield code="b">ON_SHELF</subfield>
    <subfield code="c">HE 8868 A5 A33 1988: Jan.</subfield>
    <subfield code="d">PERIODICAL</subfield>
    <subfield code="f">1</subfield>
  </datafield>
  <datafield tag="926" ind1=" " ind2=" ">
    <subfield code="a">UABARD</subfield>
    <subfield code="b">ON_SHELF</subfield>
    <subfield code="c">HE 8868 A5 A33 1989</subfield>
    <subfield code="d">PERIODICAL</subfield>
    <subfield code="f">1</subfield>
  </datafield>
  <datafield tag="926" ind1=" " ind2=" ">
    <subfield code="a">UABARD</subfield>
    <subfield code="b">ON_SHELF</subfield>
    <subfield code="c">HE 8868 A5 A33 1990</subfield>
    <subfield code="d">PERIODICAL</subfield>
    <subfield code="f">1</subfield>
  </datafield>
  <datafield tag="926" ind1=" " ind2=" ">
    <subfield code="a">UABARD</subfield>
    <subfield code="b">ON_SHELF</subfield>
    <subfield code="c">HE 8868 A5 A33 1991: Aug.9</subfield>
    <subfield code="d">PERIODICAL</subfield>
    <subfield code="f">1</subfield>
  </datafield>
  <datafield tag="926" ind1=" " ind2=" ">
    <subfield code="a">UABARD</subfield>
    <subfield code="b">ON_SHELF</subfield>
    <subfield code="c">HE 8868 A5 A33 1991: Aug.23</subfield>
    <subfield code="d">PERIODICAL</subfield>
    <subfield code="f">1</subfield>
  </datafield>
  <datafield tag="926" ind1=" " ind2=" ">
    <subfield code="a">UABARD</subfield>
    <subfield code="b">ON_SHELF</subfield>
    <subfield code="c">HE 8868 A5 A33 1991: Feb.-June</subfield>
    <subfield code="d">PERIODICAL</subfield>
    <subfield code="f">1</subfield>
  </datafield>
  <datafield tag="926" ind1=" " ind2=" ">
    <subfield code="a">UABARD</subfield>
    <subfield code="b">ON_SHELF</subfield>
    <subfield code="c">HE 8868 A5 A33 1991: Jan.25</subfield>
    <subfield code="d">PERIODICAL</subfield>
    <subfield code="f">1</subfield>
  </datafield>
  <datafield tag="926" ind1=" " ind2=" ">
    <subfield code="a">UABARD</subfield>
    <subfield code="b">ON_SHELF</subfield>
    <subfield code="c">HE 8868 A5 A33 1991: July</subfield>
    <subfield code="d">PERIODICAL</subfield>
    <subfield code="f">1</subfield>
  </datafield>
  <datafield tag="926" ind1=" " ind2=" ">
    <subfield code="a">UABARD</subfield>
    <subfield code="b">ON_SHELF</subfield>
    <subfield code="c">HE 8868 A5 A33 1991: Sept.-Dec</subfield>
    <subfield code="d">PERIODICAL</subfield>
    <subfield code="f">1</subfield>
  </datafield>
  <datafield tag="926" ind1=" " ind2=" ">
    <subfield code="a">UABARD</subfield>
    <subfield code="b">ON_SHELF</subfield>
    <subfield code="c">HE 8868 A5 A33 1992: Aug.</subfield>
    <subfield code="d">PERIODICAL</subfield>
    <subfield code="f">1</subfield>
  </datafield>
  <datafield tag="926" ind1=" " ind2=" ">
    <subfield code="a">UABARD</subfield>
    <subfield code="b">ON_SHELF</subfield>
    <subfield code="c">HE 8868 A5 A33 1992: Jan.-June</subfield>
    <subfield code="d">PERIODICAL</subfield>
    <subfield code="f">1</subfield>
  </datafield>
  <datafield tag="926" ind1=" " ind2=" ">
    <subfield code="a">UABARD</subfield>
    <subfield code="b">ON_SHELF</subfield>
    <subfield code="c">HE 8868 A5 A33 1992: July</subfield>
    <subfield code="d">PERIODICAL</subfield>
    <subfield code="f">1</subfield>
  </datafield>
  <datafield tag="926" ind1=" " ind2=" ">
    <subfield code="a">UABARD</subfield>
    <subfield code="b">ON_SHELF</subfield>
    <subfield code="c">HE 8868 A5 A33 1992: Oct.-Dec.</subfield>
    <subfield code="d">PERIODICAL</subfield>
    <subfield code="f">1</subfield>
  </datafield>
  <datafield tag="926" ind1=" " ind2=" ">
    <subfield code="a">UABARD</subfield>
    <subfield code="b">ON_SHELF</subfield>
    <subfield code="c">HE 8868 A5 A33 1992: Sept.4</subfield>
    <subfield code="d">PERIODICAL</subfield>
    <subfield code="f">1</subfield>
  </datafield>
  <datafield tag="926" ind1=" " ind2=" ">
    <subfield code="a">UABARD</subfield>
    <subfield code="b">ON_SHELF</subfield>
    <subfield code="c">HE 8868 A5 A33 v.1 1956</subfield>
    <subfield code="d">PERIODICAL</subfield>
    <subfield code="f">1</subfield>
  </datafield>
  <datafield tag="926" ind1=" " ind2=" ">
    <subfield code="a">UABARD</subfield>
    <subfield code="b">ON_SHELF</subfield>
    <subfield code="c">HE 8868 A5 A33 v.1 1968</subfield>
    <subfield code="d">PERIODICAL</subfield>
    <subfield code="f">1</subfield>
  </datafield>
  <datafield tag="926" ind1=" " ind2=" ">
    <subfield code="a">UABARD</subfield>
    <subfield code="b">ON_SHELF</subfield>
    <subfield code="c">HE 8868 A5 A33 v.2 1969</subfield>
    <subfield code="d">PERIODICAL</subfield>
    <subfield code="f">1</subfield>
  </datafield>
  <datafield tag="926" ind1=" " ind2=" ">
    <subfield code="a">UABARD</subfield>
    <subfield code="b">ON_SHELF</subfield>
    <subfield code="c">HE 8868 A5 A33 v.2: no.2-6 1957</subfield>
    <subfield code="d">PERIODICAL</subfield>
    <subfield code="f">1</subfield>
  </datafield>
  <datafield tag="926" ind1=" " ind2=" ">
    <subfield code="a">UABARD</subfield>
    <subfield code="b">ON_SHELF</subfield>
    <subfield code="c">HE 8868 A5 A33 v.3 1958</subfield>
    <subfield code="d">PERIODICAL</subfield>
    <subfield code="f">1</subfield>
  </datafield>
  <datafield tag="926" ind1=" " ind2=" ">
    <subfield code="a">UABARD</subfield>
    <subfield code="b">ON_SHELF</subfield>
    <subfield code="c">HE 8868 A5 A33 v.3 1970</subfield>
    <subfield code="d">PERIODICAL</subfield>
    <subfield code="f">1</subfield>
  </datafield>
  <datafield tag="926" ind1=" " ind2=" ">
    <subfield code="a">UABARD</subfield>
    <subfield code="b">ON_SHELF</subfield>
    <subfield code="c">HE 8868 A5 A33 v.4 1959</subfield>
    <subfield code="d">PERIODICAL</subfield>
    <subfield code="f">1</subfield>
  </datafield>
  <datafield tag="926" ind1=" " ind2=" ">
    <subfield code="a">UABARD</subfield>
    <subfield code="b">ON_SHELF</subfield>
    <subfield code="c">HE 8868 A5 A33 v.4 1971</subfield>
    <subfield code="d">PERIODICAL</subfield>
    <subfield code="f">1</subfield>
  </datafield>
  <datafield tag="926" ind1=" " ind2=" ">
    <subfield code="a">UABARD</subfield>
    <subfield code="b">ON_SHELF</subfield>
    <subfield code="c">HE 8868 A5 A33 v.5 1960</subfield>
    <subfield code="d">PERIODICAL</subfield>
    <subfield code="f">1</subfield>
  </datafield>
  <datafield tag="926" ind1=" " ind2=" ">
    <subfield code="a">UABARD</subfield>
    <subfield code="b">ON_SHELF</subfield>
    <subfield code="c">HE 8868 A5 A33 v.5 1972</subfield>
    <subfield code="d">PERIODICAL</subfield>
    <subfield code="f">1</subfield>
  </datafield>
  <datafield tag="926" ind1=" " ind2=" ">
    <subfield code="a">UABARD</subfield>
    <subfield code="b">ON_SHELF</subfield>
    <subfield code="c">HE 8868 A5 A33 v.6 1961</subfield>
    <subfield code="d">PERIODICAL</subfield>
    <subfield code="f">1</subfield>
  </datafield>
  <datafield tag="926" ind1=" " ind2=" ">
    <subfield code="a">UABARD</subfield>
    <subfield code="b">ON_SHELF</subfield>
    <subfield code="c">HE 8868 A5 A33 v.6 1973</subfield>
    <subfield code="d">PERIODICAL</subfield>
    <subfield code="f">1</subfield>
  </datafield>
  <datafield tag="926" ind1=" " ind2=" ">
    <subfield code="a">UABARD</subfield>
    <subfield code="b">ON_SHELF</subfield>
    <subfield code="c">HE 8868 A5 A33 v.7 1962</subfield>
    <subfield code="d">PERIODICAL</subfield>
    <subfield code="f">1</subfield>
  </datafield>
  <datafield tag="926" ind1=" " ind2=" ">
    <subfield code="a">UABARD</subfield>
    <subfield code="b">ON_SHELF</subfield>
    <subfield code="c">HE 8868 A5 A33 v.7 1974</subfield>
    <subfield code="d">PERIODICAL</subfield>
    <subfield code="f">1</subfield>
  </datafield>
  <datafield tag="926" ind1=" " ind2=" ">
    <subfield code="a">UABARD</subfield>
    <subfield code="b">ON_SHELF</subfield>
    <subfield code="c">HE 8868 A5 A33 v.8 1963</subfield>
    <subfield code="d">PERIODICAL</subfield>
    <subfield code="f">1</subfield>
  </datafield>
  <datafield tag="926" ind1=" " ind2=" ">
    <subfield code="a">UABARD</subfield>
    <subfield code="b">ON_SHELF</subfield>
    <subfield code="c">HE 8868 A5 A33 v.8 1975</subfield>
    <subfield code="d">PERIODICAL</subfield>
    <subfield code="f">1</subfield>
  </datafield>
  <datafield tag="926" ind1=" " ind2=" ">
    <subfield code="a">UABARD</subfield>
    <subfield code="b">ON_SHELF</subfield>
    <subfield code="c">HE 8868 A5 A33 v.9 1964</subfield>
    <subfield code="d">PERIODICAL</subfield>
    <subfield code="f">1</subfield>
  </datafield>
  <datafield tag="926" ind1=" " ind2=" ">
    <subfield code="a">UABARD</subfield>
    <subfield code="b">ON_SHELF</subfield>
    <subfield code="c">HE 8868 A5 A33 v.9 1976</subfield>
    <subfield code="d">PERIODICAL</subfield>
    <subfield code="f">1</subfield>
  </datafield>
  <datafield tag="926" ind1=" " ind2=" ">
    <subfield code="a">UABARD</subfield>
    <subfield code="b">ON_SHELF</subfield>
    <subfield code="c">HE 8868 A5 A33 v.10 1965</subfield>
    <subfield code="d">PERIODICAL</subfield>
    <subfield code="f">1</subfield>
  </datafield>
  <datafield tag="926" ind1=" " ind2=" ">
    <subfield code="a">UABARD</subfield>
    <subfield code="b">ON_SHELF</subfield>
    <subfield code="c">HE 8868 A5 A33 v.10: no.1-12 1977</subfield>
    <subfield code="d">PERIODICAL</subfield>
    <subfield code="f">1</subfield>
  </datafield>
  <datafield tag="926" ind1=" " ind2=" ">
    <subfield code="a">UABARD</subfield>
    <subfield code="b">ON_SHELF</subfield>
    <subfield code="c">HE 8868 A5 A33 v.10: no.14-26 1977</subfield>
    <subfield code="d">PERIODICAL</subfield>
    <subfield code="f">1</subfield>
  </datafield>
  <datafield tag="926" ind1=" " ind2=" ">
    <subfield code="a">UABARD</subfield>
    <subfield code="b">ON_SHELF</subfield>
    <subfield code="c">HE 8868 A5 A33 v.11 1966</subfield>
    <subfield code="d">PERIODICAL</subfield>
    <subfield code="f">1</subfield>
  </datafield>
  <datafield tag="926" ind1=" " ind2=" ">
    <subfield code="a">UABARD</subfield>
    <subfield code="b">ON_SHELF</subfield>
    <subfield code="c">HE 8868 A5 A33 v.11 1978</subfield>
    <subfield code="d">PERIODICAL</subfield>
    <subfield code="f">1</subfield>
  </datafield>
  <datafield tag="926" ind1=" " ind2=" ">
    <subfield code="a">UABARD</subfield>
    <subfield code="b">ON_SHELF</subfield>
    <subfield code="c">HE 8868 A5 A33 v.12 1967</subfield>
    <subfield code="d">PERIODICAL</subfield>
    <subfield code="f">1</subfield>
  </datafield>
  <datafield tag="926" ind1=" " ind2=" ">
    <subfield code="a">UABARD</subfield>
    <subfield code="b">ON_SHELF</subfield>
    <subfield code="c">HE 8868 A5 A33 v.12 1979</subfield>
    <subfield code="d">PERIODICAL</subfield>
    <subfield code="f">1</subfield>
  </datafield>
  <datafield tag="926" ind1=" " ind2=" ">
    <subfield code="a">UABARD</subfield>
    <subfield code="b">ON_SHELF</subfield>
    <subfield code="c">HE 8868 A5 A33 v.13 1968</subfield>
    <subfield code="d">PERIODICAL</subfield>
    <subfield code="f">1</subfield>
  </datafield>
  <datafield tag="926" ind1=" " ind2=" ">
    <subfield code="a">UABARD</subfield>
    <subfield code="b">ON_SHELF</subfield>
    <subfield code="c">HE 8868 A5 A33 v.13: no.1-24 1980</subfield>
    <subfield code="d">PERIODICAL</subfield>
    <subfield code="f">1</subfield>
  </datafield>
  <datafield tag="926" ind1=" " ind2=" ">
    <subfield code="a">UABARD</subfield>
    <subfield code="b">ON_SHELF</subfield>
    <subfield code="c">HE 8868 A5 A33 v.14: no.1-18 1981</subfield>
    <subfield code="d">PERIODICAL</subfield>
    <subfield code="f">1</subfield>
  </datafield>
  <datafield tag="926" ind1=" " ind2=" ">
    <subfield code="a">UABARD</subfield>
    <subfield code="b">ON_SHELF</subfield>
    <subfield code="c">HE 8868 A5 A33 v.17 1938/1940</subfield>
    <subfield code="d">PERIODICAL</subfield>
    <subfield code="f">1</subfield>
  </datafield>
  <datafield tag="926" ind1=" " ind2=" ">
    <subfield code="a">UABARD</subfield>
    <subfield code="b">ON_SHELF</subfield>
    <subfield code="c">HE 8868 A5 A33 v.18 1940/1942</subfield>
    <subfield code="d">PERIODICAL</subfield>
    <subfield code="f">1</subfield>
  </datafield>
  <datafield tag="926" ind1=" " ind2=" ">
    <subfield code="a">UABARD</subfield>
    <subfield code="b">ON_SHELF</subfield>
    <subfield code="c">HE 8868 A5 A33 v.19: no.2-12 1942-1944</subfield>
    <subfield code="d">PERIODICAL</subfield>
    <subfield code="f">1</subfield>
  </datafield>
  <datafield tag="926" ind1=" " ind2=" ">
    <subfield code="a">UABARD</subfield>
    <subfield code="b">ON_SHELF</subfield>
    <subfield code="c">HE 8868 A5 A33 v.20 1944/1946</subfield>
    <subfield code="d">PERIODICAL</subfield>
    <subfield code="f">1</subfield>
  </datafield>
  <datafield tag="926" ind1=" " ind2=" ">
    <subfield code="a">UABARD</subfield>
    <subfield code="b">ON_SHELF</subfield>
    <subfield code="c">HE 8868 A5 A33 v.21 1946/1948</subfield>
    <subfield code="d">PERIODICAL</subfield>
    <subfield code="f">1</subfield>
  </datafield>
  <datafield tag="926" ind1=" " ind2=" ">
    <subfield code="a">UABARD</subfield>
    <subfield code="b">ON_SHELF</subfield>
    <subfield code="c">HE 8868 A5 A33 v.22 1948/1950</subfield>
    <subfield code="d">PERIODICAL</subfield>
    <subfield code="f">1</subfield>
  </datafield>
  <datafield tag="926" ind1=" " ind2=" ">
    <subfield code="a">UABARD</subfield>
    <subfield code="b">ON_SHELF</subfield>
    <subfield code="c">HE 8868 A5 A33 v.23: no.1-3 1950</subfield>
    <subfield code="d">PERIODICAL</subfield>
    <subfield code="f">1</subfield>
  </datafield>
  <datafield tag="926" ind1=" " ind2=" ">
    <subfield code="a">UABARD</subfield>
    <subfield code="b">ON_SHELF</subfield>
    <subfield code="c">HE 8868 A5 A33 v.25: no.10 1956</subfield>
    <subfield code="d">PERIODICAL</subfield>
    <subfield code="f">1</subfield>
  </datafield>
  <datafield tag="927" ind1=" " ind2=" ">
    <subfield code="a">UABARD</subfield>
  </datafield>
  <datafield tag="927" ind1=" " ind2=" ">
    <subfield code="b">Location</subfield>
    <subfield code="c">ON_SHELF-- HE 8868 A5 A33</subfield>
  </datafield>
  <datafield tag="927" ind1=" " ind2=" ">
    <subfield code="b">Library has</subfield>
    <subfield code="c">v.17 (1938/1940)-v.23 (1950), v.25 (1956); v.1 (1956)-v.13 (1968); v.1 (1968)-v.14(1981); 1981-1993 Incomplete: 1938 series:v.19-20,22-23,25; 1956 series:v.1-2,4-5; 1968 series:v.9-10,13; 1982,1988,1991-1992</subfield>
  </datafield>
</record>
