<record xmlns="http://www.loc.gov/MARC21/slim">
  <leader>02925cas a2200589 a 4500</leader>
  <controlfield tag="001">581097</controlfield>
  <controlfield tag="008">880912d19851990abcar4       s uuua0eng d</controlfield>
  <datafield tag="010" ind1=" " ind2=" ">
    <subfield code="a">cn 88080307</subfield>
  </datafield>
  <datafield tag="022" ind1="0" ind2=" ">
    <subfield code="a">0836-9399</subfield>
  </datafield>
  <datafield tag="035" ind1=" " ind2=" ">
    <subfield code="a">ocm17366171</subfield>
  </datafield>
  <datafield tag="039" ind1="0" ind2=" ">
    <subfield code="f">kne</subfield>
  </datafield>
  <datafield tag="040" ind1=" " ind2=" ">
    <subfield code="a">CaOONL</subfield>
    <subfield code="b">eng</subfield>
    <subfield code="c">CaOONL</subfield>
    <subfield code="d">AEU</subfield>
  </datafield>
  <datafield tag="042" ind1=" " ind2=" ">
    <subfield code="a">nlc</subfield>
    <subfield code="a">isds/c</subfield>
  </datafield>
  <datafield tag="043" ind1=" " ind2=" ">
    <subfield code="a">n-cn-ab</subfield>
  </datafield>
  <datafield tag="049" ind1=" " ind2=" ">
    <subfield code="a">AEU</subfield>
    <subfield code="b">eng</subfield>
  </datafield>
  <datafield tag="082" ind1="0" ind2=" ">
    <subfield code="a">354.71230085/4</subfield>
    <subfield code="2">19</subfield>
  </datafield>
  <datafield tag="090" ind1=" " ind2="0">
    <subfield code="a">PN 101 A57</subfield>
    <subfield code="b">ARDC</subfield>
  </datafield>
  <datafield tag="090" ind1="0" ind2=" ">
    <subfield code="a">GOV DOC CA2 AL AFL A56</subfield>
    <subfield code="b">AEU</subfield>
  </datafield>
  <datafield tag="090" ind1=" " ind2=" ">
    <subfield code="a">NX 750 C2 A44</subfield>
    <subfield code="b">AEU</subfield>
  </datafield>
  <datafield tag="110" ind1="2" ind2="0">
    <subfield code="a">Alberta Foundation for the Literary Arts.</subfield>
  </datafield>
  <datafield tag="210" ind1="0" ind2=" ">
    <subfield code="a">Annu. rep. - Alta. Found. Lit. Arts</subfield>
  </datafield>
  <datafield tag="222" ind1="0" ind2="0">
    <subfield code="a">Annual report - Alberta Foundation for the Literary Arts</subfield>
  </datafield>
  <datafield tag="245" ind1="0" ind2="0">
    <subfield code="a">Annual report /</subfield>
    <subfield code="c">Alberta Foundation for the Literary Arts.</subfield>
  </datafield>
  <datafield tag="260" ind1="0" ind2="0">
    <subfield code="a">Calgary :</subfield>
    <subfield code="b">The Foundation,</subfield>
    <subfield code="c">[1985?-1990]</subfield>
  </datafield>
  <datafield tag="300" ind1=" " ind2=" ">
    <subfield code="a">   v. ;</subfield>
    <subfield code="c">22 cm.</subfield>
  </datafield>
  <datafield tag="310" ind1=" " ind2=" ">
    <subfield code="a">Annual.</subfield>
  </datafield>
  <datafield tag="362" ind1="1" ind2=" ">
    <subfield code="a">Began with 1984/1985?</subfield>
  </datafield>
  <datafield tag="362" ind1="0" ind2=" ">
    <subfield code="a">    -1989/90.</subfield>
  </datafield>
  <datafield tag="500" ind1=" " ind2=" ">
    <subfield code="a">Description based on: 1985/1986.</subfield>
  </datafield>
  <datafield tag="500" ind1=" " ind2=" ">
    <subfield code="a">Title from cover.</subfield>
  </datafield>
  <datafield tag="500" ind1=" " ind2=" ">
    <subfield code="a">&quot;As Chairman of The Alberta Foundation for the Literary Arts, I am pleased to submit the annual report for 1985-86, our second such report and the first one representing an entire year of operation.&quot; -- Chairman&apos;s message (Annual report, 1985/1986).</subfield>
  </datafield>
  <datafield tag="500" ind1=" " ind2=" ">
    <subfield code="a">&quot;The Alberta Foundation for the Literary Arts was created in May of 1984 ....&quot; -- p. 2 (Annual report, 1989/1990).</subfield>
  </datafield>
  <datafield tag="515" ind1=" " ind2=" ">
    <subfield code="a">Report year ends Mar. 31.</subfield>
  </datafield>
  <datafield tag="520" ind1=" " ind2=" ">
    <subfield code="a">Highlights of grants (rather than prizes) distributed to various Alberta writing projects.</subfield>
  </datafield>
  <datafield tag="580" ind1=" " ind2=" ">
    <subfield code="a">Merged with: Alberta Art Foundation. Annual report; and: Alberta Foundation for the Performing Arts. Annual report; to form: Alberta Foundation for the Arts. Annual report.</subfield>
  </datafield>
  <datafield tag="588" ind1=" " ind2=" ">
    <subfield code="a">Latest issue consulted: 1989/1990.</subfield>
  </datafield>
  <datafield tag="596" ind1=" " ind2=" ">
    <subfield code="a">35 43</subfield>
  </datafield>
  <datafield tag="610" ind1="2" ind2="0">
    <subfield code="a">Alberta Foundation for the Literary Arts</subfield>
    <subfield code="x">Periodicals.</subfield>
  </datafield>
  <datafield tag="650" ind1=" " ind2="0">
    <subfield code="a">Literary prizes</subfield>
    <subfield code="z">Alberta</subfield>
    <subfield code="x">Periodicals.</subfield>
  </datafield>
  <datafield tag="785" ind1="0" ind2="7">
    <subfield code="a">Alberta Art Foundation.</subfield>
    <subfield code="A">nnual report</subfield>
    <subfield code="x">0704-9056</subfield>
  </datafield>
  <datafield tag="785" ind1="0" ind2="7">
    <subfield code="a">Alberta Foundation for the Performing Arts.</subfield>
    <subfield code="t">Annual report.</subfield>
    <subfield code="d">[Edmonton] Alberta Foundation for the Performing Arts.</subfield>
    <subfield code="x">0226-0816</subfield>
  </datafield>
  <datafield tag="785" ind1="0" ind2="7">
    <subfield code="a">Alberta Foundation for the Arts.</subfield>
    <subfield code="t">Annual report.</subfield>
    <subfield code="d">[Edmonton] : The Foundation, [1992-1995]</subfield>
    <subfield code="x">1208-2961</subfield>
    <subfield code="w">(CaOONL) 978015320  </subfield>
    <subfield code="w">(OCoLC)ocm36688929</subfield>
  </datafield>
  <datafield tag="926" ind1=" " ind2=" ">
    <subfield code="a">RED_DEER_C</subfield>
    <subfield code="b">FLOOR_2</subfield>
    <subfield code="c">PN 101 A57 1988-89</subfield>
    <subfield code="d">BOOK</subfield>
    <subfield code="f">1</subfield>
  </datafield>
  <datafield tag="926" ind1=" " ind2=" ">
    <subfield code="a">RED_DEER_C</subfield>
    <subfield code="b">FLOOR_2</subfield>
    <subfield code="c">PN 101 A57 1989-90</subfield>
    <subfield code="d">BOOK</subfield>
    <subfield code="f">1</subfield>
  </datafield>
  <datafield tag="926" ind1=" " ind2=" ">
    <subfield code="a">UAHSS</subfield>
    <subfield code="b">ON_SHELF</subfield>
    <subfield code="c">GOV DOC CA2 AL AFL A56 1985/1986</subfield>
    <subfield code="d">BOOK</subfield>
    <subfield code="f">1</subfield>
  </datafield>
  <datafield tag="926" ind1=" " ind2=" ">
    <subfield code="a">UAHSS</subfield>
    <subfield code="b">ON_SHELF</subfield>
    <subfield code="c">GOV DOC CA2 AL AFL A56 1986/1987</subfield>
    <subfield code="d">BOOK</subfield>
    <subfield code="f">1</subfield>
  </datafield>
  <datafield tag="926" ind1=" " ind2=" ">
    <subfield code="a">UAHSS</subfield>
    <subfield code="b">ON_SHELF</subfield>
    <subfield code="c">GOV DOC CA2 AL AFL A56 1987/1988</subfield>
    <subfield code="d">BOOK</subfield>
    <subfield code="f">1</subfield>
  </datafield>
  <datafield tag="926" ind1=" " ind2=" ">
    <subfield code="a">UAHSS</subfield>
    <subfield code="b">ON_SHELF</subfield>
    <subfield code="c">GOV DOC CA2 AL AFL A56 1988/1989</subfield>
    <subfield code="d">BOOK</subfield>
    <subfield code="f">1</subfield>
  </datafield>
  <datafield tag="926" ind1=" " ind2=" ">
    <subfield code="a">UAHSS</subfield>
    <subfield code="b">ON_SHELF</subfield>
    <subfield code="c">GOV DOC CA2 AL AFL A56 1989/1990</subfield>
    <subfield code="d">BOOK</subfield>
    <subfield code="f">1</subfield>
  </datafield>
  <datafield tag="927" ind1=" " ind2=" ">
    <subfield code="a">UAHSS</subfield>
  </datafield>
  <datafield tag="927" ind1=" " ind2=" ">
    <subfield code="b">Location</subfield>
    <subfield code="c">ON_SHELF-- GOV DOC CA2 AL AFL A56</subfield>
  </datafield>
  <datafield tag="927" ind1=" " ind2=" ">
    <subfield code="b">Library has</subfield>
    <subfield code="c">1985/1986-1989/1990</subfield>
  </datafield>
</record>
