<record xmlns="http://www.loc.gov/MARC21/slim">
  <leader>06282cas a2201189 a 4500</leader>
  <controlfield tag="001">469225</controlfield>
  <controlfield tag="008">840814d19831999abcar    k   s0     eng c</controlfield>
  <datafield tag="022" ind1="0" ind2=" ">
    <subfield code="a">0702-0311</subfield>
    <subfield code="y">0834-4043</subfield>
  </datafield>
  <datafield tag="035" ind1=" " ind2=" ">
    <subfield code="a">ocm11628888</subfield>
  </datafield>
  <datafield tag="039" ind1=" " ind2=" ">
    <subfield code="f">rev</subfield>
  </datafield>
  <datafield tag="040" ind1=" " ind2=" ">
    <subfield code="a">AEU</subfield>
    <subfield code="b">eng</subfield>
    <subfield code="d">ARDC</subfield>
  </datafield>
  <datafield tag="043" ind1=" " ind2=" ">
    <subfield code="a">n-cn-ab</subfield>
  </datafield>
  <datafield tag="090" ind1=" " ind2=" ">
    <subfield code="a">GOV DOC CA2 AL PWS A56</subfield>
    <subfield code="b">AEU</subfield>
  </datafield>
  <datafield tag="090" ind1=" " ind2=" ">
    <subfield code="a">TA 27 A37 A2</subfield>
    <subfield code="b">ARDC</subfield>
  </datafield>
  <datafield tag="090" ind1=" " ind2=" ">
    <subfield code="a">CA2AL PW A56</subfield>
    <subfield code="b">AEEN</subfield>
  </datafield>
  <datafield tag="090" ind1=" " ind2=" ">
    <subfield code="a">JL 321 A1 A25</subfield>
    <subfield code="b">AEU</subfield>
  </datafield>
  <datafield tag="110" ind1="1" ind2=" ">
    <subfield code="a">Alberta.</subfield>
    <subfield code="b">Alberta Public Works, Supply and Services.</subfield>
  </datafield>
  <datafield tag="245" ind1="0" ind2="0">
    <subfield code="a">Annual report /</subfield>
    <subfield code="c">Alberta Public Works, Supply and Services.</subfield>
  </datafield>
  <datafield tag="260" ind1=" " ind2=" ">
    <subfield code="a">[Edmonton] :</subfield>
    <subfield code="b">Alberta Public Works, Supply and Services,</subfield>
    <subfield code="c">[1983-1999]</subfield>
  </datafield>
  <datafield tag="300" ind1=" " ind2=" ">
    <subfield code="a">v. :</subfield>
    <subfield code="b">ill. ;</subfield>
    <subfield code="c">28 cm.</subfield>
  </datafield>
  <datafield tag="310" ind1=" " ind2=" ">
    <subfield code="a">Annual.</subfield>
  </datafield>
  <datafield tag="362" ind1="0" ind2=" ">
    <subfield code="a">1982/83-1998/1999.</subfield>
  </datafield>
  <datafield tag="515" ind1=" " ind2=" ">
    <subfield code="a">Report year ends Mar. 31.</subfield>
  </datafield>
  <datafield tag="580" ind1=" " ind2=" ">
    <subfield code="a">Merger of: Alberta. Alberta Government Services. Annual report, and part of: Alberta. Alberta Housing and Public Works. Annual report.</subfield>
  </datafield>
  <datafield tag="596" ind1=" " ind2=" ">
    <subfield code="a">4 35 38 43</subfield>
  </datafield>
  <datafield tag="610" ind1="1" ind2="0">
    <subfield code="a">Alberta.</subfield>
    <subfield code="b">Alberta Public Works, Supply and Services.</subfield>
    <subfield code="v">Periodicals.</subfield>
  </datafield>
  <datafield tag="650" ind1=" " ind2="0">
    <subfield code="a">Executive departments</subfield>
    <subfield code="z">Alberta</subfield>
    <subfield code="x">Management</subfield>
    <subfield code="v">Periodicals.</subfield>
  </datafield>
  <datafield tag="650" ind1=" " ind2="0">
    <subfield code="a">Public works</subfield>
    <subfield code="z">Alberta</subfield>
    <subfield code="v">Periodicals.</subfield>
  </datafield>
  <datafield tag="780" ind1="1" ind2="4">
    <subfield code="a">Alberta. Alberta Government Services.</subfield>
    <subfield code="t">Annual report</subfield>
    <subfield code="x">0702-9640</subfield>
  </datafield>
  <datafield tag="780" ind1="1" ind2="4">
    <subfield code="a">Alberta. Alberta Housing and Public Works.</subfield>
    <subfield code="t">Annual report</subfield>
    <subfield code="x">0702-3111</subfield>
  </datafield>
  <datafield tag="785" ind1="1" ind2="6">
    <subfield code="a">Alberta. Alberta Infrastructure.</subfield>
    <subfield code="t">Annual report</subfield>
  </datafield>
  <datafield tag="785" ind1="1" ind2="6">
    <subfield code="a">Alberta. Alberta Government Services.</subfield>
    <subfield code="t">Annual report</subfield>
  </datafield>
  <datafield tag="926" ind1=" " ind2=" ">
    <subfield code="a">AGL_GWL</subfield>
    <subfield code="b">ANNUALREPT</subfield>
    <subfield code="c">CA2AL PW A56 1982/1983</subfield>
    <subfield code="d">BOOK</subfield>
    <subfield code="f">1</subfield>
  </datafield>
  <datafield tag="926" ind1=" " ind2=" ">
    <subfield code="a">AGL_GWL</subfield>
    <subfield code="b">ANNUALREPT</subfield>
    <subfield code="c">CA2AL PW A56 1983/1984</subfield>
    <subfield code="d">BOOK</subfield>
    <subfield code="f">1</subfield>
  </datafield>
  <datafield tag="926" ind1=" " ind2=" ">
    <subfield code="a">AGL_GWL</subfield>
    <subfield code="b">ANNUALREPT</subfield>
    <subfield code="c">CA2AL PW A56 1984/1985</subfield>
    <subfield code="d">BOOK</subfield>
    <subfield code="f">1</subfield>
  </datafield>
  <datafield tag="926" ind1=" " ind2=" ">
    <subfield code="a">AGL_GWL</subfield>
    <subfield code="b">ANNUALREPT</subfield>
    <subfield code="c">CA2AL PW A56 1985/1986</subfield>
    <subfield code="d">BOOK</subfield>
    <subfield code="f">1</subfield>
  </datafield>
  <datafield tag="926" ind1=" " ind2=" ">
    <subfield code="a">AGL_GWL</subfield>
    <subfield code="b">ANNUALREPT</subfield>
    <subfield code="c">CA2AL PW A56 1986/1987</subfield>
    <subfield code="d">BOOK</subfield>
    <subfield code="f">1</subfield>
  </datafield>
  <datafield tag="926" ind1=" " ind2=" ">
    <subfield code="a">AGL_GWL</subfield>
    <subfield code="b">ANNUALREPT</subfield>
    <subfield code="c">CA2AL PW A56 1987/1988</subfield>
    <subfield code="d">BOOK</subfield>
    <subfield code="f">1</subfield>
  </datafield>
  <datafield tag="926" ind1=" " ind2=" ">
    <subfield code="a">AGL_GWL</subfield>
    <subfield code="b">ANNUALREPT</subfield>
    <subfield code="c">CA2AL PW A56 1988/1989</subfield>
    <subfield code="d">BOOK</subfield>
    <subfield code="f">1</subfield>
  </datafield>
  <datafield tag="926" ind1=" " ind2=" ">
    <subfield code="a">AGL_GWL</subfield>
    <subfield code="b">ANNUALREPT</subfield>
    <subfield code="c">CA2AL PW A56 1989/1990</subfield>
    <subfield code="d">BOOK</subfield>
    <subfield code="f">1</subfield>
  </datafield>
  <datafield tag="926" ind1=" " ind2=" ">
    <subfield code="a">AGL_GWL</subfield>
    <subfield code="b">ANNUALREPT</subfield>
    <subfield code="c">CA2AL PW A56 1990/1991</subfield>
    <subfield code="d">BOOK</subfield>
    <subfield code="f">1</subfield>
  </datafield>
  <datafield tag="926" ind1=" " ind2=" ">
    <subfield code="a">AGL_GWL</subfield>
    <subfield code="b">ANNUALREPT</subfield>
    <subfield code="c">CA2AL PW A56 1991/1992</subfield>
    <subfield code="d">BOOK</subfield>
    <subfield code="f">1</subfield>
  </datafield>
  <datafield tag="926" ind1=" " ind2=" ">
    <subfield code="a">AGL_GWL</subfield>
    <subfield code="b">ANNUALREPT</subfield>
    <subfield code="c">CA2AL PW A56 1992/1993</subfield>
    <subfield code="d">BOOK</subfield>
    <subfield code="f">1</subfield>
  </datafield>
  <datafield tag="926" ind1=" " ind2=" ">
    <subfield code="a">AGL_GWL</subfield>
    <subfield code="b">ANNUALREPT</subfield>
    <subfield code="c">CA2AL PW A56 1993/1994</subfield>
    <subfield code="d">BOOK</subfield>
    <subfield code="f">1</subfield>
  </datafield>
  <datafield tag="926" ind1=" " ind2=" ">
    <subfield code="a">AGL_GWL</subfield>
    <subfield code="b">ANNUALREPT</subfield>
    <subfield code="c">CA2AL PW A56 1994/1995</subfield>
    <subfield code="d">BOOK</subfield>
    <subfield code="f">1</subfield>
  </datafield>
  <datafield tag="926" ind1=" " ind2=" ">
    <subfield code="a">AGL_GWL</subfield>
    <subfield code="b">ANNUALREPT</subfield>
    <subfield code="c">CA2AL PW A56 1994/1995</subfield>
    <subfield code="d">BOOK</subfield>
    <subfield code="f">2</subfield>
  </datafield>
  <datafield tag="926" ind1=" " ind2=" ">
    <subfield code="a">AGL_GWL</subfield>
    <subfield code="b">ANNUALREPT</subfield>
    <subfield code="c">CA2AL PW A56 1994/1995</subfield>
    <subfield code="d">BOOK</subfield>
    <subfield code="f">3</subfield>
  </datafield>
  <datafield tag="926" ind1=" " ind2=" ">
    <subfield code="a">AGL_GWL</subfield>
    <subfield code="b">ANNUALREPT</subfield>
    <subfield code="c">CA2AL PW A56 1995/1996</subfield>
    <subfield code="d">BOOK</subfield>
    <subfield code="f">1</subfield>
  </datafield>
  <datafield tag="926" ind1=" " ind2=" ">
    <subfield code="a">AGL_GWL</subfield>
    <subfield code="b">ANNUALREPT</subfield>
    <subfield code="c">CA2AL PW A56 1995/1996</subfield>
    <subfield code="d">BOOK</subfield>
    <subfield code="f">2</subfield>
  </datafield>
  <datafield tag="926" ind1=" " ind2=" ">
    <subfield code="a">AGL_GWL</subfield>
    <subfield code="b">ANNUALREPT</subfield>
    <subfield code="c">CA2AL PW A56 1996/1997</subfield>
    <subfield code="d">BOOK</subfield>
    <subfield code="f">1</subfield>
  </datafield>
  <datafield tag="926" ind1=" " ind2=" ">
    <subfield code="a">AGL_GWL</subfield>
    <subfield code="b">ANNUALREPT</subfield>
    <subfield code="c">CA2AL PW A56 1996/1997</subfield>
    <subfield code="d">BOOK</subfield>
    <subfield code="f">2</subfield>
  </datafield>
  <datafield tag="926" ind1=" " ind2=" ">
    <subfield code="a">AGL_GWL</subfield>
    <subfield code="b">ANNUALREPT</subfield>
    <subfield code="c">CA2AL PW A56 1997/1998</subfield>
    <subfield code="d">BOOK</subfield>
    <subfield code="f">1</subfield>
  </datafield>
  <datafield tag="926" ind1=" " ind2=" ">
    <subfield code="a">AGL_GWL</subfield>
    <subfield code="b">ANNUALREPT</subfield>
    <subfield code="c">CA2AL PW A56 1997/1998</subfield>
    <subfield code="d">BOOK</subfield>
    <subfield code="f">2</subfield>
  </datafield>
  <datafield tag="926" ind1=" " ind2=" ">
    <subfield code="a">AGL_GWL</subfield>
    <subfield code="b">ANNUALREPT</subfield>
    <subfield code="c">CA2AL PW A56 1998/1999</subfield>
    <subfield code="d">BOOK</subfield>
    <subfield code="f">1</subfield>
  </datafield>
  <datafield tag="926" ind1=" " ind2=" ">
    <subfield code="a">AGL_GWL</subfield>
    <subfield code="b">ANNUALREPT</subfield>
    <subfield code="c">CA2AL PW A56 1998/1999</subfield>
    <subfield code="d">BOOK</subfield>
    <subfield code="f">2</subfield>
  </datafield>
  <datafield tag="926" ind1=" " ind2=" ">
    <subfield code="a">RED_DEER_C</subfield>
    <subfield code="b">FLOOR_2</subfield>
    <subfield code="c">TA 27 A37 A2 1995/1996</subfield>
    <subfield code="d">BOOK</subfield>
    <subfield code="f">1</subfield>
  </datafield>
  <datafield tag="926" ind1=" " ind2=" ">
    <subfield code="a">RED_DEER_C</subfield>
    <subfield code="b">FLOOR_2</subfield>
    <subfield code="c">TA 27 A37 A2 1996/1997</subfield>
    <subfield code="d">BOOK</subfield>
    <subfield code="f">1</subfield>
  </datafield>
  <datafield tag="926" ind1=" " ind2=" ">
    <subfield code="a">RED_DEER_C</subfield>
    <subfield code="b">FLOOR_2</subfield>
    <subfield code="c">TA 27 A37 A2 1997/1998</subfield>
    <subfield code="d">BOOK</subfield>
    <subfield code="f">1</subfield>
  </datafield>
  <datafield tag="926" ind1=" " ind2=" ">
    <subfield code="a">UABARD</subfield>
    <subfield code="b">ON_SHELF</subfield>
    <subfield code="c">GOV DOC CA2 AL PWS A56 1982/1983</subfield>
    <subfield code="d">BOOK</subfield>
    <subfield code="f">1</subfield>
  </datafield>
  <datafield tag="926" ind1=" " ind2=" ">
    <subfield code="a">UABARD</subfield>
    <subfield code="b">ON_SHELF</subfield>
    <subfield code="c">GOV DOC CA2 AL PWS A56 1983/1984</subfield>
    <subfield code="d">BOOK</subfield>
    <subfield code="f">1</subfield>
  </datafield>
  <datafield tag="926" ind1=" " ind2=" ">
    <subfield code="a">UABARD</subfield>
    <subfield code="b">ON_SHELF</subfield>
    <subfield code="c">GOV DOC CA2 AL PWS A56 1984/1985</subfield>
    <subfield code="d">BOOK</subfield>
    <subfield code="f">1</subfield>
  </datafield>
  <datafield tag="926" ind1=" " ind2=" ">
    <subfield code="a">UABARD</subfield>
    <subfield code="b">ON_SHELF</subfield>
    <subfield code="c">GOV DOC CA2 AL PWS A56 1985/1986</subfield>
    <subfield code="d">BOOK</subfield>
    <subfield code="f">1</subfield>
  </datafield>
  <datafield tag="926" ind1=" " ind2=" ">
    <subfield code="a">UABARD</subfield>
    <subfield code="b">ON_SHELF</subfield>
    <subfield code="c">GOV DOC CA2 AL PWS A56 1986/1987</subfield>
    <subfield code="d">BOOK</subfield>
    <subfield code="f">1</subfield>
  </datafield>
  <datafield tag="926" ind1=" " ind2=" ">
    <subfield code="a">UABARD</subfield>
    <subfield code="b">ON_SHELF</subfield>
    <subfield code="c">GOV DOC CA2 AL PWS A56 1987/1988</subfield>
    <subfield code="d">BOOK</subfield>
    <subfield code="f">1</subfield>
  </datafield>
  <datafield tag="926" ind1=" " ind2=" ">
    <subfield code="a">UABARD</subfield>
    <subfield code="b">ON_SHELF</subfield>
    <subfield code="c">GOV DOC CA2 AL PWS A56 1988/1989</subfield>
    <subfield code="d">BOOK</subfield>
    <subfield code="f">1</subfield>
  </datafield>
  <datafield tag="926" ind1=" " ind2=" ">
    <subfield code="a">UABARD</subfield>
    <subfield code="b">ON_SHELF</subfield>
    <subfield code="c">GOV DOC CA2 AL PWS A56 1990/1991</subfield>
    <subfield code="d">BOOK</subfield>
    <subfield code="f">1</subfield>
  </datafield>
  <datafield tag="926" ind1=" " ind2=" ">
    <subfield code="a">UABARD</subfield>
    <subfield code="b">ON_SHELF</subfield>
    <subfield code="c">GOV DOC CA2 AL PWS A56 1991/1992</subfield>
    <subfield code="d">BOOK</subfield>
    <subfield code="f">1</subfield>
  </datafield>
  <datafield tag="926" ind1=" " ind2=" ">
    <subfield code="a">UABARD</subfield>
    <subfield code="b">ON_SHELF</subfield>
    <subfield code="c">GOV DOC CA2 AL PWS A56 1992/1993</subfield>
    <subfield code="d">BOOK</subfield>
    <subfield code="f">1</subfield>
  </datafield>
  <datafield tag="926" ind1=" " ind2=" ">
    <subfield code="a">UABARD</subfield>
    <subfield code="b">ON_SHELF</subfield>
    <subfield code="c">GOV DOC CA2 AL PWS A56 1993/1994</subfield>
    <subfield code="d">BOOK</subfield>
    <subfield code="f">1</subfield>
  </datafield>
  <datafield tag="926" ind1=" " ind2=" ">
    <subfield code="a">UABARD</subfield>
    <subfield code="b">ON_SHELF</subfield>
    <subfield code="c">GOV DOC CA2 AL PWS A56 1994/1995</subfield>
    <subfield code="d">BOOK</subfield>
    <subfield code="f">1</subfield>
  </datafield>
  <datafield tag="926" ind1=" " ind2=" ">
    <subfield code="a">UABARD</subfield>
    <subfield code="b">ON_SHELF</subfield>
    <subfield code="c">GOV DOC CA2 AL PWS A56 1995/1996</subfield>
    <subfield code="d">BOOK</subfield>
    <subfield code="f">1</subfield>
  </datafield>
  <datafield tag="926" ind1=" " ind2=" ">
    <subfield code="a">UABARD</subfield>
    <subfield code="b">ON_SHELF</subfield>
    <subfield code="c">GOV DOC CA2 AL PWS A56 1996/1997</subfield>
    <subfield code="d">BOOK</subfield>
    <subfield code="f">1</subfield>
  </datafield>
  <datafield tag="926" ind1=" " ind2=" ">
    <subfield code="a">UABARD</subfield>
    <subfield code="b">ON_SHELF</subfield>
    <subfield code="c">GOV DOC CA2 AL PWS A56 1997/1998</subfield>
    <subfield code="d">BOOK</subfield>
    <subfield code="f">1</subfield>
  </datafield>
  <datafield tag="926" ind1=" " ind2=" ">
    <subfield code="a">UABARD</subfield>
    <subfield code="b">ON_SHELF</subfield>
    <subfield code="c">GOV DOC CA2 AL PWS A56 1998/1999</subfield>
    <subfield code="d">BOOK</subfield>
    <subfield code="f">1</subfield>
  </datafield>
  <datafield tag="926" ind1=" " ind2=" ">
    <subfield code="a">UAHSS</subfield>
    <subfield code="b">ON_SHELF</subfield>
    <subfield code="c">GOV DOC CA2 AL PWS A56 1982/1983</subfield>
    <subfield code="d">BOOK</subfield>
    <subfield code="f">1</subfield>
  </datafield>
  <datafield tag="926" ind1=" " ind2=" ">
    <subfield code="a">UAHSS</subfield>
    <subfield code="b">ON_SHELF</subfield>
    <subfield code="c">GOV DOC CA2 AL PWS A56 1983/1984</subfield>
    <subfield code="d">BOOK</subfield>
    <subfield code="f">1</subfield>
  </datafield>
  <datafield tag="926" ind1=" " ind2=" ">
    <subfield code="a">UAHSS</subfield>
    <subfield code="b">ON_SHELF</subfield>
    <subfield code="c">GOV DOC CA2 AL PWS A56 1984/1985</subfield>
    <subfield code="d">BOOK</subfield>
    <subfield code="f">1</subfield>
  </datafield>
  <datafield tag="926" ind1=" " ind2=" ">
    <subfield code="a">UAHSS</subfield>
    <subfield code="b">ON_SHELF</subfield>
    <subfield code="c">GOV DOC CA2 AL PWS A56 1985/1986</subfield>
    <subfield code="d">BOOK</subfield>
    <subfield code="f">1</subfield>
  </datafield>
  <datafield tag="926" ind1=" " ind2=" ">
    <subfield code="a">UAHSS</subfield>
    <subfield code="b">ON_SHELF</subfield>
    <subfield code="c">GOV DOC CA2 AL PWS A56 1986/1987</subfield>
    <subfield code="d">BOOK</subfield>
    <subfield code="f">1</subfield>
  </datafield>
  <datafield tag="926" ind1=" " ind2=" ">
    <subfield code="a">UAHSS</subfield>
    <subfield code="b">ON_SHELF</subfield>
    <subfield code="c">GOV DOC CA2 AL PWS A56 1987/1988</subfield>
    <subfield code="d">BOOK</subfield>
    <subfield code="f">1</subfield>
  </datafield>
  <datafield tag="926" ind1=" " ind2=" ">
    <subfield code="a">UAHSS</subfield>
    <subfield code="b">ON_SHELF</subfield>
    <subfield code="c">GOV DOC CA2 AL PWS A56 1988/1989</subfield>
    <subfield code="d">BOOK</subfield>
    <subfield code="f">1</subfield>
  </datafield>
  <datafield tag="926" ind1=" " ind2=" ">
    <subfield code="a">UAHSS</subfield>
    <subfield code="b">ON_SHELF</subfield>
    <subfield code="c">GOV DOC CA2 AL PWS A56 1989/1990</subfield>
    <subfield code="d">BOOK</subfield>
    <subfield code="f">1</subfield>
  </datafield>
  <datafield tag="926" ind1=" " ind2=" ">
    <subfield code="a">UAHSS</subfield>
    <subfield code="b">ON_SHELF</subfield>
    <subfield code="c">GOV DOC CA2 AL PWS A56 1990/1991</subfield>
    <subfield code="d">BOOK</subfield>
    <subfield code="f">1</subfield>
  </datafield>
  <datafield tag="926" ind1=" " ind2=" ">
    <subfield code="a">UAHSS</subfield>
    <subfield code="b">ON_SHELF</subfield>
    <subfield code="c">GOV DOC CA2 AL PWS A56 1991/1992</subfield>
    <subfield code="d">BOOK</subfield>
    <subfield code="f">1</subfield>
  </datafield>
  <datafield tag="926" ind1=" " ind2=" ">
    <subfield code="a">UAHSS</subfield>
    <subfield code="b">ON_SHELF</subfield>
    <subfield code="c">GOV DOC CA2 AL PWS A56 1992/1993</subfield>
    <subfield code="d">BOOK</subfield>
    <subfield code="f">1</subfield>
  </datafield>
  <datafield tag="926" ind1=" " ind2=" ">
    <subfield code="a">UAHSS</subfield>
    <subfield code="b">ON_SHELF</subfield>
    <subfield code="c">GOV DOC CA2 AL PWS A56 1993/1994</subfield>
    <subfield code="d">BOOK</subfield>
    <subfield code="f">1</subfield>
  </datafield>
  <datafield tag="926" ind1=" " ind2=" ">
    <subfield code="a">UAHSS</subfield>
    <subfield code="b">ON_SHELF</subfield>
    <subfield code="c">GOV DOC CA2 AL PWS A56 1994/1995</subfield>
    <subfield code="d">BOOK</subfield>
    <subfield code="f">1</subfield>
  </datafield>
  <datafield tag="926" ind1=" " ind2=" ">
    <subfield code="a">UAHSS</subfield>
    <subfield code="b">ON_SHELF</subfield>
    <subfield code="c">GOV DOC CA2 AL PWS A56 1995/1996</subfield>
    <subfield code="d">BOOK</subfield>
    <subfield code="f">1</subfield>
  </datafield>
  <datafield tag="926" ind1=" " ind2=" ">
    <subfield code="a">UAHSS</subfield>
    <subfield code="b">ON_SHELF</subfield>
    <subfield code="c">GOV DOC CA2 AL PWS A56 1996/1997</subfield>
    <subfield code="d">BOOK</subfield>
    <subfield code="f">1</subfield>
  </datafield>
  <datafield tag="926" ind1=" " ind2=" ">
    <subfield code="a">UAHSS</subfield>
    <subfield code="b">ON_SHELF</subfield>
    <subfield code="c">GOV DOC CA2 AL PWS A56 1997/1998</subfield>
    <subfield code="d">BOOK</subfield>
    <subfield code="f">1</subfield>
  </datafield>
  <datafield tag="926" ind1=" " ind2=" ">
    <subfield code="a">UAHSS</subfield>
    <subfield code="b">ON_SHELF</subfield>
    <subfield code="c">GOV DOC CA2 AL PWS A56 1998/1999</subfield>
    <subfield code="d">BOOK</subfield>
    <subfield code="f">1</subfield>
  </datafield>
  <datafield tag="926" ind1=" " ind2=" ">
    <subfield code="a">UAHSS</subfield>
    <subfield code="b">ON_SHELF</subfield>
    <subfield code="c">GOV DOC CA2 AL PWS A56 1982/1983 c.2</subfield>
    <subfield code="d">BOOK</subfield>
    <subfield code="f">2</subfield>
  </datafield>
  <datafield tag="926" ind1=" " ind2=" ">
    <subfield code="a">UAHSS</subfield>
    <subfield code="b">ON_SHELF</subfield>
    <subfield code="c">GOV DOC CA2 AL PWS A56 1983/1984 c.2</subfield>
    <subfield code="d">BOOK</subfield>
    <subfield code="f">2</subfield>
  </datafield>
  <datafield tag="927" ind1=" " ind2=" ">
    <subfield code="a">RED_DEER_C</subfield>
  </datafield>
  <datafield tag="927" ind1=" " ind2=" ">
    <subfield code="b">Location</subfield>
    <subfield code="c">FLOOR_2-- TA 27 A37 A2</subfield>
  </datafield>
  <datafield tag="927" ind1=" " ind2=" ">
    <subfield code="b">Library has</subfield>
    <subfield code="c">1995/1996-</subfield>
  </datafield>
  <datafield tag="927" ind1=" " ind2=" ">
    <subfield code="a">UABARD</subfield>
  </datafield>
  <datafield tag="927" ind1=" " ind2=" ">
    <subfield code="b">Location</subfield>
    <subfield code="c">ON_SHELF-- GOV DOC CA2 AL PWS A56</subfield>
  </datafield>
  <datafield tag="927" ind1=" " ind2=" ">
    <subfield code="b">Library has</subfield>
    <subfield code="c">1982/1983-1988/1989,1990/1991-1998/1999</subfield>
  </datafield>
  <datafield tag="927" ind1=" " ind2=" ">
    <subfield code="a">UAHSS</subfield>
  </datafield>
  <datafield tag="927" ind1=" " ind2=" ">
    <subfield code="b">Location</subfield>
    <subfield code="c">ON_SHELF-- GOV DOC CA2 AL PWS A56</subfield>
  </datafield>
  <datafield tag="927" ind1=" " ind2=" ">
    <subfield code="b">Library has</subfield>
    <subfield code="c">1982/1983-1998/1999</subfield>
  </datafield>
</record>
