<record xmlns="http://www.loc.gov/MARC21/slim">
  <leader>04121cas a2200841 a 4500</leader>
  <controlfield tag="001">1721013</controlfield>
  <controlfield tag="008">830307d19952001abcar     s  s0uuu 0eng d</controlfield>
  <datafield tag="022" ind1=" " ind2=" ">
    <subfield code="a">1207-5477</subfield>
  </datafield>
  <datafield tag="035" ind1=" " ind2=" ">
    <subfield code="a">ocn426204644</subfield>
  </datafield>
  <datafield tag="039" ind1=" " ind2=" ">
    <subfield code="f">kn</subfield>
  </datafield>
  <datafield tag="040" ind1=" " ind2=" ">
    <subfield code="a">AEU</subfield>
    <subfield code="b">eng</subfield>
  </datafield>
  <datafield tag="043" ind1=" " ind2=" ">
    <subfield code="a">n-cn-ab</subfield>
  </datafield>
  <datafield tag="090" ind1=" " ind2=" ">
    <subfield code="a">Annual Report</subfield>
    <subfield code="b">AEE</subfield>
  </datafield>
  <datafield tag="090" ind1=" " ind2=" ">
    <subfield code="a">HJ 13 A82 A372</subfield>
    <subfield code="b">ARDC</subfield>
  </datafield>
  <datafield tag="090" ind1=" " ind2=" ">
    <subfield code="a">GOV DOC CA2 AL T A56</subfield>
    <subfield code="b">AEU</subfield>
  </datafield>
  <datafield tag="090" ind1=" " ind2=" ">
    <subfield code="a">HJ 13 A8 A4344</subfield>
    <subfield code="b">AEU</subfield>
  </datafield>
  <datafield tag="110" ind1="1" ind2=" ">
    <subfield code="a">Alberta.</subfield>
    <subfield code="b">Alberta Treasury.</subfield>
  </datafield>
  <datafield tag="245" ind1="1" ind2="0">
    <subfield code="a">Treasury annual report /</subfield>
    <subfield code="c">Alberta Treasury.</subfield>
  </datafield>
  <datafield tag="246" ind1="1" ind2="4">
    <subfield code="a">Treasury annual report for the fiscal year ended March 31, ...</subfield>
  </datafield>
  <datafield tag="260" ind1=" " ind2=" ">
    <subfield code="a">[Edmonton] :</subfield>
    <subfield code="b">Alberta Treasury,</subfield>
    <subfield code="c">[1995-2001]</subfield>
  </datafield>
  <datafield tag="300" ind1=" " ind2=" ">
    <subfield code="a">7 v. ;</subfield>
    <subfield code="c">28 cm.</subfield>
  </datafield>
  <datafield tag="310" ind1=" " ind2=" ">
    <subfield code="a">Annual</subfield>
  </datafield>
  <datafield tag="362" ind1=" " ind2=" ">
    <subfield code="a">1995-2000/01.</subfield>
  </datafield>
  <datafield tag="500" ind1=" " ind2=" ">
    <subfield code="a">&lt;1996-97&gt;- issued in two parts: Annual report, and, Consolidated financial statements.</subfield>
  </datafield>
  <datafield tag="515" ind1=" " ind2=" ">
    <subfield code="a">Report year ends Mar. 31.</subfield>
  </datafield>
  <datafield tag="580" ind1=" " ind2=" ">
    <subfield code="a">Split into: Alberta. Alberta Finance. Ministry of Finance annual report, and: Alberta. Alberta Revenue. Alberta Revenue annual report.</subfield>
  </datafield>
  <datafield tag="590" ind1=" " ind2=" ">
    <subfield code="a">AGL Petroleum Plaza: Inventory (1997/98 issue).</subfield>
  </datafield>
  <datafield tag="596" ind1=" " ind2=" ">
    <subfield code="a">2 38 43</subfield>
  </datafield>
  <datafield tag="610" ind1="1" ind2=" ">
    <subfield code="a">Alberta.</subfield>
    <subfield code="b">Alberta Treasury</subfield>
    <subfield code="v">Periodicals.</subfield>
  </datafield>
  <datafield tag="650" ind1=" " ind2="0">
    <subfield code="a">Finance, Public</subfield>
    <subfield code="z">Alberta</subfield>
    <subfield code="v">Periodicals.</subfield>
  </datafield>
  <datafield tag="650" ind1=" " ind2="0">
    <subfield code="a">Revenue</subfield>
    <subfield code="z">Alberta</subfield>
    <subfield code="v">Periodicals.</subfield>
  </datafield>
  <datafield tag="780" ind1="0" ind2="0">
    <subfield code="a">Alberta. Alberta Treasury.</subfield>
    <subfield code="t">Ministry overview &amp; annual report for the fiscal year ended March 31, ...</subfield>
  </datafield>
  <datafield tag="785" ind1="1" ind2="6">
    <subfield code="a">Alberta. Alberta Finance.</subfield>
    <subfield code="t">Ministry of Finance annual report</subfield>
  </datafield>
  <datafield tag="785" ind1="1" ind2="6">
    <subfield code="a">Alberta. Alberta Revenue.</subfield>
    <subfield code="t">Alberta Revenue annual report</subfield>
  </datafield>
  <datafield tag="926" ind1=" " ind2=" ">
    <subfield code="a">AGL_CAP</subfield>
    <subfield code="b">ANNUALREPT</subfield>
    <subfield code="c">Annual Report 1994/1995</subfield>
    <subfield code="d">PERIODICAL</subfield>
    <subfield code="f">1</subfield>
  </datafield>
  <datafield tag="926" ind1=" " ind2=" ">
    <subfield code="a">AGL_CAP</subfield>
    <subfield code="b">ANNUALREPT</subfield>
    <subfield code="c">Annual Report 1994/1995</subfield>
    <subfield code="d">PERIODICAL</subfield>
    <subfield code="f">2</subfield>
  </datafield>
  <datafield tag="926" ind1=" " ind2=" ">
    <subfield code="a">AGL_CAP</subfield>
    <subfield code="b">ANNUALREPT</subfield>
    <subfield code="c">Annual Report 1995/1996</subfield>
    <subfield code="d">PERIODICAL</subfield>
    <subfield code="f">1</subfield>
  </datafield>
  <datafield tag="926" ind1=" " ind2=" ">
    <subfield code="a">AGL_CAP</subfield>
    <subfield code="b">ANNUALREPT</subfield>
    <subfield code="c">Annual Report 1995/1996</subfield>
    <subfield code="d">PERIODICAL</subfield>
    <subfield code="f">2</subfield>
  </datafield>
  <datafield tag="926" ind1=" " ind2=" ">
    <subfield code="a">AGL_CAP</subfield>
    <subfield code="b">ANNUALREPT</subfield>
    <subfield code="c">Annual Report 1996/1997</subfield>
    <subfield code="d">PERIODICAL</subfield>
    <subfield code="f">1</subfield>
  </datafield>
  <datafield tag="926" ind1=" " ind2=" ">
    <subfield code="a">AGL_CAP</subfield>
    <subfield code="b">ANNUALREPT</subfield>
    <subfield code="c">Annual Report 1997/1998</subfield>
    <subfield code="d">PERIODICAL</subfield>
    <subfield code="f">1</subfield>
  </datafield>
  <datafield tag="926" ind1=" " ind2=" ">
    <subfield code="a">AGL_CAP</subfield>
    <subfield code="b">ANNUALREPT</subfield>
    <subfield code="c">Annual Report 1997/1998</subfield>
    <subfield code="d">PERIODICAL</subfield>
    <subfield code="f">2</subfield>
  </datafield>
  <datafield tag="926" ind1=" " ind2=" ">
    <subfield code="a">AGL_CAP</subfield>
    <subfield code="b">ANNUALREPT</subfield>
    <subfield code="c">Annual Report 1997/1998 abr.</subfield>
    <subfield code="d">PERIODICAL</subfield>
    <subfield code="f">1</subfield>
  </datafield>
  <datafield tag="926" ind1=" " ind2=" ">
    <subfield code="a">AGL_CAP</subfield>
    <subfield code="b">ANNUALREPT</subfield>
    <subfield code="c">Annual Report 1997/1998 abr.</subfield>
    <subfield code="d">PERIODICAL</subfield>
    <subfield code="f">2</subfield>
  </datafield>
  <datafield tag="926" ind1=" " ind2=" ">
    <subfield code="a">AGL_CAP</subfield>
    <subfield code="b">ANNUALREPT</subfield>
    <subfield code="c">Annual Report 1998/1999</subfield>
    <subfield code="d">PERIODICAL</subfield>
    <subfield code="f">1</subfield>
  </datafield>
  <datafield tag="926" ind1=" " ind2=" ">
    <subfield code="a">AGL_CAP</subfield>
    <subfield code="b">ANNUALREPT</subfield>
    <subfield code="c">Annual Report 1998/1999</subfield>
    <subfield code="d">PERIODICAL</subfield>
    <subfield code="f">2</subfield>
  </datafield>
  <datafield tag="926" ind1=" " ind2=" ">
    <subfield code="a">AGL_CAP</subfield>
    <subfield code="b">ANNUALREPT</subfield>
    <subfield code="c">Annual Report 1998/1999 abr.</subfield>
    <subfield code="d">PERIODICAL</subfield>
    <subfield code="f">1</subfield>
  </datafield>
  <datafield tag="926" ind1=" " ind2=" ">
    <subfield code="a">AGL_CAP</subfield>
    <subfield code="b">ANNUALREPT</subfield>
    <subfield code="c">Annual Report 1999/2000</subfield>
    <subfield code="d">PERIODICAL</subfield>
    <subfield code="f">1</subfield>
  </datafield>
  <datafield tag="926" ind1=" " ind2=" ">
    <subfield code="a">AGL_CAP</subfield>
    <subfield code="b">ANNUALREPT</subfield>
    <subfield code="c">Annual Report 1999/2000</subfield>
    <subfield code="d">PERIODICAL</subfield>
    <subfield code="f">2</subfield>
  </datafield>
  <datafield tag="926" ind1=" " ind2=" ">
    <subfield code="a">AGL_CAP</subfield>
    <subfield code="b">ANNUALREPT</subfield>
    <subfield code="c">Annual Report 2000/2001</subfield>
    <subfield code="d">PERIODICAL</subfield>
    <subfield code="f">1</subfield>
  </datafield>
  <datafield tag="926" ind1=" " ind2=" ">
    <subfield code="a">AGL_CAP</subfield>
    <subfield code="b">ANNUALREPT</subfield>
    <subfield code="c">Annual Report 2000/2001</subfield>
    <subfield code="d">PERIODICAL</subfield>
    <subfield code="f">2</subfield>
  </datafield>
  <datafield tag="926" ind1=" " ind2=" ">
    <subfield code="a">UABARD</subfield>
    <subfield code="b">ON_SHELF</subfield>
    <subfield code="c">GOV DOC CA2 AL T A56 1995</subfield>
    <subfield code="d">BOOK</subfield>
    <subfield code="f">1</subfield>
  </datafield>
  <datafield tag="926" ind1=" " ind2=" ">
    <subfield code="a">UABARD</subfield>
    <subfield code="b">ON_SHELF</subfield>
    <subfield code="c">GOV DOC CA2 AL T A56 1996</subfield>
    <subfield code="d">BOOK</subfield>
    <subfield code="f">1</subfield>
  </datafield>
  <datafield tag="926" ind1=" " ind2=" ">
    <subfield code="a">UABARD</subfield>
    <subfield code="b">ON_SHELF</subfield>
    <subfield code="c">GOV DOC CA2 AL T A56 1997</subfield>
    <subfield code="d">BOOK</subfield>
    <subfield code="f">1</subfield>
  </datafield>
  <datafield tag="926" ind1=" " ind2=" ">
    <subfield code="a">UABARD</subfield>
    <subfield code="b">ON_SHELF</subfield>
    <subfield code="c">GOV DOC CA2 AL T A56 1998</subfield>
    <subfield code="d">BOOK</subfield>
    <subfield code="f">1</subfield>
  </datafield>
  <datafield tag="926" ind1=" " ind2=" ">
    <subfield code="a">UABARD</subfield>
    <subfield code="b">ON_SHELF</subfield>
    <subfield code="c">GOV DOC CA2 AL T A56 1998/1999</subfield>
    <subfield code="d">BOOK</subfield>
    <subfield code="f">1</subfield>
  </datafield>
  <datafield tag="926" ind1=" " ind2=" ">
    <subfield code="a">UABARD</subfield>
    <subfield code="b">ON_SHELF</subfield>
    <subfield code="c">GOV DOC CA2 AL T A56 1999/2000</subfield>
    <subfield code="d">BOOK</subfield>
    <subfield code="f">1</subfield>
  </datafield>
  <datafield tag="926" ind1=" " ind2=" ">
    <subfield code="a">UABARD</subfield>
    <subfield code="b">ON_SHELF</subfield>
    <subfield code="c">GOV DOC CA2 AL T A56 2000/2001</subfield>
    <subfield code="d">BOOK</subfield>
    <subfield code="f">1</subfield>
  </datafield>
  <datafield tag="926" ind1=" " ind2=" ">
    <subfield code="a">UAHSS</subfield>
    <subfield code="b">ON_SHELF</subfield>
    <subfield code="c">GOV DOC CA2 AL T A56 1995</subfield>
    <subfield code="d">BOOK</subfield>
    <subfield code="f">1</subfield>
  </datafield>
  <datafield tag="926" ind1=" " ind2=" ">
    <subfield code="a">UAHSS</subfield>
    <subfield code="b">ON_SHELF</subfield>
    <subfield code="c">GOV DOC CA2 AL T A56 1996</subfield>
    <subfield code="d">BOOK</subfield>
    <subfield code="f">1</subfield>
  </datafield>
  <datafield tag="926" ind1=" " ind2=" ">
    <subfield code="a">UAHSS</subfield>
    <subfield code="b">ON_SHELF</subfield>
    <subfield code="c">GOV DOC CA2 AL T A56 1997</subfield>
    <subfield code="d">BOOK</subfield>
    <subfield code="f">1</subfield>
  </datafield>
  <datafield tag="926" ind1=" " ind2=" ">
    <subfield code="a">UAHSS</subfield>
    <subfield code="b">ON_SHELF</subfield>
    <subfield code="c">GOV DOC CA2 AL T A56 1998</subfield>
    <subfield code="d">BOOK</subfield>
    <subfield code="f">1</subfield>
  </datafield>
  <datafield tag="926" ind1=" " ind2=" ">
    <subfield code="a">UAHSS</subfield>
    <subfield code="b">ON_SHELF</subfield>
    <subfield code="c">GOV DOC CA2 AL T A56 1998/1999</subfield>
    <subfield code="d">BOOK</subfield>
    <subfield code="f">1</subfield>
  </datafield>
  <datafield tag="926" ind1=" " ind2=" ">
    <subfield code="a">UAHSS</subfield>
    <subfield code="b">ON_SHELF</subfield>
    <subfield code="c">GOV DOC CA2 AL T A56 1999/2000</subfield>
    <subfield code="d">BOOK</subfield>
    <subfield code="f">1</subfield>
  </datafield>
  <datafield tag="926" ind1=" " ind2=" ">
    <subfield code="a">UAHSS</subfield>
    <subfield code="b">ON_SHELF</subfield>
    <subfield code="c">GOV DOC CA2 AL T A56 2000/2001</subfield>
    <subfield code="d">BOOK</subfield>
    <subfield code="f">1</subfield>
  </datafield>
  <datafield tag="927" ind1=" " ind2=" ">
    <subfield code="a">AGL_CAP</subfield>
  </datafield>
  <datafield tag="927" ind1=" " ind2=" ">
    <subfield code="b">Location</subfield>
    <subfield code="c">ANNUALREPT-- Shelved by government agency</subfield>
  </datafield>
  <datafield tag="927" ind1=" " ind2=" ">
    <subfield code="b">Library has</subfield>
    <subfield code="c">1994/1995-2000/2001</subfield>
  </datafield>
  <datafield tag="927" ind1=" " ind2=" ">
    <subfield code="a">UABARD</subfield>
  </datafield>
  <datafield tag="927" ind1=" " ind2=" ">
    <subfield code="b">Location</subfield>
    <subfield code="c">ON_SHELF-- GOV DOC CA2 AL T A56</subfield>
  </datafield>
  <datafield tag="927" ind1=" " ind2=" ">
    <subfield code="b">Library has</subfield>
    <subfield code="c">1995-2000/2001</subfield>
  </datafield>
  <datafield tag="927" ind1=" " ind2=" ">
    <subfield code="a">UAHSS</subfield>
  </datafield>
  <datafield tag="927" ind1=" " ind2=" ">
    <subfield code="b">Location</subfield>
    <subfield code="c">ON_SHELF-- GOV DOC CA2 AL T A56</subfield>
  </datafield>
  <datafield tag="927" ind1=" " ind2=" ">
    <subfield code="b">Library has</subfield>
    <subfield code="c">1995-2000/2001</subfield>
  </datafield>
</record>
