<record xmlns="http://www.loc.gov/MARC21/slim">
  <leader>01556cas a2200409 a 4500</leader>
  <controlfield tag="001">2563243</controlfield>
  <controlfield tag="008">870820c20019999abcfn        s0     eng d</controlfield>
  <datafield tag="035" ind1=" " ind2=" ">
    <subfield code="a">ocm53812969</subfield>
  </datafield>
  <datafield tag="040" ind1=" " ind2=" ">
    <subfield code="b">eng</subfield>
  </datafield>
  <datafield tag="043" ind1=" " ind2=" ">
    <subfield code="a">n-cn-ab</subfield>
  </datafield>
  <datafield tag="090" ind1=" " ind2=" ">
    <subfield code="a">LB 3054 C2 D42512</subfield>
    <subfield code="b">AEU</subfield>
  </datafield>
  <datafield tag="090" ind1=" " ind2=" ">
    <subfield code="a">QA43 .A67</subfield>
    <subfield code="b">AEGMCT</subfield>
  </datafield>
  <datafield tag="245" ind1="0" ind2="0">
    <subfield code="a">Applied mathematics 30, grade 12 diploma examination.</subfield>
  </datafield>
  <datafield tag="246" ind1="3" ind2=" ">
    <subfield code="a">Grade 12 diploma examination.</subfield>
    <subfield code="p">Applied mathematics 30</subfield>
  </datafield>
  <datafield tag="260" ind1=" " ind2=" ">
    <subfield code="a">Edmonton :</subfield>
    <subfield code="b">Alberta Learning,</subfield>
    <subfield code="c">c2001-</subfield>
  </datafield>
  <datafield tag="300" ind1=" " ind2=" ">
    <subfield code="a">v. :</subfield>
    <subfield code="b">ill. ;</subfield>
    <subfield code="c">28 cm.</subfield>
  </datafield>
  <datafield tag="310" ind1=" " ind2=" ">
    <subfield code="a">Twice a year (Jan. and June)</subfield>
  </datafield>
  <datafield tag="336" ind1=" " ind2=" ">
    <subfield code="a">text</subfield>
    <subfield code="b">txt</subfield>
    <subfield code="2">rdacontent</subfield>
  </datafield>
  <datafield tag="337" ind1=" " ind2=" ">
    <subfield code="a">unmediated</subfield>
    <subfield code="b">n</subfield>
    <subfield code="2">rdamedia</subfield>
  </datafield>
  <datafield tag="338" ind1=" " ind2=" ">
    <subfield code="a">volume</subfield>
    <subfield code="b">nc</subfield>
    <subfield code="2">rdacarrier</subfield>
  </datafield>
  <datafield tag="362" ind1="0" ind2=" ">
    <subfield code="a">Jan. 2001-</subfield>
  </datafield>
  <datafield tag="500" ind1=" " ind2=" ">
    <subfield code="a">Title from cover.</subfield>
  </datafield>
  <datafield tag="550" ind1=" " ind2=" ">
    <subfield code="a">Issued by: Learner Assessment Branch.</subfield>
  </datafield>
  <datafield tag="596" ind1=" " ind2=" ">
    <subfield code="a">41</subfield>
  </datafield>
  <datafield tag="650" ind1=" " ind2="0">
    <subfield code="a">Mathematics</subfield>
    <subfield code="z">Alberta</subfield>
    <subfield code="v">Examinations, questions, etc.</subfield>
  </datafield>
  <datafield tag="650" ind1=" " ind2="0">
    <subfield code="a">Twelfth grade (Education)</subfield>
    <subfield code="z">Alberta</subfield>
    <subfield code="v">Examinations.</subfield>
  </datafield>
  <datafield tag="710" ind1="1" ind2=" ">
    <subfield code="a">Alberta.</subfield>
    <subfield code="b">Learner Assessment Branch.</subfield>
  </datafield>
  <datafield tag="780" ind1="0" ind2="1">
    <subfield code="t">Grade 12 diploma examination. Mathematics 30</subfield>
    <subfield code="x">1193-1159</subfield>
  </datafield>
  <datafield tag="940" ind1=" " ind2=" ">
    <subfield code="a">NO EJOURNAL HOLDINGS</subfield>
  </datafield>
  <datafield tag="926" ind1=" " ind2=" ">
    <subfield code="a">UAEDUC</subfield>
    <subfield code="b">CURR_HIST</subfield>
    <subfield code="c">LB 3054 C2 D42512 2001:Jan</subfield>
    <subfield code="d">NO_LOAN</subfield>
    <subfield code="f">1</subfield>
  </datafield>
  <datafield tag="926" ind1=" " ind2=" ">
    <subfield code="a">UAEDUC</subfield>
    <subfield code="b">LIBUSE</subfield>
    <subfield code="c">LB 3054 C2 D42512 2001:Jan</subfield>
    <subfield code="d">NO_LOAN</subfield>
    <subfield code="e">NEVER</subfield>
    <subfield code="f">2</subfield>
  </datafield>
  <datafield tag="926" ind1=" " ind2=" ">
    <subfield code="a">UAEDUC</subfield>
    <subfield code="b">CURR_HIST</subfield>
    <subfield code="c">LB 3054 C2 D42512 2001:June</subfield>
    <subfield code="d">NO_LOAN</subfield>
    <subfield code="f">1</subfield>
  </datafield>
  <datafield tag="926" ind1=" " ind2=" ">
    <subfield code="a">UAEDUC</subfield>
    <subfield code="b">CURR_HIST</subfield>
    <subfield code="c">LB 3054 C2 D42512 2002:Jan</subfield>
    <subfield code="d">NO_LOAN</subfield>
    <subfield code="f">1</subfield>
  </datafield>
  <datafield tag="926" ind1=" " ind2=" ">
    <subfield code="a">UAEDUC</subfield>
    <subfield code="b">CURR_HIST</subfield>
    <subfield code="c">LB 3054 C2 D42512 2002:Jan</subfield>
    <subfield code="d">NO_LOAN</subfield>
    <subfield code="f">2</subfield>
  </datafield>
  <datafield tag="927" ind1=" " ind2=" ">
    <subfield code="a">UAEDUC</subfield>
  </datafield>
  <datafield tag="927" ind1=" " ind2=" ">
    <subfield code="b">Location</subfield>
    <subfield code="c">CURR_HIST-- LB 3054 C2 D42512</subfield>
  </datafield>
  <datafield tag="927" ind1=" " ind2=" ">
    <subfield code="b">Library has</subfield>
    <subfield code="c">2001-</subfield>
  </datafield>
</record>
