<record xmlns="http://www.loc.gov/MARC21/slim">
  <leader>04477cam a2200877 a 4500</leader>
  <controlfield tag="001">7000967</controlfield>
  <controlfield tag="003">OCoLC</controlfield>
  <controlfield tag="005">20150501021659.0</controlfield>
  <controlfield tag="008">080429s2002    abca         s000 0 eng  </controlfield>
  <datafield tag="016" ind1=" " ind2=" ">
    <subfield code="a">20088016072</subfield>
  </datafield>
  <datafield tag="020" ind1=" " ind2=" ">
    <subfield code="a">0774116161 (project booklet, 1)</subfield>
  </datafield>
  <datafield tag="020" ind1=" " ind2=" ">
    <subfield code="a">9780774116169 (project booklet, 1)</subfield>
  </datafield>
  <datafield tag="020" ind1=" " ind2=" ">
    <subfield code="a">0774116080 (assignment booklet, 1)</subfield>
  </datafield>
  <datafield tag="020" ind1=" " ind2=" ">
    <subfield code="a">9780774116084 (assignment booklet, 1)</subfield>
  </datafield>
  <datafield tag="020" ind1=" " ind2=" ">
    <subfield code="a">0774116390 (project booklet, 2)</subfield>
  </datafield>
  <datafield tag="020" ind1=" " ind2=" ">
    <subfield code="a">9780774116398 (project booklet, 2)</subfield>
  </datafield>
  <datafield tag="020" ind1=" " ind2=" ">
    <subfield code="a">0774116382 (assignment booklet, 2)</subfield>
  </datafield>
  <datafield tag="020" ind1=" " ind2=" ">
    <subfield code="a">9780774116381 (assignment booklet, 2)</subfield>
  </datafield>
  <datafield tag="020" ind1=" " ind2=" ">
    <subfield code="a">0774117249 (project booklet, 3)</subfield>
  </datafield>
  <datafield tag="020" ind1=" " ind2=" ">
    <subfield code="a">9780774117241 (project booklet, 3)</subfield>
  </datafield>
  <datafield tag="020" ind1=" " ind2=" ">
    <subfield code="a">0774117230 (assignment booklet, 3)</subfield>
  </datafield>
  <datafield tag="020" ind1=" " ind2=" ">
    <subfield code="a">9780774117234 (assignment booklet, 3)</subfield>
  </datafield>
  <datafield tag="020" ind1=" " ind2=" ">
    <subfield code="a">0774121688 (project booklet, 4)</subfield>
  </datafield>
  <datafield tag="020" ind1=" " ind2=" ">
    <subfield code="a">9780774121682 (project booklet, 4)</subfield>
  </datafield>
  <datafield tag="020" ind1=" " ind2=" ">
    <subfield code="a">0774121629 (assignment booklet, 4)</subfield>
  </datafield>
  <datafield tag="020" ind1=" " ind2=" ">
    <subfield code="a">9780774121620 (assignment booklet, 4)</subfield>
  </datafield>
  <datafield tag="020" ind1=" " ind2=" ">
    <subfield code="a">077412167X (project booklet, 5)</subfield>
  </datafield>
  <datafield tag="020" ind1=" " ind2=" ">
    <subfield code="a">9780774121675 (project booklet, 5)</subfield>
  </datafield>
  <datafield tag="020" ind1=" " ind2=" ">
    <subfield code="a">0774121645 (assignment booklet, 5)</subfield>
  </datafield>
  <datafield tag="020" ind1=" " ind2=" ">
    <subfield code="a">9780774121644 (assignment booklet, 5)</subfield>
  </datafield>
  <datafield tag="020" ind1=" " ind2=" ">
    <subfield code="a">0774121661 (project booklet, 6)</subfield>
  </datafield>
  <datafield tag="020" ind1=" " ind2=" ">
    <subfield code="a">9780774121668 (project booklet, 6)</subfield>
  </datafield>
  <datafield tag="020" ind1=" " ind2=" ">
    <subfield code="a">0774121696 (assignment booklet, 6)</subfield>
  </datafield>
  <datafield tag="020" ind1=" " ind2=" ">
    <subfield code="a">9780774121699 (assignment booklet, 6)</subfield>
  </datafield>
  <datafield tag="035" ind1=" " ind2=" ">
    <subfield code="a">ocn228191753</subfield>
  </datafield>
  <datafield tag="039" ind1=" " ind2=" ">
    <subfield code="a">(OCoLC)228191753</subfield>
    <subfield code="f">OCLC</subfield>
  </datafield>
  <datafield tag="040" ind1=" " ind2=" ">
    <subfield code="a">NLC</subfield>
    <subfield code="b">eng</subfield>
    <subfield code="c">NLC</subfield>
    <subfield code="d">OCLCO</subfield>
    <subfield code="d">AEU</subfield>
  </datafield>
  <datafield tag="050" ind1=" " ind2="4">
    <subfield code="a">QA14.C22</subfield>
    <subfield code="b">A33 2002</subfield>
  </datafield>
  <datafield tag="055" ind1="0" ind2="6">
    <subfield code="a">COP.AL.2.2008-98</subfield>
  </datafield>
  <datafield tag="090" ind1=" " ind2=" ">
    <subfield code="a">QA 14 C22 A33 2002</subfield>
    <subfield code="b">AEU</subfield>
  </datafield>
  <datafield tag="245" ind1="0" ind2="0">
    <subfield code="a">Applied mathematics 10.</subfield>
  </datafield>
  <datafield tag="260" ind1=" " ind2=" ">
    <subfield code="a">Edmonton :</subfield>
    <subfield code="b">Alberta Learning,</subfield>
    <subfield code="c">c2002.</subfield>
  </datafield>
  <datafield tag="300" ind1=" " ind2=" ">
    <subfield code="a">6 v. :</subfield>
    <subfield code="b">ill. ;</subfield>
    <subfield code="c">28 cm +</subfield>
    <subfield code="e">12 booklets.</subfield>
  </datafield>
  <datafield tag="500" ind1=" " ind2=" ">
    <subfield code="a">&quot;MAT1038.&quot;</subfield>
  </datafield>
  <datafield tag="505" ind1="0" ind2=" ">
    <subfield code="a">Module 1. Measurement, 2 project booklets, 2 assignment booklets -- Module 2. Number patterns in tables, 2 project booklets, 2 assignment booklets -- Module 3. Relations and function, 2 project booklets, 2 assignment booklets -- Module 4. Line segments, 2 project booklets, 2 assignment booklets -- Module 5. Linear functions, 2 project booklets, 2 assignment booklets -- Module 6. Trigonometry, 2 project booklets, 2 assignment booklets.</subfield>
  </datafield>
  <datafield tag="550" ind1=" " ind2=" ">
    <subfield code="a">Issued by: Learning Technologies Branch.</subfield>
  </datafield>
  <datafield tag="590" ind1=" " ind2=" ">
    <subfield code="a">Approved for use in Alberta schools.</subfield>
  </datafield>
  <datafield tag="596" ind1=" " ind2=" ">
    <subfield code="a">38</subfield>
  </datafield>
  <datafield tag="650" ind1=" " ind2="0">
    <subfield code="a">Mathematics</subfield>
    <subfield code="v">Programmed instruction.</subfield>
  </datafield>
  <datafield tag="650" ind1=" " ind2="0">
    <subfield code="a">Mathematics</subfield>
    <subfield code="v">Problems, exercises, etc.</subfield>
  </datafield>
  <datafield tag="710" ind1="1" ind2=" ">
    <subfield code="a">Alberta.</subfield>
    <subfield code="b">Alberta Learning.</subfield>
  </datafield>
  <datafield tag="710" ind1="1" ind2=" ">
    <subfield code="a">Alberta.</subfield>
    <subfield code="b">Alberta Learning.</subfield>
    <subfield code="b">Learning Technologies Branch.</subfield>
  </datafield>
  <datafield tag="949" ind1=" " ind2=" ">
    <subfield code="a">QA 14 C22 A33 2002</subfield>
    <subfield code="v">mod.1 bklt.</subfield>
    <subfield code="h">UABA-B</subfield>
    <subfield code="i">0162034102085</subfield>
    <subfield code="z">OCLC_COPY</subfield>
  </datafield>
  <datafield tag="949" ind1=" " ind2=" ">
    <subfield code="a">QA 14 C22 A33 2002</subfield>
    <subfield code="v">mod.2 bklt.</subfield>
    <subfield code="h">UABA-B</subfield>
    <subfield code="i">0162034102325</subfield>
    <subfield code="z">OCLC_COPY</subfield>
  </datafield>
  <datafield tag="949" ind1=" " ind2=" ">
    <subfield code="a">QA 14 C22 A33 2002</subfield>
    <subfield code="v">mod.3 bklt.</subfield>
    <subfield code="h">UABA-B</subfield>
    <subfield code="i">0162034102028</subfield>
    <subfield code="z">OCLC_COPY</subfield>
  </datafield>
  <datafield tag="949" ind1=" " ind2=" ">
    <subfield code="a">QA 14 C22 A33 2002</subfield>
    <subfield code="v">mod.4 bklt.</subfield>
    <subfield code="h">UABA-B</subfield>
    <subfield code="i">0162034102267</subfield>
    <subfield code="z">OCLC_COPY</subfield>
  </datafield>
  <datafield tag="949" ind1=" " ind2=" ">
    <subfield code="a">QA 14 C22 A33 2002</subfield>
    <subfield code="v">mod.5 bklt.</subfield>
    <subfield code="h">UABA-B</subfield>
    <subfield code="i">0162034102200</subfield>
    <subfield code="z">OCLC_COPY</subfield>
  </datafield>
  <datafield tag="949" ind1=" " ind2=" ">
    <subfield code="a">QA 14 C22 A33 2002</subfield>
    <subfield code="v">mod.6 assgmts.</subfield>
    <subfield code="h">UABA-B</subfield>
    <subfield code="i">0162034099653</subfield>
    <subfield code="z">OCLC_COPY</subfield>
  </datafield>
  <datafield tag="949" ind1=" " ind2=" ">
    <subfield code="a">QA 14 C22 A33 2002</subfield>
    <subfield code="v">mod.6 proj. bk.</subfield>
    <subfield code="h">UABA-B</subfield>
    <subfield code="i">0162034099539</subfield>
    <subfield code="z">OCLC_COPY</subfield>
  </datafield>
  <datafield tag="926" ind1=" " ind2=" ">
    <subfield code="a">UABARD</subfield>
    <subfield code="b">ON_SHELF</subfield>
    <subfield code="c">QA 14 C22 A33 2002 mod.1 assgmts.</subfield>
    <subfield code="d">BOOK</subfield>
    <subfield code="f">1</subfield>
  </datafield>
  <datafield tag="926" ind1=" " ind2=" ">
    <subfield code="a">UABARD</subfield>
    <subfield code="b">ON_SHELF</subfield>
    <subfield code="c">QA 14 C22 A33 2002 mod.1 bklt.</subfield>
    <subfield code="d">BOOK</subfield>
    <subfield code="f">1</subfield>
  </datafield>
  <datafield tag="926" ind1=" " ind2=" ">
    <subfield code="a">UABARD</subfield>
    <subfield code="b">ON_SHELF</subfield>
    <subfield code="c">QA 14 C22 A33 2002 mod.1 proj.bk.</subfield>
    <subfield code="d">BOOK</subfield>
    <subfield code="f">1</subfield>
  </datafield>
  <datafield tag="926" ind1=" " ind2=" ">
    <subfield code="a">UABARD</subfield>
    <subfield code="b">ON_SHELF</subfield>
    <subfield code="c">QA 14 C22 A33 2002 mod.2 assgmts.</subfield>
    <subfield code="d">BOOK</subfield>
    <subfield code="f">1</subfield>
  </datafield>
  <datafield tag="926" ind1=" " ind2=" ">
    <subfield code="a">UABARD</subfield>
    <subfield code="b">ON_SHELF</subfield>
    <subfield code="c">QA 14 C22 A33 2002 mod.2 bklt.</subfield>
    <subfield code="d">BOOK</subfield>
    <subfield code="f">1</subfield>
  </datafield>
  <datafield tag="926" ind1=" " ind2=" ">
    <subfield code="a">UABARD</subfield>
    <subfield code="b">ON_SHELF</subfield>
    <subfield code="c">QA 14 C22 A33 2002 mod.2 proj.bk.</subfield>
    <subfield code="d">BOOK</subfield>
    <subfield code="f">1</subfield>
  </datafield>
  <datafield tag="926" ind1=" " ind2=" ">
    <subfield code="a">UABARD</subfield>
    <subfield code="b">ON_SHELF</subfield>
    <subfield code="c">QA 14 C22 A33 2002 mod.3 assgmts.</subfield>
    <subfield code="d">BOOK</subfield>
    <subfield code="f">1</subfield>
  </datafield>
  <datafield tag="926" ind1=" " ind2=" ">
    <subfield code="a">UABARD</subfield>
    <subfield code="b">ON_SHELF</subfield>
    <subfield code="c">QA 14 C22 A33 2002 mod.3 bklt.</subfield>
    <subfield code="d">BOOK</subfield>
    <subfield code="f">1</subfield>
  </datafield>
  <datafield tag="926" ind1=" " ind2=" ">
    <subfield code="a">UABARD</subfield>
    <subfield code="b">ON_SHELF</subfield>
    <subfield code="c">QA 14 C22 A33 2002 mod.3 proj.bk.</subfield>
    <subfield code="d">BOOK</subfield>
    <subfield code="f">1</subfield>
  </datafield>
  <datafield tag="926" ind1=" " ind2=" ">
    <subfield code="a">UABARD</subfield>
    <subfield code="b">ON_SHELF</subfield>
    <subfield code="c">QA 14 C22 A33 2002 mod.4 assgmts.</subfield>
    <subfield code="d">BOOK</subfield>
    <subfield code="f">1</subfield>
  </datafield>
  <datafield tag="926" ind1=" " ind2=" ">
    <subfield code="a">UABARD</subfield>
    <subfield code="b">ON_SHELF</subfield>
    <subfield code="c">QA 14 C22 A33 2002 mod.4 bklt.</subfield>
    <subfield code="d">BOOK</subfield>
    <subfield code="f">1</subfield>
  </datafield>
  <datafield tag="926" ind1=" " ind2=" ">
    <subfield code="a">UABARD</subfield>
    <subfield code="b">ON_SHELF</subfield>
    <subfield code="c">QA 14 C22 A33 2002 mod.4 proj.bk.</subfield>
    <subfield code="d">BOOK</subfield>
    <subfield code="f">1</subfield>
  </datafield>
  <datafield tag="926" ind1=" " ind2=" ">
    <subfield code="a">UABARD</subfield>
    <subfield code="b">ON_SHELF</subfield>
    <subfield code="c">QA 14 C22 A33 2002 mod.5 assgmts.</subfield>
    <subfield code="d">BOOK</subfield>
    <subfield code="f">1</subfield>
  </datafield>
  <datafield tag="926" ind1=" " ind2=" ">
    <subfield code="a">UABARD</subfield>
    <subfield code="b">ON_SHELF</subfield>
    <subfield code="c">QA 14 C22 A33 2002 mod.5 bklt.</subfield>
    <subfield code="d">BOOK</subfield>
    <subfield code="f">1</subfield>
  </datafield>
  <datafield tag="926" ind1=" " ind2=" ">
    <subfield code="a">UABARD</subfield>
    <subfield code="b">ON_SHELF</subfield>
    <subfield code="c">QA 14 C22 A33 2002 mod.5 proj.bk.</subfield>
    <subfield code="d">BOOK</subfield>
    <subfield code="f">1</subfield>
  </datafield>
  <datafield tag="926" ind1=" " ind2=" ">
    <subfield code="a">UABARD</subfield>
    <subfield code="b">ON_SHELF</subfield>
    <subfield code="c">QA 14 C22 A33 2002 mod.6 assgmts.</subfield>
    <subfield code="d">BOOK</subfield>
    <subfield code="f">1</subfield>
  </datafield>
  <datafield tag="926" ind1=" " ind2=" ">
    <subfield code="a">UABARD</subfield>
    <subfield code="b">ON_SHELF</subfield>
    <subfield code="c">QA 14 C22 A33 2002 mod.6 proj.bk.</subfield>
    <subfield code="d">BOOK</subfield>
    <subfield code="f">1</subfield>
  </datafield>
</record>
