<record xmlns="http://www.loc.gov/MARC21/slim">
  <leader>01424cam a2200433 a 4500</leader>
  <controlfield tag="001">4170879</controlfield>
  <controlfield tag="003">LTSCA</controlfield>
  <controlfield tag="005">20080627203041.0</controlfield>
  <controlfield tag="008">080627s2008    abca          000 0 eng d</controlfield>
  <datafield tag="035" ind1=" " ind2=" ">
    <subfield code="a">ocn232711188</subfield>
  </datafield>
  <datafield tag="040" ind1=" " ind2=" ">
    <subfield code="a">AEU</subfield>
    <subfield code="b">eng</subfield>
    <subfield code="c">AEU</subfield>
    <subfield code="d">ASAS</subfield>
  </datafield>
  <datafield tag="049" ind1=" " ind2=" ">
    <subfield code="a">UABA</subfield>
  </datafield>
  <datafield tag="050" ind1=" " ind2="4">
    <subfield code="a">HQ774.5</subfield>
    <subfield code="b">.B68 2008</subfield>
  </datafield>
  <datafield tag="060" ind1=" " ind2="4">
    <subfield code="a">WS 103 B68 2008</subfield>
  </datafield>
  <datafield tag="090" ind1=" " ind2=" ">
    <subfield code="a">WS 103 B68 2008</subfield>
    <subfield code="b">ASAS</subfield>
  </datafield>
  <datafield tag="090" ind1=" " ind2=" ">
    <subfield code="a">HQ 774.5 B68 2008</subfield>
    <subfield code="b">AEHE</subfield>
  </datafield>
  <datafield tag="090" ind1=" " ind2=" ">
    <subfield code="a">HQ 774.5 B68 2008</subfield>
    <subfield code="b">AEU</subfield>
  </datafield>
  <datafield tag="245" ind1="0" ind2="4">
    <subfield code="a">The bounce back book :</subfield>
    <subfield code="b">building resiliency skills in your preschooler.</subfield>
  </datafield>
  <datafield tag="260" ind1=" " ind2=" ">
    <subfield code="a">Edmonton, Alta. :</subfield>
    <subfield code="b">Alberta Mental Health Board,</subfield>
    <subfield code="c">[2008?]</subfield>
  </datafield>
  <datafield tag="300" ind1=" " ind2=" ">
    <subfield code="a">43 p. :</subfield>
    <subfield code="b">col. ill. ;</subfield>
    <subfield code="c">23 cm.</subfield>
  </datafield>
  <datafield tag="336" ind1=" " ind2=" ">
    <subfield code="a">text</subfield>
    <subfield code="b">txt</subfield>
    <subfield code="2">rdacontent</subfield>
  </datafield>
  <datafield tag="337" ind1=" " ind2=" ">
    <subfield code="a">unmediated</subfield>
    <subfield code="b">n</subfield>
    <subfield code="2">rdamedia</subfield>
  </datafield>
  <datafield tag="338" ind1=" " ind2=" ">
    <subfield code="a">volume</subfield>
    <subfield code="b">nc</subfield>
    <subfield code="2">rdacarrier</subfield>
  </datafield>
  <datafield tag="500" ind1=" " ind2=" ">
    <subfield code="a">Cover title.</subfield>
  </datafield>
  <datafield tag="596" ind1=" " ind2=" ">
    <subfield code="a">2 41</subfield>
  </datafield>
  <datafield tag="650" ind1=" " ind2="0">
    <subfield code="a">Preschool children</subfield>
    <subfield code="x">Development.</subfield>
  </datafield>
  <datafield tag="650" ind1=" " ind2="0">
    <subfield code="a">Child rearing.</subfield>
  </datafield>
  <datafield tag="650" ind1=" " ind2="0">
    <subfield code="a">Resilience (Personality trait)</subfield>
  </datafield>
  <datafield tag="650" ind1=" " ind2="0">
    <subfield code="a">Early childhood education</subfield>
    <subfield code="x">Parent participation.</subfield>
  </datafield>
  <datafield tag="650" ind1=" " ind2="0">
    <subfield code="a">Child mental health.</subfield>
  </datafield>
  <datafield tag="650" ind1="2" ind2="2">
    <subfield code="a">Child Development.</subfield>
  </datafield>
  <datafield tag="650" ind1="2" ind2="2">
    <subfield code="a">Resilience, Psychological.</subfield>
  </datafield>
  <datafield tag="650" ind1="2" ind2="2">
    <subfield code="a">Child, Preschool.</subfield>
  </datafield>
  <datafield tag="710" ind1="2" ind2=" ">
    <subfield code="a">Alberta Mental Health Board.</subfield>
  </datafield>
  <datafield tag="949" ind1=" " ind2=" ">
    <subfield code="h">UAED-B</subfield>
    <subfield code="i">0162024799205</subfield>
  </datafield>
  <datafield tag="994" ind1=" " ind2=" ">
    <subfield code="a">C0</subfield>
    <subfield code="b">UAB</subfield>
  </datafield>
  <datafield tag="926" ind1=" " ind2=" ">
    <subfield code="a">AGL_CAP</subfield>
    <subfield code="b">ON_SHELF</subfield>
    <subfield code="c">HQ 774.5 B68 2008</subfield>
    <subfield code="d">BOOK</subfield>
    <subfield code="f">1</subfield>
  </datafield>
  <datafield tag="926" ind1=" " ind2=" ">
    <subfield code="a">AGL_CAP</subfield>
    <subfield code="b">ARCHIVES</subfield>
    <subfield code="c">HQ 774.5 B68 2008</subfield>
    <subfield code="d">NO_LOAN</subfield>
    <subfield code="f">2</subfield>
  </datafield>
  <datafield tag="926" ind1=" " ind2=" ">
    <subfield code="a">UAEDUC</subfield>
    <subfield code="b">FLOOR_2</subfield>
    <subfield code="c">HQ 774.5 B68 2008</subfield>
    <subfield code="d">BOOK</subfield>
    <subfield code="f">1</subfield>
  </datafield>
</record>
