<record xmlns="http://www.loc.gov/MARC21/slim">
  <leader>01483cam a2200361 a 4500</leader>
  <controlfield tag="001">779680</controlfield>
  <controlfield tag="008">860919s1984    abc          s    0 eng c</controlfield>
  <datafield tag="035" ind1=" " ind2=" ">
    <subfield code="a">ocn149310565</subfield>
  </datafield>
  <datafield tag="040" ind1=" " ind2=" ">
    <subfield code="b">eng</subfield>
  </datafield>
  <datafield tag="043" ind1=" " ind2=" ">
    <subfield code="a">n-cn-ab</subfield>
  </datafield>
  <datafield tag="049" ind1=" " ind2=" ">
    <subfield code="a">AEU</subfield>
    <subfield code="b">eng</subfield>
  </datafield>
  <datafield tag="090" ind1="0" ind2=" ">
    <subfield code="a">GOV DOC CA2 AL RP20 84C15</subfield>
    <subfield code="b">AEU</subfield>
  </datafield>
  <datafield tag="245" ind1="0" ind2="0">
    <subfield code="a">Canmore Nordic Centre :</subfield>
    <subfield code="b">master development plan : summary report /</subfield>
    <subfield code="c">[prepared for] Alberta Olympic Secretariat ; [prepared by] Carson-McCulloch Associates Ltd.</subfield>
  </datafield>
  <datafield tag="260" ind1=" " ind2=" ">
    <subfield code="a">[Calgary, Alta.] :</subfield>
    <subfield code="b">[Carson-McCulloch Associates Ltd.],</subfield>
    <subfield code="c">1984.</subfield>
  </datafield>
  <datafield tag="300" ind1=" " ind2=" ">
    <subfield code="a">64 leaves :</subfield>
    <subfield code="b">ill. ;</subfield>
    <subfield code="c">22 x 29 cm.</subfield>
  </datafield>
  <datafield tag="336" ind1=" " ind2=" ">
    <subfield code="a">text</subfield>
    <subfield code="b">txt</subfield>
    <subfield code="2">rdacontent</subfield>
  </datafield>
  <datafield tag="337" ind1=" " ind2=" ">
    <subfield code="a">unmediated</subfield>
    <subfield code="b">n</subfield>
    <subfield code="2">rdamedia</subfield>
  </datafield>
  <datafield tag="338" ind1=" " ind2=" ">
    <subfield code="a">volume</subfield>
    <subfield code="b">nc</subfield>
    <subfield code="2">rdacarrier</subfield>
  </datafield>
  <datafield tag="500" ind1=" " ind2=" ">
    <subfield code="a">On cover: Executive summary.</subfield>
  </datafield>
  <datafield tag="500" ind1=" " ind2=" ">
    <subfield code="a">On cover: The 1988 Calgary Winter Olympics.</subfield>
  </datafield>
  <datafield tag="590" ind1=" " ind2=" ">
    <subfield code="a">University of Alberta copy in the Prairie Provinces Collection.</subfield>
    <subfield code="5">CaAEU</subfield>
  </datafield>
  <datafield tag="596" ind1=" " ind2=" ">
    <subfield code="a">38</subfield>
  </datafield>
  <datafield tag="610" ind1="2" ind2="0">
    <subfield code="a">Canmore Nordic Centre.</subfield>
  </datafield>
  <datafield tag="611" ind1="2" ind2="0">
    <subfield code="a">Olympic Winter Games</subfield>
    <subfield code="n">(15th :</subfield>
    <subfield code="d">1988 :</subfield>
    <subfield code="c">Calgary, Alta.).</subfield>
  </datafield>
  <datafield tag="650" ind1=" " ind2="0">
    <subfield code="a">Ski resorts</subfield>
    <subfield code="z">Alberta</subfield>
    <subfield code="x">Planning.</subfield>
  </datafield>
  <datafield tag="650" ind1=" " ind2="0">
    <subfield code="a">Recreation areas</subfield>
    <subfield code="z">Alberta</subfield>
    <subfield code="x">Planning.</subfield>
  </datafield>
  <datafield tag="650" ind1=" " ind2="0">
    <subfield code="a">Winter Olympics</subfield>
    <subfield code="x">Planning.</subfield>
  </datafield>
  <datafield tag="650" ind1=" " ind2="0">
    <subfield code="a">Winter sports</subfield>
    <subfield code="z">Alberta</subfield>
    <subfield code="x">Planning.</subfield>
  </datafield>
  <datafield tag="710" ind1="1" ind2=" ">
    <subfield code="a">Alberta.</subfield>
    <subfield code="b">Olympic Secretariat.</subfield>
  </datafield>
  <datafield tag="710" ind1="2" ind2=" ">
    <subfield code="a">Carson-McCulloch Associates.</subfield>
  </datafield>
  <datafield tag="711" ind1="2" ind2=" ">
    <subfield code="a">Olympic Winter Games</subfield>
    <subfield code="n">(15th :</subfield>
    <subfield code="d">1988 :</subfield>
    <subfield code="c">Calgary, Alta.).</subfield>
  </datafield>
  <datafield tag="926" ind1=" " ind2=" ">
    <subfield code="a">UABARD</subfield>
    <subfield code="b">ON_SHELF</subfield>
    <subfield code="c">GOV DOC CA2 AL RP20 84C15</subfield>
    <subfield code="d">BOOK</subfield>
    <subfield code="f">1</subfield>
  </datafield>
  <datafield tag="926" ind1=" " ind2=" ">
    <subfield code="a">UABARD</subfield>
    <subfield code="b">ON_SHELF</subfield>
    <subfield code="c">GOV DOC CA2 AL RP20 84C15</subfield>
    <subfield code="d">BOOK</subfield>
    <subfield code="f">2</subfield>
  </datafield>
</record>
