<record xmlns="http://www.loc.gov/MARC21/slim">
  <leader>01726cam a2200421 a 4500</leader>
  <controlfield tag="001">2825778</controlfield>
  <controlfield tag="008">031031s2003    abca     b    001 0 eng d</controlfield>
  <datafield tag="020" ind1=" " ind2=" ">
    <subfield code="a">0778530965</subfield>
  </datafield>
  <datafield tag="035" ind1=" " ind2=" ">
    <subfield code="a">ocm53900792</subfield>
  </datafield>
  <datafield tag="040" ind1=" " ind2=" ">
    <subfield code="a">ACPMC</subfield>
    <subfield code="b">eng</subfield>
    <subfield code="d">AEU</subfield>
  </datafield>
  <datafield tag="043" ind1=" " ind2=" ">
    <subfield code="a">n-cn-ab</subfield>
  </datafield>
  <datafield tag="055" ind1=" " ind2="4">
    <subfield code="a">TN 870.5*</subfield>
  </datafield>
  <datafield tag="090" ind1=" " ind2=" ">
    <subfield code="a">TN 870.5 S76 2003</subfield>
    <subfield code="b">AVC</subfield>
  </datafield>
  <datafield tag="090" ind1=" " ind2=" ">
    <subfield code="a">TN 870.5 S76</subfield>
    <subfield code="b">AER</subfield>
  </datafield>
  <datafield tag="090" ind1=" " ind2=" ">
    <subfield code="a">TN 870.5 S76 2003</subfield>
    <subfield code="b">AEU</subfield>
  </datafield>
  <datafield tag="090" ind1=" " ind2=" ">
    <subfield code="a">TN 870.5 S912 2003</subfield>
    <subfield code="b">AEE</subfield>
  </datafield>
  <datafield tag="100" ind1="1" ind2=" ">
    <subfield code="a">Strausz, Otto P.,</subfield>
    <subfield code="d">1924-</subfield>
  </datafield>
  <datafield tag="245" ind1="1" ind2="4">
    <subfield code="a">The chemistry of Alberta oil sands, bitumens and heavy oils /</subfield>
    <subfield code="c">Otto P. Strausz, Elizabeth M. Lown.</subfield>
  </datafield>
  <datafield tag="260" ind1=" " ind2=" ">
    <subfield code="a">Calgary, Alta. :</subfield>
    <subfield code="b">Alberta Energy Research Institute,</subfield>
    <subfield code="c">c2003.</subfield>
  </datafield>
  <datafield tag="300" ind1=" " ind2=" ">
    <subfield code="a">viii, 695 p. :</subfield>
    <subfield code="b">ill. ;</subfield>
    <subfield code="c">29 cm.</subfield>
  </datafield>
  <datafield tag="336" ind1=" " ind2=" ">
    <subfield code="a">text</subfield>
    <subfield code="b">txt</subfield>
    <subfield code="2">rdacontent</subfield>
  </datafield>
  <datafield tag="337" ind1=" " ind2=" ">
    <subfield code="a">unmediated</subfield>
    <subfield code="b">n</subfield>
    <subfield code="2">rdamedia</subfield>
  </datafield>
  <datafield tag="338" ind1=" " ind2=" ">
    <subfield code="a">volume</subfield>
    <subfield code="b">nc</subfield>
    <subfield code="2">rdacarrier</subfield>
  </datafield>
  <datafield tag="500" ind1=" " ind2=" ">
    <subfield code="a">&quot;... need for a textbook for an introductory course at the undergraduate or graduate level in technical and engineering schools providing an overview of the field, prompted the writing of this book.&quot;</subfield>
  </datafield>
  <datafield tag="500" ind1=" " ind2=" ">
    <subfield code="a">Includes errata sheet.</subfield>
  </datafield>
  <datafield tag="504" ind1=" " ind2=" ">
    <subfield code="a">Includes bibliographical references.</subfield>
  </datafield>
  <datafield tag="596" ind1=" " ind2=" ">
    <subfield code="a">2 14 48 52</subfield>
  </datafield>
  <datafield tag="650" ind1=" " ind2="0">
    <subfield code="a">Heavy oil</subfield>
    <subfield code="z">Alberta.</subfield>
  </datafield>
  <datafield tag="650" ind1=" " ind2="0">
    <subfield code="a">Oil sands</subfield>
    <subfield code="z">Alberta.</subfield>
  </datafield>
  <datafield tag="650" ind1=" " ind2="0">
    <subfield code="a">Bitumen</subfield>
    <subfield code="z">Alberta.</subfield>
  </datafield>
  <datafield tag="650" ind1=" " ind2="0">
    <subfield code="a">Petroleum</subfield>
    <subfield code="z">Alberta</subfield>
    <subfield code="x">Analysis.</subfield>
  </datafield>
  <datafield tag="700" ind1="1" ind2=" ">
    <subfield code="a">Lown, Elizabeth M.,</subfield>
    <subfield code="d">1937-</subfield>
  </datafield>
  <datafield tag="710" ind1="2" ind2=" ">
    <subfield code="a">Alberta Energy Research Institute.</subfield>
  </datafield>
  <datafield tag="926" ind1=" " ind2=" ">
    <subfield code="a">AITF_MW</subfield>
    <subfield code="b">CHECKEDOUT</subfield>
    <subfield code="c">TN 870.5 S76 2003</subfield>
    <subfield code="d">BOOK</subfield>
    <subfield code="e">1/11/2024</subfield>
    <subfield code="f">1</subfield>
  </datafield>
  <datafield tag="926" ind1=" " ind2=" ">
    <subfield code="a">AITF_MW</subfield>
    <subfield code="b">CHECKEDOUT</subfield>
    <subfield code="c">TN 870.5 S76 2003</subfield>
    <subfield code="d">BOOK</subfield>
    <subfield code="e">4/30/2030</subfield>
    <subfield code="f">3</subfield>
  </datafield>
  <datafield tag="926" ind1=" " ind2=" ">
    <subfield code="a">UASCITECH</subfield>
    <subfield code="b">REFERENCE</subfield>
    <subfield code="c">TN 870.5 S76 2003</subfield>
    <subfield code="d">NO_LOAN</subfield>
    <subfield code="f">1</subfield>
  </datafield>
  <datafield tag="926" ind1=" " ind2=" ">
    <subfield code="a">UASCITECH</subfield>
    <subfield code="b">CHECKEDOUT</subfield>
    <subfield code="c">TN 870.5 S76 2003</subfield>
    <subfield code="d">BOOK</subfield>
    <subfield code="e">1/31/2016</subfield>
    <subfield code="f">3</subfield>
  </datafield>
  <datafield tag="926" ind1=" " ind2=" ">
    <subfield code="a">LAKELND_LL</subfield>
    <subfield code="b">ON_SHELF</subfield>
    <subfield code="c">TN 870.5 S76 2003</subfield>
    <subfield code="d">BOOK</subfield>
    <subfield code="f">1</subfield>
  </datafield>
</record>
