<record xmlns="http://www.loc.gov/MARC21/slim">
  <leader>01466cam a2200385aa 4500</leader>
  <controlfield tag="001">1627746</controlfield>
  <controlfield tag="008">950213s1994    abc          s    0 eng d</controlfield>
  <datafield tag="020" ind1=" " ind2=" ">
    <subfield code="a">0773211772</subfield>
  </datafield>
  <datafield tag="035" ind1=" " ind2=" ">
    <subfield code="a">ocm37982598</subfield>
  </datafield>
  <datafield tag="040" ind1=" " ind2=" ">
    <subfield code="a">AEE</subfield>
    <subfield code="b">eng</subfield>
  </datafield>
  <datafield tag="055" ind1=" " ind2="3">
    <subfield code="a">QD 49 C22A3</subfield>
    <subfield code="b">A333 1994</subfield>
  </datafield>
  <datafield tag="090" ind1=" " ind2=" ">
    <subfield code="a">QD 41 A316 1994 gr.11-12</subfield>
    <subfield code="b">AEU</subfield>
  </datafield>
  <datafield tag="090" ind1=" " ind2=" ">
    <subfield code="a">ED 404 137</subfield>
    <subfield code="b">AEE</subfield>
  </datafield>
  <datafield tag="090" ind1=" " ind2=" ">
    <subfield code="a">QD 49 C22A3 A333 SH 1994</subfield>
    <subfield code="b">AEE</subfield>
  </datafield>
  <datafield tag="110" ind1="1" ind2=" ">
    <subfield code="a">Alberta.</subfield>
    <subfield code="b">Curriculum Standards Branch.</subfield>
  </datafield>
  <datafield tag="245" ind1="1" ind2="0">
    <subfield code="a">Chemistry 20-30 :</subfield>
    <subfield code="b">background, exemplars and resources /</subfield>
    <subfield code="c">Alberta Education.</subfield>
  </datafield>
  <datafield tag="260" ind1=" " ind2=" ">
    <subfield code="a">Edmonton, AB :</subfield>
    <subfield code="b">Alberta Education, Curriculum Standards Branch,</subfield>
    <subfield code="c">1994.</subfield>
  </datafield>
  <datafield tag="300" ind1=" " ind2=" ">
    <subfield code="a">v, 104 p. ;</subfield>
    <subfield code="c">28 cm.</subfield>
  </datafield>
  <datafield tag="336" ind1=" " ind2=" ">
    <subfield code="a">text</subfield>
    <subfield code="b">txt</subfield>
    <subfield code="2">rdacontent</subfield>
  </datafield>
  <datafield tag="337" ind1=" " ind2=" ">
    <subfield code="a">unmediated</subfield>
    <subfield code="b">n</subfield>
    <subfield code="2">rdamedia</subfield>
  </datafield>
  <datafield tag="338" ind1=" " ind2=" ">
    <subfield code="a">volume</subfield>
    <subfield code="b">nc</subfield>
    <subfield code="2">rdacarrier</subfield>
  </datafield>
  <datafield tag="490" ind1="1" ind2=" ">
    <subfield code="a">[Alberta curriculum guides]</subfield>
  </datafield>
  <datafield tag="500" ind1=" " ind2=" ">
    <subfield code="a">Includes index.</subfield>
  </datafield>
  <datafield tag="500" ind1=" " ind2=" ">
    <subfield code="a">Title from cover.</subfield>
  </datafield>
  <datafield tag="500" ind1=" " ind2=" ">
    <subfield code="a">AE 1994 0022</subfield>
  </datafield>
  <datafield tag="596" ind1=" " ind2=" ">
    <subfield code="a">2 38 41</subfield>
  </datafield>
  <datafield tag="650" ind1=" " ind2="0">
    <subfield code="a">Education</subfield>
    <subfield code="z">Alberta</subfield>
    <subfield code="x">Curricula.</subfield>
  </datafield>
  <datafield tag="650" ind1=" " ind2="0">
    <subfield code="a">Chemistry</subfield>
    <subfield code="v">Outlines, syllabi, etc.</subfield>
    <subfield code="z">Alberta.</subfield>
  </datafield>
  <datafield tag="650" ind1=" " ind2="0">
    <subfield code="a">Chemistry</subfield>
    <subfield code="x">Study and teaching (Secondary)</subfield>
    <subfield code="z">Alberta.</subfield>
  </datafield>
  <datafield tag="830" ind1=" " ind2="0">
    <subfield code="a">Alberta curriculum guides.</subfield>
  </datafield>
  <datafield tag="926" ind1=" " ind2=" ">
    <subfield code="a">AGL_CAP</subfield>
    <subfield code="b">MICROFORM</subfield>
    <subfield code="c">ED 404 137</subfield>
    <subfield code="d">LOCAL_LOAN</subfield>
    <subfield code="f">1</subfield>
  </datafield>
  <datafield tag="926" ind1=" " ind2=" ">
    <subfield code="a">AGL_CAP</subfield>
    <subfield code="b">SPECIALCOL</subfield>
    <subfield code="c">QD 49 C22A3 A333 SH 1994</subfield>
    <subfield code="d">LOCAL_LOAN</subfield>
    <subfield code="f">1</subfield>
  </datafield>
  <datafield tag="926" ind1=" " ind2=" ">
    <subfield code="a">AGL_CAP</subfield>
    <subfield code="b">ARCHIVES</subfield>
    <subfield code="c">QD 49 C22A3 A333 SH 1994</subfield>
    <subfield code="d">NO_LOAN</subfield>
    <subfield code="f">2</subfield>
  </datafield>
  <datafield tag="926" ind1=" " ind2=" ">
    <subfield code="a">UABARD</subfield>
    <subfield code="b">ON_SHELF</subfield>
    <subfield code="c">QD 41 A316 1994 gr.11-12</subfield>
    <subfield code="d">NO_LOAN</subfield>
    <subfield code="f">1</subfield>
  </datafield>
  <datafield tag="926" ind1=" " ind2=" ">
    <subfield code="a">UAEDUC</subfield>
    <subfield code="b">CURR_HIST</subfield>
    <subfield code="c">QD 41 A316 1994 gr.11-12</subfield>
    <subfield code="d">NO_LOAN</subfield>
    <subfield code="f">3</subfield>
  </datafield>
</record>
