<record xmlns="http://www.loc.gov/MARC21/slim">
  <leader>01204cas a2200397 a 4500</leader>
  <controlfield tag="001">2692015</controlfield>
  <controlfield tag="005">19910227000000.0</controlfield>
  <controlfield tag="008">920310d19881990abcuu4p      s uuua0eng d</controlfield>
  <datafield tag="010" ind1=" " ind2=" ">
    <subfield code="a">cn 89081795</subfield>
  </datafield>
  <datafield tag="022" ind1="0" ind2=" ">
    <subfield code="a">0845-5759</subfield>
  </datafield>
  <datafield tag="035" ind1=" " ind2=" ">
    <subfield code="a">ocm20020213</subfield>
  </datafield>
  <datafield tag="039" ind1="0" ind2=" ">
    <subfield code="f">rw</subfield>
  </datafield>
  <datafield tag="040" ind1=" " ind2=" ">
    <subfield code="a">CaOONLC</subfield>
    <subfield code="b">eng</subfield>
    <subfield code="c">CaOONL</subfield>
    <subfield code="d">AEU</subfield>
  </datafield>
  <datafield tag="042" ind1=" " ind2=" ">
    <subfield code="a">nlc</subfield>
    <subfield code="a">isds/c</subfield>
  </datafield>
  <datafield tag="043" ind1=" " ind2=" ">
    <subfield code="a">n-cn-ab</subfield>
  </datafield>
  <datafield tag="049" ind1=" " ind2=" ">
    <subfield code="a">AEU</subfield>
    <subfield code="b">eng</subfield>
  </datafield>
  <datafield tag="082" ind1="0" ind2=" ">
    <subfield code="a">381/.45917123/05</subfield>
    <subfield code="2">19</subfield>
  </datafield>
  <datafield tag="090" ind1=" " ind2=" ">
    <subfield code="a">PER</subfield>
    <subfield code="b">AEED</subfield>
  </datafield>
  <datafield tag="090" ind1="0" ind2=" ">
    <subfield code="a">GOV DOC CA2 AL TS C55</subfield>
    <subfield code="b">AEU</subfield>
  </datafield>
  <datafield tag="090" ind1=" " ind2=" ">
    <subfield code="a">G 155 C2 C66</subfield>
    <subfield code="b">AEU</subfield>
  </datafield>
  <datafield tag="210" ind1="0" ind2=" ">
    <subfield code="a">Communities tap</subfield>
  </datafield>
  <datafield tag="222" ind1="0" ind2="0">
    <subfield code="a">Communities on tap</subfield>
  </datafield>
  <datafield tag="245" ind1="0" ind2="0">
    <subfield code="a">Communities on tap.</subfield>
  </datafield>
  <datafield tag="260" ind1="0" ind2="0">
    <subfield code="a">Edmonton, Alta. :</subfield>
    <subfield code="b">Alberta Tourism,</subfield>
    <subfield code="c">1998-1990.</subfield>
  </datafield>
  <datafield tag="300" ind1=" " ind2=" ">
    <subfield code="a">2 v. :</subfield>
    <subfield code="b">ill. ;</subfield>
    <subfield code="c">28 cm</subfield>
  </datafield>
  <datafield tag="362" ind1="0" ind2=" ">
    <subfield code="a">Vol. 1, no. 1 (Feb. 1988)-vol. 2, no. 3 (Sept. 1990).</subfield>
  </datafield>
  <datafield tag="500" ind1=" " ind2=" ">
    <subfield code="a">Title from caption.</subfield>
  </datafield>
  <datafield tag="500" ind1=" " ind2=" ">
    <subfield code="a">&quot;Tourism action plan newsletter&quot;.</subfield>
  </datafield>
  <datafield tag="596" ind1=" " ind2=" ">
    <subfield code="a">2 43</subfield>
  </datafield>
  <datafield tag="650" ind1=" " ind2="0">
    <subfield code="a">Tourism</subfield>
    <subfield code="z">Alberta.</subfield>
  </datafield>
  <datafield tag="650" ind1=" " ind2="0">
    <subfield code="a">Tourism</subfield>
    <subfield code="z">Alberta</subfield>
    <subfield code="x">Citizen participation.</subfield>
  </datafield>
  <datafield tag="710" ind1="1" ind2="0">
    <subfield code="a">Alberta.</subfield>
    <subfield code="b">Alberta Tourism.</subfield>
  </datafield>
  <datafield tag="926" ind1=" " ind2=" ">
    <subfield code="a">UAHSS</subfield>
    <subfield code="b">ON_SHELF</subfield>
    <subfield code="c">Library has holdings</subfield>
    <subfield code="d">PERIODICAL</subfield>
    <subfield code="f">1</subfield>
  </datafield>
  <datafield tag="927" ind1=" " ind2=" ">
    <subfield code="a">UAHSS</subfield>
  </datafield>
  <datafield tag="927" ind1=" " ind2=" ">
    <subfield code="b">Location</subfield>
    <subfield code="c">ON_SHELF-- GOV DOC CA2 AL TS C5 5</subfield>
  </datafield>
  <datafield tag="927" ind1=" " ind2=" ">
    <subfield code="b">Library has</subfield>
    <subfield code="c">v.1(1988)-v.2(1990)</subfield>
  </datafield>
</record>
