<record xmlns="http://www.loc.gov/MARC21/slim">
  <leader>02728cas a2200673 a 4500</leader>
  <controlfield tag="001">832749</controlfield>
  <controlfield tag="008">920924d19921998abcar        s0     eng d</controlfield>
  <datafield tag="022" ind1=" " ind2=" ">
    <subfield code="a">1493-4515</subfield>
    <subfield code="y">1201-5059</subfield>
  </datafield>
  <datafield tag="035" ind1=" " ind2=" ">
    <subfield code="a">ocm43826672</subfield>
  </datafield>
  <datafield tag="040" ind1=" " ind2=" ">
    <subfield code="a">AEU</subfield>
    <subfield code="b">eng</subfield>
    <subfield code="d">AEEN</subfield>
  </datafield>
  <datafield tag="043" ind1=" " ind2=" ">
    <subfield code="a">n-cn-ab</subfield>
  </datafield>
  <datafield tag="055" ind1=" " ind2="3">
    <subfield code="a">SB 950.3 A3</subfield>
    <subfield code="b">G94</subfield>
  </datafield>
  <datafield tag="086" ind1="0" ind2=" ">
    <subfield code="a">Agdex 606-1</subfield>
  </datafield>
  <datafield tag="090" ind1=" " ind2=" ">
    <subfield code="a">632 Crop</subfield>
    <subfield code="b">AFFC</subfield>
  </datafield>
  <datafield tag="090" ind1=" " ind2=" ">
    <subfield code="a">SB 950.3 A3 G94</subfield>
    <subfield code="b">AEU</subfield>
  </datafield>
  <datafield tag="090" ind1=" " ind2=" ">
    <subfield code="a">SB 950.3 C2 C76</subfield>
    <subfield code="b">AOAC</subfield>
  </datafield>
  <datafield tag="090" ind1=" " ind2=" ">
    <subfield code="a">SB 611 A14gc</subfield>
    <subfield code="b">AEEN</subfield>
  </datafield>
  <datafield tag="245" ind1="0" ind2="0">
    <subfield code="a">Crop protection with chemicals.</subfield>
  </datafield>
  <datafield tag="260" ind1=" " ind2=" ">
    <subfield code="a">Edmonton :</subfield>
    <subfield code="b">Alberta Agriculture,</subfield>
    <subfield code="c">1992-c1998.</subfield>
  </datafield>
  <datafield tag="300" ind1=" " ind2=" ">
    <subfield code="a">7 v. :</subfield>
    <subfield code="b">ill. ;</subfield>
    <subfield code="c">27 cm.</subfield>
  </datafield>
  <datafield tag="310" ind1=" " ind2=" ">
    <subfield code="a">Annual</subfield>
  </datafield>
  <datafield tag="336" ind1=" " ind2=" ">
    <subfield code="a">text</subfield>
    <subfield code="b">txt</subfield>
    <subfield code="2">rdacontent</subfield>
  </datafield>
  <datafield tag="337" ind1=" " ind2=" ">
    <subfield code="a">unmediated</subfield>
    <subfield code="b">n</subfield>
    <subfield code="2">rdamedia</subfield>
  </datafield>
  <datafield tag="338" ind1=" " ind2=" ">
    <subfield code="a">volume</subfield>
    <subfield code="b">nc</subfield>
    <subfield code="2">rdacarrier</subfield>
  </datafield>
  <datafield tag="362" ind1="0" ind2=" ">
    <subfield code="a">1992-1998.</subfield>
  </datafield>
  <datafield tag="550" ind1=" " ind2=" ">
    <subfield code="a">Issued by: Alberta Agriculture, Food and Rural Development, &lt;1997&gt;-1998.</subfield>
  </datafield>
  <datafield tag="596" ind1=" " ind2=" ">
    <subfield code="a">2 33 38</subfield>
  </datafield>
  <datafield tag="650" ind1=" " ind2="0">
    <subfield code="a">Weeds</subfield>
    <subfield code="x">Control</subfield>
    <subfield code="z">Alberta</subfield>
    <subfield code="v">Handbooks, manuals, etc.</subfield>
  </datafield>
  <datafield tag="650" ind1=" " ind2="0">
    <subfield code="a">Plants, Protection of</subfield>
    <subfield code="z">Alberta</subfield>
    <subfield code="v">Handbooks, manuals, etc.</subfield>
  </datafield>
  <datafield tag="650" ind1=" " ind2="0">
    <subfield code="a">Agricultural pests</subfield>
    <subfield code="x">Control</subfield>
    <subfield code="z">Alberta</subfield>
    <subfield code="v">Handbooks, manuals, etc.</subfield>
  </datafield>
  <datafield tag="710" ind1="1" ind2=" ">
    <subfield code="a">Alberta.</subfield>
    <subfield code="b">Alberta Agriculture.</subfield>
  </datafield>
  <datafield tag="710" ind1="1" ind2=" ">
    <subfield code="a">Alberta.</subfield>
    <subfield code="b">Alberta Agriculture, Food, and Rural Development.</subfield>
  </datafield>
  <datafield tag="780" ind1="0" ind2="0">
    <subfield code="t">Guide to crop protection in Alberta. Part 1, Chemical</subfield>
  </datafield>
  <datafield tag="785" ind1="0" ind2="0">
    <subfield code="t">Crop protection (Edmonton, Alta.)</subfield>
    <subfield code="x">1201-5059</subfield>
  </datafield>
  <datafield tag="940" ind1=" " ind2=" ">
    <subfield code="a">NO EJOURNAL HOLDINGS</subfield>
  </datafield>
  <datafield tag="926" ind1=" " ind2=" ">
    <subfield code="a">AGL_CAP</subfield>
    <subfield code="b">ON_SHELF</subfield>
    <subfield code="c">SB 611 A14gc 1992</subfield>
    <subfield code="d">BOOK</subfield>
    <subfield code="f">1</subfield>
  </datafield>
  <datafield tag="926" ind1=" " ind2=" ">
    <subfield code="a">AGL_CAP</subfield>
    <subfield code="b">ARCHIVES</subfield>
    <subfield code="c">SB 611 A14gc 1992</subfield>
    <subfield code="d">NO_LOAN</subfield>
    <subfield code="f">2</subfield>
  </datafield>
  <datafield tag="926" ind1=" " ind2=" ">
    <subfield code="a">AGL_CAP</subfield>
    <subfield code="b">ON_SHELF</subfield>
    <subfield code="c">SB 611 A14gc 1993</subfield>
    <subfield code="d">BOOK</subfield>
    <subfield code="f">1</subfield>
  </datafield>
  <datafield tag="926" ind1=" " ind2=" ">
    <subfield code="a">AGL_CAP</subfield>
    <subfield code="b">ARCHIVES</subfield>
    <subfield code="c">SB 611 A14gc 1994</subfield>
    <subfield code="d">NO_LOAN</subfield>
    <subfield code="f">1</subfield>
  </datafield>
  <datafield tag="926" ind1=" " ind2=" ">
    <subfield code="a">AGL_CAP</subfield>
    <subfield code="b">ON_SHELF</subfield>
    <subfield code="c">SB 611 A14gc 1994</subfield>
    <subfield code="d">BOOK</subfield>
    <subfield code="f">2</subfield>
  </datafield>
  <datafield tag="926" ind1=" " ind2=" ">
    <subfield code="a">AGL_CAP</subfield>
    <subfield code="b">ON_SHELF</subfield>
    <subfield code="c">SB 611 A14gc 1995</subfield>
    <subfield code="d">BOOK</subfield>
    <subfield code="f">1</subfield>
  </datafield>
  <datafield tag="926" ind1=" " ind2=" ">
    <subfield code="a">AGL_CAP</subfield>
    <subfield code="b">ARCHIVES</subfield>
    <subfield code="c">SB 611 A14gc 1995</subfield>
    <subfield code="d">NO_LOAN</subfield>
    <subfield code="f">2</subfield>
  </datafield>
  <datafield tag="926" ind1=" " ind2=" ">
    <subfield code="a">AGL_CAP</subfield>
    <subfield code="b">ON_SHELF</subfield>
    <subfield code="c">SB 611 A14gc 1996</subfield>
    <subfield code="d">BOOK</subfield>
    <subfield code="f">1</subfield>
  </datafield>
  <datafield tag="926" ind1=" " ind2=" ">
    <subfield code="a">AGL_CAP</subfield>
    <subfield code="b">ARCHIVES</subfield>
    <subfield code="c">SB 611 A14gc 1996</subfield>
    <subfield code="d">NO_LOAN</subfield>
    <subfield code="f">2</subfield>
  </datafield>
  <datafield tag="926" ind1=" " ind2=" ">
    <subfield code="a">AGL_CAP</subfield>
    <subfield code="b">ON_SHELF</subfield>
    <subfield code="c">SB 611 A14gc 1997</subfield>
    <subfield code="d">BOOK</subfield>
    <subfield code="f">1</subfield>
  </datafield>
  <datafield tag="926" ind1=" " ind2=" ">
    <subfield code="a">AGL_CAP</subfield>
    <subfield code="b">ARCHIVES</subfield>
    <subfield code="c">SB 611 A14gc 1997</subfield>
    <subfield code="d">NO_LOAN</subfield>
    <subfield code="f">2</subfield>
  </datafield>
  <datafield tag="926" ind1=" " ind2=" ">
    <subfield code="a">AGL_CAP</subfield>
    <subfield code="b">ON_SHELF</subfield>
    <subfield code="c">SB 611 A14gc 1998</subfield>
    <subfield code="d">BOOK</subfield>
    <subfield code="f">1</subfield>
  </datafield>
  <datafield tag="926" ind1=" " ind2=" ">
    <subfield code="a">AGL_CAP</subfield>
    <subfield code="b">ARCHIVES</subfield>
    <subfield code="c">SB 611 A14gc 1998</subfield>
    <subfield code="d">NO_LOAN</subfield>
    <subfield code="f">2</subfield>
  </datafield>
  <datafield tag="926" ind1=" " ind2=" ">
    <subfield code="a">OLDS</subfield>
    <subfield code="b">ARCHIVES</subfield>
    <subfield code="c">SB 950.3 C2 C76 1998</subfield>
    <subfield code="d">BOOK</subfield>
    <subfield code="f">1</subfield>
  </datafield>
  <datafield tag="926" ind1=" " ind2=" ">
    <subfield code="a">UABARD</subfield>
    <subfield code="b">ON_SHELF</subfield>
    <subfield code="c">SB 950.3 A3 G94 1995</subfield>
    <subfield code="d">BOOK</subfield>
    <subfield code="f">1</subfield>
  </datafield>
  <datafield tag="926" ind1=" " ind2=" ">
    <subfield code="a">UABARD</subfield>
    <subfield code="b">ON_SHELF</subfield>
    <subfield code="c">SB 950.3 A3 G94 1996</subfield>
    <subfield code="d">BOOK</subfield>
    <subfield code="f">1</subfield>
  </datafield>
  <datafield tag="926" ind1=" " ind2=" ">
    <subfield code="a">UABARD</subfield>
    <subfield code="b">ON_SHELF</subfield>
    <subfield code="c">SB 950.3 A3 G94 1997</subfield>
    <subfield code="d">BOOK</subfield>
    <subfield code="f">1</subfield>
  </datafield>
  <datafield tag="926" ind1=" " ind2=" ">
    <subfield code="a">UABARD</subfield>
    <subfield code="b">ON_SHELF</subfield>
    <subfield code="c">SB 950.3 A3 G94 1998</subfield>
    <subfield code="d">BOOK</subfield>
    <subfield code="f">1</subfield>
  </datafield>
  <datafield tag="927" ind1=" " ind2=" ">
    <subfield code="a">OLDS</subfield>
  </datafield>
  <datafield tag="927" ind1=" " ind2=" ">
    <subfield code="b">Location</subfield>
    <subfield code="c">ARCHIVES-- SB 950.3 C2 C76</subfield>
  </datafield>
  <datafield tag="927" ind1=" " ind2=" ">
    <subfield code="b">Library has</subfield>
    <subfield code="c">1996-1998</subfield>
  </datafield>
  <datafield tag="927" ind1=" " ind2=" ">
    <subfield code="a">UABARD</subfield>
  </datafield>
  <datafield tag="927" ind1=" " ind2=" ">
    <subfield code="b">Location</subfield>
    <subfield code="c">ON_SHELF-- SB 950.3 A3 G94</subfield>
  </datafield>
  <datafield tag="927" ind1=" " ind2=" ">
    <subfield code="b">Library has</subfield>
    <subfield code="c">1995-1998</subfield>
  </datafield>
</record>
