<record xmlns="http://www.loc.gov/MARC21/slim">
  <leader>05663cas a2201129 a 4500</leader>
  <controlfield tag="001">1828977</controlfield>
  <controlfield tag="005">19971216090630.0</controlfield>
  <controlfield tag="008">971216d19962011abcar        s0   a0eng d</controlfield>
  <datafield tag="010" ind1=" " ind2=" ">
    <subfield code="a">cn 98800015</subfield>
  </datafield>
  <datafield tag="022" ind1="0" ind2=" ">
    <subfield code="a">1483-1686 (handbook)</subfield>
  </datafield>
  <datafield tag="022" ind1=" " ind2=" ">
    <subfield code="a">1922-8430 (summary)</subfield>
  </datafield>
  <datafield tag="035" ind1=" " ind2=" ">
    <subfield code="a">ocm38092376</subfield>
  </datafield>
  <datafield tag="040" ind1=" " ind2=" ">
    <subfield code="a">CaOONL</subfield>
    <subfield code="b">eng</subfield>
    <subfield code="c">CaOONL</subfield>
    <subfield code="d">AEU</subfield>
    <subfield code="d">AEE</subfield>
  </datafield>
  <datafield tag="042" ind1=" " ind2=" ">
    <subfield code="a">nlc</subfield>
    <subfield code="a">isds/c</subfield>
  </datafield>
  <datafield tag="043" ind1=" " ind2=" ">
    <subfield code="a">n-cn-ab</subfield>
  </datafield>
  <datafield tag="055" ind1="0" ind2="6">
    <subfield code="a">COP.AL.1.1546</subfield>
  </datafield>
  <datafield tag="082" ind1="1" ind2=" ">
    <subfield code="a">375</subfield>
    <subfield code="2">13</subfield>
  </datafield>
  <datafield tag="090" ind1=" " ind2=" ">
    <subfield code="a">LB 1564 C3 A3 C87 gr.2</subfield>
    <subfield code="b">AEU</subfield>
  </datafield>
  <datafield tag="090" ind1=" " ind2=" ">
    <subfield code="a">LB 1564 C2 A333 gr.2</subfield>
    <subfield code="b">AEE</subfield>
  </datafield>
  <datafield tag="090" ind1=" " ind2=" ">
    <subfield code="a">ED 421 284 (1998)</subfield>
    <subfield code="b">AEE</subfield>
  </datafield>
  <datafield tag="090" ind1=" " ind2=" ">
    <subfield code="a">ED 410 042</subfield>
    <subfield code="b">AEE</subfield>
  </datafield>
  <datafield tag="090" ind1=" " ind2=" ">
    <subfield code="a">LB 1564 C2 A333 1996 Gr.2</subfield>
    <subfield code="b">AEC</subfield>
  </datafield>
  <datafield tag="210" ind1="0" ind2=" ">
    <subfield code="a">Curric. handb. parents, Grade 2</subfield>
  </datafield>
  <datafield tag="245" ind1="0" ind2="0">
    <subfield code="a">Curriculum handbook for parents.</subfield>
    <subfield code="p">Grade 2.</subfield>
  </datafield>
  <datafield tag="260" ind1=" " ind2=" ">
    <subfield code="a">Edmonton :</subfield>
    <subfield code="b">Alberta Education,</subfield>
    <subfield code="c">[1996]-2011.</subfield>
  </datafield>
  <datafield tag="300" ind1=" " ind2=" ">
    <subfield code="a">v. ;</subfield>
    <subfield code="c">22-28 cm.</subfield>
  </datafield>
  <datafield tag="310" ind1=" " ind2=" ">
    <subfield code="a">Annual.</subfield>
  </datafield>
  <datafield tag="336" ind1=" " ind2=" ">
    <subfield code="a">text</subfield>
    <subfield code="b">txt</subfield>
    <subfield code="2">rdacontent</subfield>
  </datafield>
  <datafield tag="337" ind1=" " ind2=" ">
    <subfield code="a">unmediated</subfield>
    <subfield code="b">n</subfield>
    <subfield code="2">rdamedia</subfield>
  </datafield>
  <datafield tag="338" ind1=" " ind2=" ">
    <subfield code="a">volume</subfield>
    <subfield code="b">nc</subfield>
    <subfield code="2">rdacarrier</subfield>
  </datafield>
  <datafield tag="362" ind1="1" ind2=" ">
    <subfield code="a">Began with 1996/1997 issue; ceased with 2011/2012.</subfield>
  </datafield>
  <datafield tag="500" ind1=" " ind2=" ">
    <subfield code="a">Includes curriculum summary.</subfield>
  </datafield>
  <datafield tag="500" ind1=" " ind2=" ">
    <subfield code="a">Description based on: 1997/1998.</subfield>
  </datafield>
  <datafield tag="596" ind1=" " ind2=" ">
    <subfield code="a">2 31 38 41</subfield>
  </datafield>
  <datafield tag="650" ind1=" " ind2="0">
    <subfield code="a">Second grade (Education)</subfield>
    <subfield code="z">Alberta</subfield>
    <subfield code="x">Curricula</subfield>
    <subfield code="v">Handbooks, manuals, etc.</subfield>
  </datafield>
  <datafield tag="650" ind1=" " ind2="0">
    <subfield code="a">Education</subfield>
    <subfield code="z">Alberta</subfield>
    <subfield code="x">Curricula</subfield>
    <subfield code="v">Handbooks, manuals, etc.</subfield>
  </datafield>
  <datafield tag="710" ind1="1" ind2=" ">
    <subfield code="a">Alberta.</subfield>
    <subfield code="b">Alberta Education.</subfield>
  </datafield>
  <datafield tag="940" ind1=" " ind2=" ">
    <subfield code="a">NO EJOURNAL HOLDINGS</subfield>
  </datafield>
  <datafield tag="926" ind1=" " ind2=" ">
    <subfield code="a">AGL_CAP</subfield>
    <subfield code="b">MICROFORM</subfield>
    <subfield code="c">ED 410 042</subfield>
    <subfield code="d">LOCAL_LOAN</subfield>
    <subfield code="f">1</subfield>
  </datafield>
  <datafield tag="926" ind1=" " ind2=" ">
    <subfield code="a">AGL_CAP</subfield>
    <subfield code="b">MICROFORM</subfield>
    <subfield code="c">ED 421 284  (1998)</subfield>
    <subfield code="d">LOCAL_LOAN</subfield>
    <subfield code="f">1</subfield>
  </datafield>
  <datafield tag="926" ind1=" " ind2=" ">
    <subfield code="a">AGL_CAP</subfield>
    <subfield code="b">SPECIALCOL</subfield>
    <subfield code="c">LB 1564 C2A333 gr.2 1996</subfield>
    <subfield code="d">LOCAL_LOAN</subfield>
    <subfield code="f">1</subfield>
  </datafield>
  <datafield tag="926" ind1=" " ind2=" ">
    <subfield code="a">AGL_CAP</subfield>
    <subfield code="b">SPECIALCOL</subfield>
    <subfield code="c">LB 1564 C2A333 gr.2 1996</subfield>
    <subfield code="d">LOCAL_LOAN</subfield>
    <subfield code="f">2</subfield>
  </datafield>
  <datafield tag="926" ind1=" " ind2=" ">
    <subfield code="a">AGL_CAP</subfield>
    <subfield code="b">SPECIALCOL</subfield>
    <subfield code="c">LB 1564 C2A333 gr.2 1997</subfield>
    <subfield code="d">LOCAL_LOAN</subfield>
    <subfield code="f">1</subfield>
  </datafield>
  <datafield tag="926" ind1=" " ind2=" ">
    <subfield code="a">AGL_CAP</subfield>
    <subfield code="b">ARCHIVES</subfield>
    <subfield code="c">LB 1564 C2A333 gr.2 1997</subfield>
    <subfield code="d">NO_LOAN</subfield>
    <subfield code="f">2</subfield>
  </datafield>
  <datafield tag="926" ind1=" " ind2=" ">
    <subfield code="a">AGL_CAP</subfield>
    <subfield code="b">SPECIALCOL</subfield>
    <subfield code="c">LB 1564 C2A333 gr.2 1998</subfield>
    <subfield code="d">LOCAL_LOAN</subfield>
    <subfield code="f">1</subfield>
  </datafield>
  <datafield tag="926" ind1=" " ind2=" ">
    <subfield code="a">AGL_CAP</subfield>
    <subfield code="b">ARCHIVES</subfield>
    <subfield code="c">LB 1564 C2A333 gr.2 1998</subfield>
    <subfield code="d">NO_LOAN</subfield>
    <subfield code="f">2</subfield>
  </datafield>
  <datafield tag="926" ind1=" " ind2=" ">
    <subfield code="a">AGL_CAP</subfield>
    <subfield code="b">SPECIALCOL</subfield>
    <subfield code="c">LB 1564 C2A333 gr.2 1999/00</subfield>
    <subfield code="d">LOCAL_LOAN</subfield>
    <subfield code="f">1</subfield>
  </datafield>
  <datafield tag="926" ind1=" " ind2=" ">
    <subfield code="a">AGL_CAP</subfield>
    <subfield code="b">ARCHIVES</subfield>
    <subfield code="c">LB 1564 C2A333 gr.2 1999/00</subfield>
    <subfield code="d">NO_LOAN</subfield>
    <subfield code="f">2</subfield>
  </datafield>
  <datafield tag="926" ind1=" " ind2=" ">
    <subfield code="a">AGL_CAP</subfield>
    <subfield code="b">SPECIALCOL</subfield>
    <subfield code="c">LB 1564 C2A333 gr.2 2000/01</subfield>
    <subfield code="d">LOCAL_LOAN</subfield>
    <subfield code="f">1</subfield>
  </datafield>
  <datafield tag="926" ind1=" " ind2=" ">
    <subfield code="a">AGL_CAP</subfield>
    <subfield code="b">ARCHIVES</subfield>
    <subfield code="c">LB 1564 C2A333 gr.2 2000/01</subfield>
    <subfield code="d">NO_LOAN</subfield>
    <subfield code="f">2</subfield>
  </datafield>
  <datafield tag="926" ind1=" " ind2=" ">
    <subfield code="a">AGL_CAP</subfield>
    <subfield code="b">SPECIALCOL</subfield>
    <subfield code="c">LB 1564 C2A333 gr.2 2002/03</subfield>
    <subfield code="d">LOCAL_LOAN</subfield>
    <subfield code="f">1</subfield>
  </datafield>
  <datafield tag="926" ind1=" " ind2=" ">
    <subfield code="a">AGL_CAP</subfield>
    <subfield code="b">ARCHIVES</subfield>
    <subfield code="c">LB 1564 C2A333 gr.2 2002/03</subfield>
    <subfield code="d">NO_LOAN</subfield>
    <subfield code="f">2</subfield>
  </datafield>
  <datafield tag="926" ind1=" " ind2=" ">
    <subfield code="a">AGL_CAP</subfield>
    <subfield code="b">SPECIALCOL</subfield>
    <subfield code="c">LB 1664 C2A333 gr.2 2001/02</subfield>
    <subfield code="d">LOCAL_LOAN</subfield>
    <subfield code="f">1</subfield>
  </datafield>
  <datafield tag="926" ind1=" " ind2=" ">
    <subfield code="a">AGL_CAP</subfield>
    <subfield code="b">ARCHIVES</subfield>
    <subfield code="c">LB 1664 C2A333 gr.2 2001/02</subfield>
    <subfield code="d">NO_LOAN</subfield>
    <subfield code="f">2</subfield>
  </datafield>
  <datafield tag="926" ind1=" " ind2=" ">
    <subfield code="a">AGL_CAP</subfield>
    <subfield code="b">SPECIALCOL</subfield>
    <subfield code="c">Library has holdings</subfield>
    <subfield code="d">LOCAL_LOAN</subfield>
    <subfield code="f">1</subfield>
  </datafield>
  <datafield tag="926" ind1=" " ind2=" ">
    <subfield code="a">KINGS</subfield>
    <subfield code="b">CURRICULUM</subfield>
    <subfield code="c">LB 1564 C2 A34 gr.2 2002/2003</subfield>
    <subfield code="d">LOCAL_LOAN</subfield>
    <subfield code="f">1</subfield>
  </datafield>
  <datafield tag="926" ind1=" " ind2=" ">
    <subfield code="a">UABARD</subfield>
    <subfield code="b">ON_SHELF</subfield>
    <subfield code="c">LB 1564 C3 A3 C87 gr.2 1997/1998</subfield>
    <subfield code="d">BOOK</subfield>
    <subfield code="f">1</subfield>
  </datafield>
  <datafield tag="926" ind1=" " ind2=" ">
    <subfield code="a">UABARD</subfield>
    <subfield code="b">ON_SHELF</subfield>
    <subfield code="c">LB 1564 C3 A3 C87 gr.2 1998/1999</subfield>
    <subfield code="d">BOOK</subfield>
    <subfield code="f">1</subfield>
  </datafield>
  <datafield tag="926" ind1=" " ind2=" ">
    <subfield code="a">UABARD</subfield>
    <subfield code="b">ON_SHELF</subfield>
    <subfield code="c">LB 1564 C3 A3 C87 gr.2 1999/2000</subfield>
    <subfield code="d">BOOK</subfield>
    <subfield code="f">1</subfield>
  </datafield>
  <datafield tag="926" ind1=" " ind2=" ">
    <subfield code="a">UABARD</subfield>
    <subfield code="b">ON_SHELF</subfield>
    <subfield code="c">LB 1564 C3 A3 C87 gr.2 2000/2001</subfield>
    <subfield code="d">BOOK</subfield>
    <subfield code="f">1</subfield>
  </datafield>
  <datafield tag="926" ind1=" " ind2=" ">
    <subfield code="a">UABARD</subfield>
    <subfield code="b">ON_SHELF</subfield>
    <subfield code="c">LB 1564 C3 A3 C87 gr.2 2001/2002</subfield>
    <subfield code="d">BOOK</subfield>
    <subfield code="f">1</subfield>
  </datafield>
  <datafield tag="926" ind1=" " ind2=" ">
    <subfield code="a">UABARD</subfield>
    <subfield code="b">ON_SHELF</subfield>
    <subfield code="c">LB 1564 C3 A3 C87 gr.2 2002/2003</subfield>
    <subfield code="d">BOOK</subfield>
    <subfield code="f">1</subfield>
  </datafield>
  <datafield tag="926" ind1=" " ind2=" ">
    <subfield code="a">UABARD</subfield>
    <subfield code="b">ON_SHELF</subfield>
    <subfield code="c">LB 1564 C3 A3 C87 gr.2 2002/2003</subfield>
    <subfield code="d">BOOK</subfield>
    <subfield code="f">2</subfield>
  </datafield>
  <datafield tag="926" ind1=" " ind2=" ">
    <subfield code="a">UABARD</subfield>
    <subfield code="b">ON_SHELF</subfield>
    <subfield code="c">LB 1564 C3 A3 C87 gr.2 2002/2003</subfield>
    <subfield code="d">BOOK</subfield>
    <subfield code="f">3</subfield>
  </datafield>
  <datafield tag="926" ind1=" " ind2=" ">
    <subfield code="a">UABARD</subfield>
    <subfield code="b">ON_SHELF</subfield>
    <subfield code="c">LB 1564 C3 A3 C87 gr.2 2004/2005</subfield>
    <subfield code="d">BOOK</subfield>
    <subfield code="f">1</subfield>
  </datafield>
  <datafield tag="926" ind1=" " ind2=" ">
    <subfield code="a">UABARD</subfield>
    <subfield code="b">ON_SHELF</subfield>
    <subfield code="c">LB 1564 C3 A3 C87 gr.2 2005/2006</subfield>
    <subfield code="d">BOOK</subfield>
    <subfield code="f">1</subfield>
  </datafield>
  <datafield tag="926" ind1=" " ind2=" ">
    <subfield code="a">UABARD</subfield>
    <subfield code="b">ON_SHELF</subfield>
    <subfield code="c">LB 1564 C3 A3 C87 gr.2 2006/2007</subfield>
    <subfield code="d">BOOK</subfield>
    <subfield code="f">1</subfield>
  </datafield>
  <datafield tag="926" ind1=" " ind2=" ">
    <subfield code="a">UABARD</subfield>
    <subfield code="b">ON_SHELF</subfield>
    <subfield code="c">LB 1564 C3 A3 C87 gr.2 2008/2009</subfield>
    <subfield code="d">BOOK</subfield>
    <subfield code="f">2</subfield>
  </datafield>
  <datafield tag="926" ind1=" " ind2=" ">
    <subfield code="a">UABARD</subfield>
    <subfield code="b">ON_SHELF</subfield>
    <subfield code="c">LB 1564 C3 A3 C87 gr.2 2009/2010</subfield>
    <subfield code="d">BOOK</subfield>
    <subfield code="f">1</subfield>
  </datafield>
  <datafield tag="926" ind1=" " ind2=" ">
    <subfield code="a">UAEDUC</subfield>
    <subfield code="b">CURRGDHIST</subfield>
    <subfield code="c">LB 1564 C3 A3 C87 gr.2 1997/1998</subfield>
    <subfield code="d">NO_LOAN</subfield>
    <subfield code="f">1</subfield>
  </datafield>
  <datafield tag="926" ind1=" " ind2=" ">
    <subfield code="a">UAEDUC</subfield>
    <subfield code="b">CURRGDHIST</subfield>
    <subfield code="c">LB 1564 C3 A3 C87 gr.2 1998/1999</subfield>
    <subfield code="d">NO_LOAN</subfield>
    <subfield code="f">1</subfield>
  </datafield>
  <datafield tag="926" ind1=" " ind2=" ">
    <subfield code="a">UAEDUC</subfield>
    <subfield code="b">CURRGDHIST</subfield>
    <subfield code="c">LB 1564 C3 A3 C87 gr.2 1999/2000</subfield>
    <subfield code="d">NO_LOAN</subfield>
    <subfield code="f">1</subfield>
  </datafield>
  <datafield tag="926" ind1=" " ind2=" ">
    <subfield code="a">UAEDUC</subfield>
    <subfield code="b">CURRGDHIST</subfield>
    <subfield code="c">LB 1564 C3 A3 C87 gr.2 2000/2001</subfield>
    <subfield code="d">NO_LOAN</subfield>
    <subfield code="f">1</subfield>
  </datafield>
  <datafield tag="926" ind1=" " ind2=" ">
    <subfield code="a">UAEDUC</subfield>
    <subfield code="b">CURRGDHIST</subfield>
    <subfield code="c">LB 1564 C3 A3 C87 gr.2 2001/2002</subfield>
    <subfield code="d">NO_LOAN</subfield>
    <subfield code="f">1</subfield>
  </datafield>
  <datafield tag="926" ind1=" " ind2=" ">
    <subfield code="a">UAEDUC</subfield>
    <subfield code="b">CURRGDHIST</subfield>
    <subfield code="c">LB 1564 C3 A3 C87 gr.2 2002/2003</subfield>
    <subfield code="d">NO_LOAN</subfield>
    <subfield code="f">4</subfield>
  </datafield>
  <datafield tag="926" ind1=" " ind2=" ">
    <subfield code="a">UAEDUC</subfield>
    <subfield code="b">CURRGDHIST</subfield>
    <subfield code="c">LB 1564 C3 A3 C87 gr.2 2003/2004</subfield>
    <subfield code="d">NO_LOAN</subfield>
    <subfield code="f">1</subfield>
  </datafield>
  <datafield tag="926" ind1=" " ind2=" ">
    <subfield code="a">UAEDUC</subfield>
    <subfield code="b">CURRGDHIST</subfield>
    <subfield code="c">LB 1564 C3 A3 C87 gr.2 2003/2004</subfield>
    <subfield code="d">NO_LOAN</subfield>
    <subfield code="f">2</subfield>
  </datafield>
  <datafield tag="926" ind1=" " ind2=" ">
    <subfield code="a">UAEDUC</subfield>
    <subfield code="b">CURRGDHIST</subfield>
    <subfield code="c">LB 1564 C3 A3 C87 gr.2 2004/2005</subfield>
    <subfield code="d">NO_LOAN</subfield>
    <subfield code="f">1</subfield>
  </datafield>
  <datafield tag="926" ind1=" " ind2=" ">
    <subfield code="a">UAEDUC</subfield>
    <subfield code="b">CURRGDHIST</subfield>
    <subfield code="c">LB 1564 C3 A3 C87 gr.2 2005/2006</subfield>
    <subfield code="d">NO_LOAN</subfield>
    <subfield code="f">1</subfield>
  </datafield>
  <datafield tag="926" ind1=" " ind2=" ">
    <subfield code="a">UAEDUC</subfield>
    <subfield code="b">CURRGDHIST</subfield>
    <subfield code="c">LB 1564 C3 A3 C87 gr.2 2006/2007</subfield>
    <subfield code="d">NO_LOAN</subfield>
    <subfield code="f">1</subfield>
  </datafield>
  <datafield tag="926" ind1=" " ind2=" ">
    <subfield code="a">UAEDUC</subfield>
    <subfield code="b">CURRGDHIST</subfield>
    <subfield code="c">LB 1564 C3 A3 C87 gr.2 2007/2008</subfield>
    <subfield code="d">NO_LOAN</subfield>
    <subfield code="f">1</subfield>
  </datafield>
  <datafield tag="926" ind1=" " ind2=" ">
    <subfield code="a">UAEDUC</subfield>
    <subfield code="b">CURRGDHIST</subfield>
    <subfield code="c">LB 1564 C3 A3 C87 gr.2 2008/2009</subfield>
    <subfield code="d">NO_LOAN</subfield>
    <subfield code="f">1</subfield>
  </datafield>
  <datafield tag="926" ind1=" " ind2=" ">
    <subfield code="a">UAEDUC</subfield>
    <subfield code="b">CURRGDHIST</subfield>
    <subfield code="c">LB 1564 C3 A3 C87 gr.2 2009/2010</subfield>
    <subfield code="d">NO_LOAN</subfield>
    <subfield code="f">1</subfield>
  </datafield>
  <datafield tag="926" ind1=" " ind2=" ">
    <subfield code="a">UAEDUC</subfield>
    <subfield code="b">CURRGDHIST</subfield>
    <subfield code="c">LB 1564 C3 A3 C87 gr.2 2010/2011</subfield>
    <subfield code="d">NO_LOAN</subfield>
    <subfield code="f">1</subfield>
  </datafield>
  <datafield tag="926" ind1=" " ind2=" ">
    <subfield code="a">UAEDUC</subfield>
    <subfield code="b">CURR_GUIDE</subfield>
    <subfield code="c">LB 1564 C3 A3 C87 gr.2 2011/2012</subfield>
    <subfield code="d">LOCAL_LOAN</subfield>
    <subfield code="f">1</subfield>
  </datafield>
  <datafield tag="927" ind1=" " ind2=" ">
    <subfield code="a">AGL_CAP</subfield>
  </datafield>
  <datafield tag="927" ind1=" " ind2=" ">
    <subfield code="b">Location</subfield>
    <subfield code="c">SPECIALCOL-- SHELVED BY TITLE</subfield>
  </datafield>
  <datafield tag="927" ind1=" " ind2=" ">
    <subfield code="b">Library has</subfield>
    <subfield code="c">2003/2004-2011/2012</subfield>
  </datafield>
  <datafield tag="927" ind1=" " ind2=" ">
    <subfield code="a">AGL_CAP</subfield>
  </datafield>
  <datafield tag="927" ind1=" " ind2=" ">
    <subfield code="b">Location</subfield>
    <subfield code="c">SPECIALCOL-- LB 1564 C2 A333 gr.2</subfield>
  </datafield>
  <datafield tag="927" ind1=" " ind2=" ">
    <subfield code="b">Library has</subfield>
    <subfield code="c">1996-2003</subfield>
  </datafield>
  <datafield tag="927" ind1=" " ind2=" ">
    <subfield code="a">UABARD</subfield>
  </datafield>
  <datafield tag="927" ind1=" " ind2=" ">
    <subfield code="b">Location</subfield>
    <subfield code="c">ON_SHELF-- LB 1564 C3 A3 C87 gr.2</subfield>
  </datafield>
  <datafield tag="927" ind1=" " ind2=" ">
    <subfield code="b">Library has</subfield>
    <subfield code="c">1997/1998-2002/2003,2004/2005-2006/2007,2008/2009-2009/2010</subfield>
  </datafield>
  <datafield tag="927" ind1=" " ind2=" ">
    <subfield code="a">UAEDUC</subfield>
  </datafield>
  <datafield tag="927" ind1=" " ind2=" ">
    <subfield code="b">Location</subfield>
    <subfield code="c">CURR_GUIDE-- LB 1564 C3 A3 C87 gr.2</subfield>
  </datafield>
  <datafield tag="927" ind1=" " ind2=" ">
    <subfield code="b">Library has</subfield>
    <subfield code="c">1997/1998- Latest edition in Curriculum Guides; others in Curriculum Guides Historical Collection</subfield>
  </datafield>
</record>
