<record xmlns="http://www.loc.gov/MARC21/slim">
  <leader>01470cam a2200337 a 4500</leader>
  <controlfield tag="001">711030</controlfield>
  <controlfield tag="008">851211s1925    abc    c q        0 eng c</controlfield>
  <datafield tag="035" ind1=" " ind2=" ">
    <subfield code="a">ocm65776926</subfield>
  </datafield>
  <datafield tag="040" ind1=" " ind2=" ">
    <subfield code="b">eng</subfield>
  </datafield>
  <datafield tag="049" ind1=" " ind2=" ">
    <subfield code="a">AEU</subfield>
    <subfield code="b">eng</subfield>
  </datafield>
  <datafield tag="050" ind1=" " ind2="4">
    <subfield code="a">LB 3054 C2</subfield>
    <subfield code="b">D416 1925</subfield>
  </datafield>
  <datafield tag="090" ind1="0" ind2=" ">
    <subfield code="a">LB 3054 C2 D416 1925</subfield>
    <subfield code="b">CH</subfield>
  </datafield>
  <datafield tag="245" ind1="0" ind2="0">
    <subfield code="a">Departmental examinations, grade VIII, 1925.</subfield>
  </datafield>
  <datafield tag="260" ind1=" " ind2=" ">
    <subfield code="a">[Alberta :</subfield>
    <subfield code="b">s.n.],</subfield>
    <subfield code="c">1925.</subfield>
  </datafield>
  <datafield tag="300" ind1=" " ind2=" ">
    <subfield code="a">5 v. ;</subfield>
    <subfield code="c">26 cm.</subfield>
  </datafield>
  <datafield tag="336" ind1=" " ind2=" ">
    <subfield code="a">text</subfield>
    <subfield code="b">txt</subfield>
    <subfield code="2">rdacontent</subfield>
  </datafield>
  <datafield tag="337" ind1=" " ind2=" ">
    <subfield code="a">unmediated</subfield>
    <subfield code="b">n</subfield>
    <subfield code="2">rdamedia</subfield>
  </datafield>
  <datafield tag="338" ind1=" " ind2=" ">
    <subfield code="a">volume</subfield>
    <subfield code="b">nc</subfield>
    <subfield code="2">rdacarrier</subfield>
  </datafield>
  <datafield tag="505" ind1="0" ind2=" ">
    <subfield code="a">[exam.1] Grammar and composition -- [exam.2] History and civics, and geography -- [exam.3] English literature and spelling -- [exam.4] Agriculture, physiology and hygiene, and art -- [exam.5] Arithmetic and mensuration.</subfield>
  </datafield>
  <datafield tag="596" ind1=" " ind2=" ">
    <subfield code="a">41</subfield>
  </datafield>
  <datafield tag="650" ind1=" " ind2="0">
    <subfield code="a">Examinations</subfield>
    <subfield code="z">Alberta</subfield>
    <subfield code="x">Questions.</subfield>
    <subfield code="v">Juvenile literature.</subfield>
  </datafield>
  <datafield tag="740" ind1="0" ind2=" ">
    <subfield code="a">Grammar and composition.</subfield>
  </datafield>
  <datafield tag="740" ind1="0" ind2=" ">
    <subfield code="a">History and civics, and geography.</subfield>
  </datafield>
  <datafield tag="740" ind1="0" ind2=" ">
    <subfield code="a">English literature and spelling.</subfield>
  </datafield>
  <datafield tag="740" ind1="0" ind2=" ">
    <subfield code="a">Agriculture, physiology and hygiene, and art.</subfield>
  </datafield>
  <datafield tag="740" ind1="0" ind2=" ">
    <subfield code="a">Arithmetic and mensuration.</subfield>
  </datafield>
  <datafield tag="926" ind1=" " ind2=" ">
    <subfield code="a">UAEDUC</subfield>
    <subfield code="b">LIBUSE</subfield>
    <subfield code="c">LB 3054 C2 D416 1925 exam.1</subfield>
    <subfield code="d">NO_LOAN</subfield>
    <subfield code="e">NEVER</subfield>
    <subfield code="f">1</subfield>
  </datafield>
  <datafield tag="926" ind1=" " ind2=" ">
    <subfield code="a">UAEDUC</subfield>
    <subfield code="b">LIBUSE</subfield>
    <subfield code="c">LB 3054 C2 D416 1925 exam.2</subfield>
    <subfield code="d">NO_LOAN</subfield>
    <subfield code="e">NEVER</subfield>
    <subfield code="f">1</subfield>
  </datafield>
  <datafield tag="926" ind1=" " ind2=" ">
    <subfield code="a">UAEDUC</subfield>
    <subfield code="b">LIBUSE</subfield>
    <subfield code="c">LB 3054 C2 D416 1925 exam.3</subfield>
    <subfield code="d">NO_LOAN</subfield>
    <subfield code="e">NEVER</subfield>
    <subfield code="f">1</subfield>
  </datafield>
  <datafield tag="926" ind1=" " ind2=" ">
    <subfield code="a">UAEDUC</subfield>
    <subfield code="b">LIBUSE</subfield>
    <subfield code="c">LB 3054 C2 D416 1925 exam.4</subfield>
    <subfield code="d">NO_LOAN</subfield>
    <subfield code="e">NEVER</subfield>
    <subfield code="f">1</subfield>
  </datafield>
  <datafield tag="926" ind1=" " ind2=" ">
    <subfield code="a">UAEDUC</subfield>
    <subfield code="b">LIBUSE</subfield>
    <subfield code="c">LB 3054 C2 D416 1925 exam.5</subfield>
    <subfield code="d">NO_LOAN</subfield>
    <subfield code="e">NEVER</subfield>
    <subfield code="f">1</subfield>
  </datafield>
</record>
