<record xmlns="http://www.loc.gov/MARC21/slim">
  <leader>01212cam a2200325 a 4500</leader>
  <controlfield tag="001">2160696</controlfield>
  <controlfield tag="008">960624s1998    abcb         s000 0 eng d</controlfield>
  <datafield tag="020" ind1=" " ind2=" ">
    <subfield code="a">0778504077</subfield>
  </datafield>
  <datafield tag="035" ind1=" " ind2=" ">
    <subfield code="a">ocm43929942</subfield>
  </datafield>
  <datafield tag="040" ind1=" " ind2=" ">
    <subfield code="a">AEEN</subfield>
    <subfield code="b">eng</subfield>
    <subfield code="d">AEU</subfield>
  </datafield>
  <datafield tag="055" ind1=" " ind2="3">
    <subfield code="a">SB 484*</subfield>
  </datafield>
  <datafield tag="090" ind1=" " ind2=" ">
    <subfield code="a">FC 3665 E53 D73 1997</subfield>
    <subfield code="b">AEU</subfield>
  </datafield>
  <datafield tag="090" ind1=" " ind2=" ">
    <subfield code="a">SB 484 A3 E38 1998</subfield>
    <subfield code="b">AEEN</subfield>
  </datafield>
  <datafield tag="245" ind1="0" ind2="0">
    <subfield code="a">Elbow-Sheep Wildland Provincial Park management plan.</subfield>
  </datafield>
  <datafield tag="260" ind1=" " ind2=" ">
    <subfield code="a">Canmore, Alta. :</subfield>
    <subfield code="b">Alberta Environmental Protection,</subfield>
    <subfield code="c">1998.</subfield>
  </datafield>
  <datafield tag="300" ind1=" " ind2=" ">
    <subfield code="a">ii, 20, [1] p. :</subfield>
    <subfield code="b">map ;</subfield>
    <subfield code="c">28 cm.</subfield>
  </datafield>
  <datafield tag="336" ind1=" " ind2=" ">
    <subfield code="a">text</subfield>
    <subfield code="b">txt</subfield>
    <subfield code="2">rdacontent</subfield>
  </datafield>
  <datafield tag="337" ind1=" " ind2=" ">
    <subfield code="a">unmediated</subfield>
    <subfield code="b">n</subfield>
    <subfield code="2">rdamedia</subfield>
  </datafield>
  <datafield tag="338" ind1=" " ind2=" ">
    <subfield code="a">volume</subfield>
    <subfield code="b">nc</subfield>
    <subfield code="2">rdacarrier</subfield>
  </datafield>
  <datafield tag="490" ind1="1" ind2=" ">
    <subfield code="a">Pub. No.: T/431</subfield>
  </datafield>
  <datafield tag="596" ind1=" " ind2=" ">
    <subfield code="a">2 48</subfield>
  </datafield>
  <datafield tag="650" ind1=" " ind2="5">
    <subfield code="a">Provincial parks and reserves</subfield>
    <subfield code="z">Alberta</subfield>
    <subfield code="x">Management.</subfield>
  </datafield>
  <datafield tag="650" ind1=" " ind2="0">
    <subfield code="a">Parks</subfield>
    <subfield code="z">Alberta</subfield>
    <subfield code="x">Management.</subfield>
  </datafield>
  <datafield tag="650" ind1=" " ind2="0">
    <subfield code="a">Parks</subfield>
    <subfield code="z">Alberta</subfield>
    <subfield code="x">Planning.</subfield>
  </datafield>
  <datafield tag="651" ind1=" " ind2="0">
    <subfield code="a">Elbow-Sheep Wildland Provincial Park (Alta.)</subfield>
  </datafield>
  <datafield tag="710" ind1="1" ind2=" ">
    <subfield code="a">Alberta.</subfield>
    <subfield code="b">Alberta Environmental Protection.</subfield>
  </datafield>
  <datafield tag="830" ind1=" " ind2="0">
    <subfield code="a">Publication (Alberta. Alberta Environmental Protection) ;</subfield>
    <subfield code="v">no. T/431.</subfield>
  </datafield>
  <datafield tag="926" ind1=" " ind2=" ">
    <subfield code="a">AGL_CAP</subfield>
    <subfield code="b">ON_SHELF</subfield>
    <subfield code="c">SB 484 A3 E38 1998</subfield>
    <subfield code="d">BOOK</subfield>
    <subfield code="f">1</subfield>
  </datafield>
  <datafield tag="926" ind1=" " ind2=" ">
    <subfield code="a">AGL_CAP</subfield>
    <subfield code="b">ARCHIVES</subfield>
    <subfield code="c">SB 484 A3 E38 1998</subfield>
    <subfield code="d">NO_LOAN</subfield>
    <subfield code="f">2</subfield>
  </datafield>
  <datafield tag="926" ind1=" " ind2=" ">
    <subfield code="a">UASCITECH</subfield>
    <subfield code="b">ON_SHELF</subfield>
    <subfield code="c">FC 3665 E53 D73 1997</subfield>
    <subfield code="d">BOOK</subfield>
    <subfield code="f">1</subfield>
  </datafield>
</record>
