<record xmlns="http://www.loc.gov/MARC21/slim">
<!-- Length implementation at offset 22 should hold a digit. Assuming 0 -->
  <leader>01477 as a2200373 a 4500</leader>
  <controlfield tag="001">6452148</controlfield>
  <controlfield tag="003">CaOOAMICUS</controlfield>
  <controlfield tag="005">20110525154747.0</controlfield>
  <controlfield tag="008">880923d19881993abcqr p      s0   a0eng  </controlfield>
  <datafield tag="022" ind1="0" ind2=" ">
    <subfield code="a">0840-4682</subfield>
  </datafield>
  <datafield tag="035" ind1=" " ind2=" ">
    <subfield code="a">ocn870341196</subfield>
  </datafield>
  <datafield tag="040" ind1=" " ind2=" ">
    <subfield code="a">CaOONLC</subfield>
    <subfield code="b">eng</subfield>
    <subfield code="c">CaOONLC</subfield>
    <subfield code="d">CaOONL</subfield>
    <subfield code="d">AEU</subfield>
  </datafield>
  <datafield tag="042" ind1=" " ind2=" ">
    <subfield code="a">nlc</subfield>
    <subfield code="a">isds/c</subfield>
  </datafield>
  <datafield tag="055" ind1=" " ind2="4">
    <subfield code="a">HD8101</subfield>
    <subfield code="b">.C87</subfield>
  </datafield>
  <datafield tag="082" ind1="0" ind2=" ">
    <subfield code="a">354.71230683</subfield>
    <subfield code="2">19</subfield>
  </datafield>
  <datafield tag="090" ind1=" " ind2=" ">
    <subfield code="a">HD 8101 C87</subfield>
    <subfield code="b">AEU</subfield>
  </datafield>
  <datafield tag="210" ind1="0" ind2=" ">
    <subfield code="a">Currents</subfield>
    <subfield code="b">(Edmont.)</subfield>
  </datafield>
  <datafield tag="222" ind1=" " ind2="0">
    <subfield code="a">Currents</subfield>
    <subfield code="b">(Edmonton)</subfield>
  </datafield>
  <datafield tag="245" ind1="0" ind2="0">
    <subfield code="a">Currents, the employee newsletter of Alberta Labour.</subfield>
  </datafield>
  <datafield tag="260" ind1=" " ind2=" ">
    <subfield code="a">[Edmonton :</subfield>
    <subfield code="b">Alberta Labour</subfield>
    <subfield code="c">1988-1993?]</subfield>
  </datafield>
  <datafield tag="310" ind1=" " ind2=" ">
    <subfield code="a">Quarterly,</subfield>
    <subfield code="b">fall 1992-</subfield>
  </datafield>
  <datafield tag="321" ind1=" " ind2=" ">
    <subfield code="a">Irregular</subfield>
  </datafield>
  <datafield tag="321" ind1=" " ind2=" ">
    <subfield code="a">Bimonthly,</subfield>
    <subfield code="b">Jan.-June 1992</subfield>
  </datafield>
  <datafield tag="362" ind1="1" ind2=" ">
    <subfield code="a">Began with v. 1, no. 1 (summer 1988); ceased with Jan./Feb. 1993 issue?</subfield>
  </datafield>
  <datafield tag="515" ind1=" " ind2=" ">
    <subfield code="a">Issues identified variously by season or month, &lt;1990&gt;-</subfield>
  </datafield>
  <datafield tag="515" ind1=" " ind2=" ">
    <subfield code="a">Some issues called special edition.</subfield>
  </datafield>
  <datafield tag="596" ind1=" " ind2=" ">
    <subfield code="a">38</subfield>
  </datafield>
  <datafield tag="610" ind1="1" ind2="0">
    <subfield code="a">Alberta.</subfield>
    <subfield code="b">Alberta Labour</subfield>
    <subfield code="v">Periodicals.</subfield>
  </datafield>
  <datafield tag="710" ind1="1" ind2=" ">
    <subfield code="a">Alberta.</subfield>
    <subfield code="b">Alberta Labour.</subfield>
  </datafield>
  <datafield tag="780" ind1="0" ind2="0">
    <subfield code="a">Alberta. Alberta Labour.</subfield>
    <subfield code="t">Labour newsline.</subfield>
    <subfield code="d">Edmonton : Alberta Labour, Communications Branch, 1982-[1986]</subfield>
    <subfield code="x">0820-6708</subfield>
    <subfield code="w">(CaOONL) 830818731  rev</subfield>
    <subfield code="w">(OCoLC)ocl79674284 </subfield>
    <subfield code="w">(OCoLC)ocl79674284 </subfield>
    <subfield code="w">(OCoLC)ocl79674284 </subfield>
    <subfield code="w">(OCoLC)ocl79674284 </subfield>
    <subfield code="w">(DLC)cn 83081873</subfield>
  </datafield>
  <datafield tag="926" ind1=" " ind2=" ">
    <subfield code="a">UABARD</subfield>
    <subfield code="b">ON_SHELF</subfield>
    <subfield code="c">Library has holdings</subfield>
    <subfield code="d">PERIODICAL</subfield>
    <subfield code="f">1</subfield>
  </datafield>
  <datafield tag="927" ind1=" " ind2=" ">
    <subfield code="a">UABARD</subfield>
  </datafield>
  <datafield tag="927" ind1=" " ind2=" ">
    <subfield code="b">Location</subfield>
    <subfield code="c">ON_SHELF-- HD 8101 C87</subfield>
  </datafield>
  <datafield tag="927" ind1=" " ind2=" ">
    <subfield code="b">Library has</subfield>
    <subfield code="c">1990-1993 Incomplete:1990-1991</subfield>
  </datafield>
</record>
