<record xmlns="http://www.loc.gov/MARC21/slim">
  <leader>01568cam a2200385 a 4500</leader>
  <controlfield tag="001">2258513</controlfield>
  <controlfield tag="008">870430s1986    abc          s    0 eng c</controlfield>
  <datafield tag="035" ind1=" " ind2=" ">
    <subfield code="a">ocm70320847</subfield>
  </datafield>
  <datafield tag="040" ind1=" " ind2=" ">
    <subfield code="b">eng</subfield>
  </datafield>
  <datafield tag="043" ind1=" " ind2=" ">
    <subfield code="a">n-cn-ab</subfield>
  </datafield>
  <datafield tag="049" ind1=" " ind2=" ">
    <subfield code="a">AEU</subfield>
    <subfield code="b">eng</subfield>
    <subfield code="c">aee</subfield>
  </datafield>
  <datafield tag="055" ind1=" " ind2="3">
    <subfield code="a">HD 62.7</subfield>
    <subfield code="b">M645 1986</subfield>
  </datafield>
  <datafield tag="090" ind1="1" ind2=" ">
    <subfield code="a">HB/615/M645/1986</subfield>
    <subfield code="b">DOC</subfield>
    <subfield code="m">AE 1986 0121</subfield>
  </datafield>
  <datafield tag="090" ind1="2" ind2=" ">
    <subfield code="a">HB/615/M645/1986</subfield>
    <subfield code="b">MAIN</subfield>
  </datafield>
  <datafield tag="090" ind1="0" ind2=" ">
    <subfield code="a">HD 62.7 M645 1986</subfield>
    <subfield code="b">AEU</subfield>
  </datafield>
  <datafield tag="100" ind1="1" ind2=" ">
    <subfield code="a">Millar, Garnet W.</subfield>
  </datafield>
  <datafield tag="245" ind1="1" ind2="0">
    <subfield code="a">Entrepreneurship in the Alberta curriculum :</subfield>
    <subfield code="b">a monograph /</subfield>
    <subfield code="c">Garnet W. Millar.</subfield>
  </datafield>
  <datafield tag="260" ind1=" " ind2=" ">
    <subfield code="a">[Edmonton] :</subfield>
    <subfield code="b">Planning Services Branch, Alberta Education,</subfield>
    <subfield code="c">1986.</subfield>
  </datafield>
  <datafield tag="300" ind1=" " ind2=" ">
    <subfield code="a">iv, 107, [1] leaves :</subfield>
    <subfield code="b">ill. ;</subfield>
    <subfield code="c">28 cm.</subfield>
  </datafield>
  <datafield tag="336" ind1=" " ind2=" ">
    <subfield code="a">text</subfield>
    <subfield code="b">txt</subfield>
    <subfield code="2">rdacontent</subfield>
  </datafield>
  <datafield tag="337" ind1=" " ind2=" ">
    <subfield code="a">unmediated</subfield>
    <subfield code="b">n</subfield>
    <subfield code="2">rdamedia</subfield>
  </datafield>
  <datafield tag="338" ind1=" " ind2=" ">
    <subfield code="a">volume</subfield>
    <subfield code="b">nc</subfield>
    <subfield code="2">rdacarrier</subfield>
  </datafield>
  <datafield tag="500" ind1=" " ind2=" ">
    <subfield code="a">&quot;Special assignment for Alberta Education, Planning Services.&quot;</subfield>
  </datafield>
  <datafield tag="500" ind1=" " ind2=" ">
    <subfield code="a">Available on ERIC fiche (ED 279 857) in MAIN.</subfield>
  </datafield>
  <datafield tag="596" ind1=" " ind2=" ">
    <subfield code="a">2 38</subfield>
  </datafield>
  <datafield tag="650" ind1=" " ind2="0">
    <subfield code="a">Entrepreneurship</subfield>
    <subfield code="x">Study and teaching (Secondary)</subfield>
    <subfield code="z">Alberta.</subfield>
  </datafield>
  <datafield tag="650" ind1=" " ind2="0">
    <subfield code="a">Self-employed</subfield>
    <subfield code="x">Study and teaching (Secondary)</subfield>
    <subfield code="z">Alberta.</subfield>
  </datafield>
  <datafield tag="650" ind1=" " ind2="0">
    <subfield code="a">Small business</subfield>
    <subfield code="x">Study and teaching (Secondary)</subfield>
    <subfield code="z">Alberta.</subfield>
  </datafield>
  <datafield tag="650" ind1=" " ind2="0">
    <subfield code="a">Education, Secondary</subfield>
    <subfield code="z">Alberta</subfield>
    <subfield code="x">Curricula.</subfield>
  </datafield>
  <datafield tag="710" ind1="1" ind2=" ">
    <subfield code="a">Alberta.</subfield>
    <subfield code="b">Alberta Education.</subfield>
    <subfield code="b">Planning Services.</subfield>
  </datafield>
  <datafield tag="926" ind1=" " ind2=" ">
    <subfield code="a">AGL_CAP</subfield>
    <subfield code="b">ON_SHELF</subfield>
    <subfield code="c">HB 615 M645 1986</subfield>
    <subfield code="d">BOOK</subfield>
    <subfield code="f">1</subfield>
  </datafield>
  <datafield tag="926" ind1=" " ind2=" ">
    <subfield code="a">AGL_CAP</subfield>
    <subfield code="b">ARCHIVES</subfield>
    <subfield code="c">HB 615 M645 1986</subfield>
    <subfield code="d">NO_LOAN</subfield>
    <subfield code="f">2</subfield>
  </datafield>
  <datafield tag="926" ind1=" " ind2=" ">
    <subfield code="a">AGL_CAP</subfield>
    <subfield code="b">MICROFORM</subfield>
    <subfield code="c">HB 615 M645 1986</subfield>
    <subfield code="d">LOCAL_LOAN</subfield>
    <subfield code="f">3</subfield>
  </datafield>
  <datafield tag="926" ind1=" " ind2=" ">
    <subfield code="a">UABARD</subfield>
    <subfield code="b">ON_SHELF</subfield>
    <subfield code="c">HD 62.7 M645 1986</subfield>
    <subfield code="d">BOOK</subfield>
    <subfield code="f">1</subfield>
  </datafield>
  <datafield tag="926" ind1=" " ind2=" ">
    <subfield code="a">UABARD</subfield>
    <subfield code="b">ON_SHELF</subfield>
    <subfield code="c">HD 62.7 M645 1986</subfield>
    <subfield code="d">BOOK</subfield>
    <subfield code="f">2</subfield>
  </datafield>
</record>
