<record xmlns="http://www.loc.gov/MARC21/slim">
  <leader>09887cas a2201861 a 4500</leader>
  <controlfield tag="001">541520</controlfield>
  <controlfield tag="008">840925d19781996abcqr p      s0    0eng  </controlfield>
  <datafield tag="010" ind1=" " ind2=" ">
    <subfield code="a">cn 78082644</subfield>
  </datafield>
  <datafield tag="016" ind1=" " ind2=" ">
    <subfield code="a">780826442</subfield>
  </datafield>
  <datafield tag="022" ind1=" " ind2=" ">
    <subfield code="a">0701-9637</subfield>
  </datafield>
  <datafield tag="035" ind1=" " ind2=" ">
    <subfield code="a">ocm04080410</subfield>
  </datafield>
  <datafield tag="040" ind1=" " ind2=" ">
    <subfield code="a">CaOONL</subfield>
    <subfield code="b">eng</subfield>
    <subfield code="c">CaOONL</subfield>
    <subfield code="d">m.c.</subfield>
    <subfield code="d">AIP</subfield>
    <subfield code="d">CaOONL</subfield>
    <subfield code="d">CaOONL</subfield>
    <subfield code="d">AEU</subfield>
  </datafield>
  <datafield tag="042" ind1=" " ind2=" ">
    <subfield code="a">nlc</subfield>
    <subfield code="a">isds/c</subfield>
  </datafield>
  <datafield tag="043" ind1=" " ind2=" ">
    <subfield code="a">n-cn-ab</subfield>
  </datafield>
  <datafield tag="049" ind1=" " ind2=" ">
    <subfield code="a">AEKC</subfield>
  </datafield>
  <datafield tag="049" ind1=" " ind2=" ">
    <subfield code="a">AVeE</subfield>
    <subfield code="b">eng</subfield>
  </datafield>
  <datafield tag="049" ind1=" " ind2=" ">
    <subfield code="a">AEU</subfield>
    <subfield code="b">eng</subfield>
  </datafield>
  <datafield tag="050" ind1=" " ind2="4">
    <subfield code="a">TD 172</subfield>
    <subfield code="b">E6353</subfield>
  </datafield>
  <datafield tag="090" ind1=" " ind2=" ">
    <subfield code="a">TD 172 E6353</subfield>
    <subfield code="b">AEU</subfield>
  </datafield>
  <datafield tag="090" ind1=" " ind2=" ">
    <subfield code="a">SHELVED BY TITLE</subfield>
    <subfield code="b">AEEN</subfield>
  </datafield>
  <datafield tag="090" ind1=" " ind2="0">
    <subfield code="a">TD 180 E55</subfield>
    <subfield code="b">ARDC</subfield>
  </datafield>
  <datafield tag="090" ind1=" " ind2=" ">
    <subfield code="a">SHELVED BY TITLE</subfield>
    <subfield code="b">AOAC</subfield>
  </datafield>
  <datafield tag="090" ind1="0" ind2=" ">
    <subfield code="a">SHELVED BY TITLE</subfield>
    <subfield code="b">AEU</subfield>
  </datafield>
  <datafield tag="090" ind1=" " ind2=" ">
    <subfield code="a">UNCLASS</subfield>
    <subfield code="b">AEC</subfield>
  </datafield>
  <datafield tag="090" ind1="0" ind2=" ">
    <subfield code="a">SHELVED BY TITLE</subfield>
    <subfield code="b">AVEE</subfield>
  </datafield>
  <datafield tag="090" ind1=" " ind2=" ">
    <subfield code="a">GOV DOC CA2 AL EO E55a</subfield>
    <subfield code="b">AEU</subfield>
  </datafield>
  <datafield tag="222" ind1="0" ind2="0">
    <subfield code="a">Environment views</subfield>
  </datafield>
  <datafield tag="245" ind1="0" ind2="0">
    <subfield code="a">Environment views.</subfield>
  </datafield>
  <datafield tag="260" ind1=" " ind2=" ">
    <subfield code="3">April/May 1978-Spring 1993: </subfield>
    <subfield code="a">Edmonton :</subfield>
    <subfield code="b">Alberta Environment</subfield>
  </datafield>
  <datafield tag="260" ind1="2" ind2=" ">
    <subfield code="3">Summer 1993-Spring 1994: </subfield>
    <subfield code="a">Edmonton :</subfield>
    <subfield code="b">Alberta Environmental Protection</subfield>
  </datafield>
  <datafield tag="260" ind1="3" ind2=" ">
    <subfield code="3">Fall 1994-Summer 1996: </subfield>
    <subfield code="a">[Edmonton] :</subfield>
    <subfield code="b">Green Thread Publishing</subfield>
  </datafield>
  <datafield tag="300" ind1=" " ind2=" ">
    <subfield code="a">19 v. :</subfield>
    <subfield code="b">ill. ;</subfield>
    <subfield code="c">28 cm.</subfield>
  </datafield>
  <datafield tag="310" ind1=" " ind2=" ">
    <subfield code="a">Quarterly,</subfield>
    <subfield code="b">1987-&lt;1996&gt;</subfield>
  </datafield>
  <datafield tag="321" ind1=" " ind2=" ">
    <subfield code="a">Bimonthly,</subfield>
    <subfield code="b">1979-1986</subfield>
  </datafield>
  <datafield tag="362" ind1="0" ind2=" ">
    <subfield code="a">Vol. 1, no. 1 (April/May 1978)-vol. 19, no. 5 (summer 1996).</subfield>
  </datafield>
  <datafield tag="515" ind1=" " ind2=" ">
    <subfield code="a">Issue for April/May 1981 called v. 3, no. 7 but constitutes v. 4, no. 1.</subfield>
  </datafield>
  <datafield tag="515" ind1=" " ind2=" ">
    <subfield code="a">Issues for spring 1986 and June 1986 both called v. 8 no. 6 but constitute v. 9, nos. 1 and 2.</subfield>
  </datafield>
  <datafield tag="515" ind1=" " ind2=" ">
    <subfield code="a">Issue for June 1990 called v. 12 no. 5 but constitutes v. 13 no. 1.</subfield>
  </datafield>
  <datafield tag="515" ind1=" " ind2=" ">
    <subfield code="a">Vol. 17, no. 4 never published.</subfield>
  </datafield>
  <datafield tag="550" ind1=" " ind2=" ">
    <subfield code="a">Issued by: Alberta Environment, 1978-1993.</subfield>
  </datafield>
  <datafield tag="580" ind1=" " ind2=" ">
    <subfield code="a">Merged with: Environment network news, to form: Environment views/Environment network news.</subfield>
  </datafield>
  <datafield tag="580" ind1=" " ind2=" ">
    <subfield code="a">Environment views/Environment network news became: Encompass (Drayton Valley, Alta.)</subfield>
  </datafield>
  <datafield tag="590" ind1=" " ind2=" ">
    <subfield code="a">UA BARD copy in the Bryan-Gruhn collection.</subfield>
  </datafield>
  <datafield tag="596" ind1=" " ind2=" ">
    <subfield code="a">2 16 21 28 31 33 38 41 48</subfield>
  </datafield>
  <datafield tag="597" ind1=" " ind2=" ">
    <subfield code="a">27:GOV DOC CA2 AL EO E55a v.1:no.2- v.4 1978-1981</subfield>
    <subfield code="a">30:GOV DOC CA2 AL EO E55a v.10-v.14:no.2 1987-1991</subfield>
    <subfield code="a">31:GOV DOC CA2 AL EO E55a v.14:no.3-v.16 1992-1994</subfield>
  </datafield>
  <datafield tag="650" ind1=" " ind2="0">
    <subfield code="a">Environmental protection</subfield>
    <subfield code="z">Alberta</subfield>
    <subfield code="v">Periodicals.</subfield>
  </datafield>
  <datafield tag="650" ind1=" " ind2="0">
    <subfield code="a">Pollution</subfield>
    <subfield code="x">Environmental aspects</subfield>
    <subfield code="z">Alberta</subfield>
    <subfield code="v">Periodicals.</subfield>
  </datafield>
  <datafield tag="710" ind1="1" ind2=" ">
    <subfield code="a">Alberta.</subfield>
    <subfield code="b">Alberta Environment.</subfield>
  </datafield>
  <datafield tag="710" ind1="1" ind2=" ">
    <subfield code="a">Alberta.</subfield>
    <subfield code="b">Alberta Environmental Protection.</subfield>
  </datafield>
  <datafield tag="780" ind1="0" ind2="2">
    <subfield code="t">Environment news</subfield>
    <subfield code="x">0701-6840</subfield>
  </datafield>
  <datafield tag="785" ind1="1" ind2="7">
    <subfield code="t">Environment network news</subfield>
    <subfield code="x">0843-6126</subfield>
  </datafield>
  <datafield tag="785" ind1="1" ind2="7">
    <subfield code="t">Environment views/Environment network news</subfield>
  </datafield>
  <datafield tag="787" ind1="0" ind2=" ">
    <subfield code="t">Encompass (Drayton Valley, Alta.)</subfield>
    <subfield code="x">1206-825X</subfield>
  </datafield>
  <datafield tag="999" ind1=" " ind2=" ">
    <subfield code="a">000036753739</subfield>
    <subfield code="v">v.1:no.2- v.4 1978-1981</subfield>
  </datafield>
  <datafield tag="999" ind1=" " ind2=" ">
    <subfield code="a">000038363495</subfield>
    <subfield code="v">v.10-v.14:no.2 1987-1991</subfield>
  </datafield>
  <datafield tag="999" ind1=" " ind2=" ">
    <subfield code="a">0162001964228</subfield>
    <subfield code="v">v.14:no.3-v.16 1992-1994</subfield>
  </datafield>
  <datafield tag="926" ind1=" " ind2=" ">
    <subfield code="a">AGL_CAP</subfield>
    <subfield code="b">PERIODICAL</subfield>
    <subfield code="c">SHELVED BY TITLE</subfield>
    <subfield code="d">PERIODICAL</subfield>
    <subfield code="f">1</subfield>
  </datafield>
  <datafield tag="926" ind1=" " ind2=" ">
    <subfield code="a">UAAUG</subfield>
    <subfield code="b">ON_SHELF</subfield>
    <subfield code="c">TD 172 E6353 v.2:no.6 1980</subfield>
    <subfield code="d">PERIODICAL</subfield>
    <subfield code="f">1</subfield>
  </datafield>
  <datafield tag="926" ind1=" " ind2=" ">
    <subfield code="a">UAAUG</subfield>
    <subfield code="b">ON_SHELF</subfield>
    <subfield code="c">TD 172 E6353 v.6:no.1 1983</subfield>
    <subfield code="d">PERIODICAL</subfield>
    <subfield code="f">1</subfield>
  </datafield>
  <datafield tag="926" ind1=" " ind2=" ">
    <subfield code="a">UAAUG</subfield>
    <subfield code="b">ON_SHELF</subfield>
    <subfield code="c">TD 172 E6353 v.6:no.3 1983</subfield>
    <subfield code="d">PERIODICAL</subfield>
    <subfield code="f">1</subfield>
  </datafield>
  <datafield tag="926" ind1=" " ind2=" ">
    <subfield code="a">UAAUG</subfield>
    <subfield code="b">ON_SHELF</subfield>
    <subfield code="c">TD 172 E6353 v.6:no.4 1983</subfield>
    <subfield code="d">PERIODICAL</subfield>
    <subfield code="f">1</subfield>
  </datafield>
  <datafield tag="926" ind1=" " ind2=" ">
    <subfield code="a">UAAUG</subfield>
    <subfield code="b">ON_SHELF</subfield>
    <subfield code="c">TD 172 E6353 v.6:no.6 1983</subfield>
    <subfield code="d">PERIODICAL</subfield>
    <subfield code="f">1</subfield>
  </datafield>
  <datafield tag="926" ind1=" " ind2=" ">
    <subfield code="a">UAAUG</subfield>
    <subfield code="b">ON_SHELF</subfield>
    <subfield code="c">TD 172 E6353 v.7:no.1 1984</subfield>
    <subfield code="d">PERIODICAL</subfield>
    <subfield code="f">1</subfield>
  </datafield>
  <datafield tag="926" ind1=" " ind2=" ">
    <subfield code="a">UAAUG</subfield>
    <subfield code="b">ON_SHELF</subfield>
    <subfield code="c">TD 172 E6353 v.7:no.2 1984</subfield>
    <subfield code="d">PERIODICAL</subfield>
    <subfield code="f">1</subfield>
  </datafield>
  <datafield tag="926" ind1=" " ind2=" ">
    <subfield code="a">UAAUG</subfield>
    <subfield code="b">ON_SHELF</subfield>
    <subfield code="c">TD 172 E6353 v.7:no.3 1984</subfield>
    <subfield code="d">PERIODICAL</subfield>
    <subfield code="f">1</subfield>
  </datafield>
  <datafield tag="926" ind1=" " ind2=" ">
    <subfield code="a">UAAUG</subfield>
    <subfield code="b">ON_SHELF</subfield>
    <subfield code="c">TD 172 E6353 v.7:no.4 1984</subfield>
    <subfield code="d">PERIODICAL</subfield>
    <subfield code="f">1</subfield>
  </datafield>
  <datafield tag="926" ind1=" " ind2=" ">
    <subfield code="a">UAAUG</subfield>
    <subfield code="b">ON_SHELF</subfield>
    <subfield code="c">TD 172 E6353 v.7:no.5 1984</subfield>
    <subfield code="d">PERIODICAL</subfield>
    <subfield code="f">1</subfield>
  </datafield>
  <datafield tag="926" ind1=" " ind2=" ">
    <subfield code="a">UAAUG</subfield>
    <subfield code="b">ON_SHELF</subfield>
    <subfield code="c">TD 172 E6353 v.8:no.2 1985</subfield>
    <subfield code="d">PERIODICAL</subfield>
    <subfield code="f">1</subfield>
  </datafield>
  <datafield tag="926" ind1=" " ind2=" ">
    <subfield code="a">UAAUG</subfield>
    <subfield code="b">ON_SHELF</subfield>
    <subfield code="c">TD 172 E6353 v.8:no.3 1985</subfield>
    <subfield code="d">PERIODICAL</subfield>
    <subfield code="f">1</subfield>
  </datafield>
  <datafield tag="926" ind1=" " ind2=" ">
    <subfield code="a">UAAUG</subfield>
    <subfield code="b">ON_SHELF</subfield>
    <subfield code="c">TD 172 E6353 v.8:no.5 1986</subfield>
    <subfield code="d">PERIODICAL</subfield>
    <subfield code="f">1</subfield>
  </datafield>
  <datafield tag="926" ind1=" " ind2=" ">
    <subfield code="a">UAAUG</subfield>
    <subfield code="b">ON_SHELF</subfield>
    <subfield code="c">TD 172 E6353 v.9:no.3 1986</subfield>
    <subfield code="d">PERIODICAL</subfield>
    <subfield code="f">1</subfield>
  </datafield>
  <datafield tag="926" ind1=" " ind2=" ">
    <subfield code="a">UAAUG</subfield>
    <subfield code="b">ON_SHELF</subfield>
    <subfield code="c">TD 172 E6353 v.9:no.4 1986</subfield>
    <subfield code="d">PERIODICAL</subfield>
    <subfield code="f">1</subfield>
  </datafield>
  <datafield tag="926" ind1=" " ind2=" ">
    <subfield code="a">UAAUG</subfield>
    <subfield code="b">ON_SHELF</subfield>
    <subfield code="c">TD 172 E6353 v.10:no.1 1987</subfield>
    <subfield code="d">PERIODICAL</subfield>
    <subfield code="f">1</subfield>
  </datafield>
  <datafield tag="926" ind1=" " ind2=" ">
    <subfield code="a">UAAUG</subfield>
    <subfield code="b">ON_SHELF</subfield>
    <subfield code="c">TD 172 E6353 v.10:no.4 1988</subfield>
    <subfield code="d">PERIODICAL</subfield>
    <subfield code="f">1</subfield>
  </datafield>
  <datafield tag="926" ind1=" " ind2=" ">
    <subfield code="a">UAAUG</subfield>
    <subfield code="b">ON_SHELF</subfield>
    <subfield code="c">TD 172 E6353 v.11:no.2 1988</subfield>
    <subfield code="d">PERIODICAL</subfield>
    <subfield code="f">1</subfield>
  </datafield>
  <datafield tag="926" ind1=" " ind2=" ">
    <subfield code="a">UAAUG</subfield>
    <subfield code="b">ON_SHELF</subfield>
    <subfield code="c">TD 172 E6353 v.12:no.2 1989</subfield>
    <subfield code="d">PERIODICAL</subfield>
    <subfield code="f">1</subfield>
  </datafield>
  <datafield tag="926" ind1=" " ind2=" ">
    <subfield code="a">UAAUG</subfield>
    <subfield code="b">ON_SHELF</subfield>
    <subfield code="c">TD 172 E6353 v.12:no.3 1989</subfield>
    <subfield code="d">PERIODICAL</subfield>
    <subfield code="f">1</subfield>
  </datafield>
  <datafield tag="926" ind1=" " ind2=" ">
    <subfield code="a">UAAUG</subfield>
    <subfield code="b">ON_SHELF</subfield>
    <subfield code="c">TD 172 E6353 v.13:no.2 1990</subfield>
    <subfield code="d">PERIODICAL</subfield>
    <subfield code="f">1</subfield>
  </datafield>
  <datafield tag="926" ind1=" " ind2=" ">
    <subfield code="a">UAAUG</subfield>
    <subfield code="b">ON_SHELF</subfield>
    <subfield code="c">TD 172 E6353 v.13:no.3 1990</subfield>
    <subfield code="d">PERIODICAL</subfield>
    <subfield code="f">1</subfield>
  </datafield>
  <datafield tag="926" ind1=" " ind2=" ">
    <subfield code="a">UAAUG</subfield>
    <subfield code="b">ON_SHELF</subfield>
    <subfield code="c">TD 172 E6353 v.13:no.4 1991</subfield>
    <subfield code="d">PERIODICAL</subfield>
    <subfield code="f">1</subfield>
  </datafield>
  <datafield tag="926" ind1=" " ind2=" ">
    <subfield code="a">UAAUG</subfield>
    <subfield code="b">ON_SHELF</subfield>
    <subfield code="c">TD 172 E6353 v.14:no.1 1991</subfield>
    <subfield code="d">PERIODICAL</subfield>
    <subfield code="f">1</subfield>
  </datafield>
  <datafield tag="926" ind1=" " ind2=" ">
    <subfield code="a">UAAUG</subfield>
    <subfield code="b">ON_SHELF</subfield>
    <subfield code="c">TD 172 E6353 v.14:no.2 1991</subfield>
    <subfield code="d">PERIODICAL</subfield>
    <subfield code="f">1</subfield>
  </datafield>
  <datafield tag="926" ind1=" " ind2=" ">
    <subfield code="a">UAAUG</subfield>
    <subfield code="b">ON_SHELF</subfield>
    <subfield code="c">TD 172 E6353 v.14:no.3 1992</subfield>
    <subfield code="d">PERIODICAL</subfield>
    <subfield code="f">1</subfield>
  </datafield>
  <datafield tag="926" ind1=" " ind2=" ">
    <subfield code="a">UAAUG</subfield>
    <subfield code="b">ON_SHELF</subfield>
    <subfield code="c">TD 172 E6353 v.14:no.4 1992</subfield>
    <subfield code="d">PERIODICAL</subfield>
    <subfield code="f">1</subfield>
  </datafield>
  <datafield tag="926" ind1=" " ind2=" ">
    <subfield code="a">UAAUG</subfield>
    <subfield code="b">ON_SHELF</subfield>
    <subfield code="c">TD 172 E6353 v.15:no.1 1992</subfield>
    <subfield code="d">PERIODICAL</subfield>
    <subfield code="f">1</subfield>
  </datafield>
  <datafield tag="926" ind1=" " ind2=" ">
    <subfield code="a">UAAUG</subfield>
    <subfield code="b">ON_SHELF</subfield>
    <subfield code="c">TD 172 E6353 v.15:no.2 1992</subfield>
    <subfield code="d">PERIODICAL</subfield>
    <subfield code="f">1</subfield>
  </datafield>
  <datafield tag="926" ind1=" " ind2=" ">
    <subfield code="a">UAAUG</subfield>
    <subfield code="b">ON_SHELF</subfield>
    <subfield code="c">TD 172 E6353 v.15:no.3 1992</subfield>
    <subfield code="d">PERIODICAL</subfield>
    <subfield code="f">1</subfield>
  </datafield>
  <datafield tag="926" ind1=" " ind2=" ">
    <subfield code="a">UAAUG</subfield>
    <subfield code="b">ON_SHELF</subfield>
    <subfield code="c">TD 172 E6353 v.16:no.1 1993</subfield>
    <subfield code="d">PERIODICAL</subfield>
    <subfield code="f">1</subfield>
  </datafield>
  <datafield tag="926" ind1=" " ind2=" ">
    <subfield code="a">UAAUG</subfield>
    <subfield code="b">ON_SHELF</subfield>
    <subfield code="c">TD 172 E6353 v.16:no.2 1993</subfield>
    <subfield code="d">PERIODICAL</subfield>
    <subfield code="f">1</subfield>
  </datafield>
  <datafield tag="926" ind1=" " ind2=" ">
    <subfield code="a">UAAUG</subfield>
    <subfield code="b">ON_SHELF</subfield>
    <subfield code="c">TD 172 E6353 v.16:no.3 1993</subfield>
    <subfield code="d">PERIODICAL</subfield>
    <subfield code="f">1</subfield>
  </datafield>
  <datafield tag="926" ind1=" " ind2=" ">
    <subfield code="a">UAAUG</subfield>
    <subfield code="b">ON_SHELF</subfield>
    <subfield code="c">TD 172 E6353 v.16:no.4 1993</subfield>
    <subfield code="d">PERIODICAL</subfield>
    <subfield code="f">1</subfield>
  </datafield>
  <datafield tag="926" ind1=" " ind2=" ">
    <subfield code="a">UAAUG</subfield>
    <subfield code="b">ON_SHELF</subfield>
    <subfield code="c">TD 172 E6353 v.17:no.1 1994</subfield>
    <subfield code="d">PERIODICAL</subfield>
    <subfield code="f">1</subfield>
  </datafield>
  <datafield tag="926" ind1=" " ind2=" ">
    <subfield code="a">UAAUG</subfield>
    <subfield code="b">ON_SHELF</subfield>
    <subfield code="c">TD 172 E6353 v.17:no.2 1994</subfield>
    <subfield code="d">PERIODICAL</subfield>
    <subfield code="f">1</subfield>
  </datafield>
  <datafield tag="926" ind1=" " ind2=" ">
    <subfield code="a">UAAUG</subfield>
    <subfield code="b">ON_SHELF</subfield>
    <subfield code="c">TD 172 E6353 v.17:no.3 1995</subfield>
    <subfield code="d">PERIODICAL</subfield>
    <subfield code="f">1</subfield>
  </datafield>
  <datafield tag="926" ind1=" " ind2=" ">
    <subfield code="a">UAAUG</subfield>
    <subfield code="b">ON_SHELF</subfield>
    <subfield code="c">TD 172 E6353 v.18:no.1 1995</subfield>
    <subfield code="d">PERIODICAL</subfield>
    <subfield code="f">1</subfield>
  </datafield>
  <datafield tag="926" ind1=" " ind2=" ">
    <subfield code="a">UAAUG</subfield>
    <subfield code="b">ON_SHELF</subfield>
    <subfield code="c">TD 172 E6353 v.18:no.2 1995</subfield>
    <subfield code="d">PERIODICAL</subfield>
    <subfield code="f">1</subfield>
  </datafield>
  <datafield tag="926" ind1=" " ind2=" ">
    <subfield code="a">UAAUG</subfield>
    <subfield code="b">ON_SHELF</subfield>
    <subfield code="c">TD 172 E6353 v.18:no.3 1996</subfield>
    <subfield code="d">PERIODICAL</subfield>
    <subfield code="f">1</subfield>
  </datafield>
  <datafield tag="926" ind1=" " ind2=" ">
    <subfield code="a">UAAUG</subfield>
    <subfield code="b">ON_SHELF</subfield>
    <subfield code="c">TD 172 E6353 v.18:no.4 1996</subfield>
    <subfield code="d">PERIODICAL</subfield>
    <subfield code="f">1</subfield>
  </datafield>
  <datafield tag="926" ind1=" " ind2=" ">
    <subfield code="a">UAAUG</subfield>
    <subfield code="b">ON_SHELF</subfield>
    <subfield code="c">TD 172 E6353 v.19:no.1 1996</subfield>
    <subfield code="d">PERIODICAL</subfield>
    <subfield code="f">1</subfield>
  </datafield>
  <datafield tag="926" ind1=" " ind2=" ">
    <subfield code="a">UAAUG</subfield>
    <subfield code="b">ON_SHELF</subfield>
    <subfield code="c">TD 172 E6353 v.19:no.2 1996</subfield>
    <subfield code="d">PERIODICAL</subfield>
    <subfield code="f">1</subfield>
  </datafield>
  <datafield tag="926" ind1=" " ind2=" ">
    <subfield code="a">CONCORDIA</subfield>
    <subfield code="b">PERIODICAL</subfield>
    <subfield code="c">Library has holdings</subfield>
    <subfield code="d">PERIODICAL</subfield>
    <subfield code="f">1</subfield>
  </datafield>
  <datafield tag="926" ind1=" " ind2=" ">
    <subfield code="a">GPRC</subfield>
    <subfield code="b">CLOSESTACK</subfield>
    <subfield code="c">Library has holdings</subfield>
    <subfield code="d">PERIODICAL</subfield>
    <subfield code="f">1</subfield>
  </datafield>
  <datafield tag="926" ind1=" " ind2=" ">
    <subfield code="a">KINGS</subfield>
    <subfield code="b">PERIODICAL</subfield>
    <subfield code="c">TD 172</subfield>
    <subfield code="d">PERIODICAL</subfield>
    <subfield code="f">1</subfield>
  </datafield>
  <datafield tag="926" ind1=" " ind2=" ">
    <subfield code="a">OLDS</subfield>
    <subfield code="b">PERIODICAL</subfield>
    <subfield code="c">Library has holdings</subfield>
    <subfield code="d">PERIODICAL</subfield>
    <subfield code="f">1</subfield>
  </datafield>
  <datafield tag="926" ind1=" " ind2=" ">
    <subfield code="a">UABARD</subfield>
    <subfield code="b">ON_SHELF</subfield>
    <subfield code="c">TD 172 E6353 v.1 1978/1979</subfield>
    <subfield code="d">PERIODICAL</subfield>
    <subfield code="f">1</subfield>
  </datafield>
  <datafield tag="926" ind1=" " ind2=" ">
    <subfield code="a">UABARD</subfield>
    <subfield code="b">ON_SHELF</subfield>
    <subfield code="c">TD 172 E6353 v.1:no.1 1978</subfield>
    <subfield code="d">PERIODICAL</subfield>
    <subfield code="f">1</subfield>
  </datafield>
  <datafield tag="926" ind1=" " ind2=" ">
    <subfield code="a">UABARD</subfield>
    <subfield code="b">ON_SHELF</subfield>
    <subfield code="c">TD 172 E6353 v.1:no.2 1978</subfield>
    <subfield code="d">PERIODICAL</subfield>
    <subfield code="f">1</subfield>
  </datafield>
  <datafield tag="926" ind1=" " ind2=" ">
    <subfield code="a">UABARD</subfield>
    <subfield code="b">ON_SHELF</subfield>
    <subfield code="c">TD 172 E6353 v.1:no.3 1978</subfield>
    <subfield code="d">PERIODICAL</subfield>
    <subfield code="f">1</subfield>
  </datafield>
  <datafield tag="926" ind1=" " ind2=" ">
    <subfield code="a">UABARD</subfield>
    <subfield code="b">ON_SHELF</subfield>
    <subfield code="c">TD 172 E6353 v.1:no.4 1978</subfield>
    <subfield code="d">PERIODICAL</subfield>
    <subfield code="f">1</subfield>
  </datafield>
  <datafield tag="926" ind1=" " ind2=" ">
    <subfield code="a">UABARD</subfield>
    <subfield code="b">LIBUSE</subfield>
    <subfield code="c">TD 172 E6353 v.2 1979/1980</subfield>
    <subfield code="d">PERIODICAL</subfield>
    <subfield code="e">6/2/2014</subfield>
    <subfield code="f">1</subfield>
  </datafield>
  <datafield tag="926" ind1=" " ind2=" ">
    <subfield code="a">UABARD</subfield>
    <subfield code="b">ON_SHELF</subfield>
    <subfield code="c">TD 172 E6353 v.2 1979/1980</subfield>
    <subfield code="d">PERIODICAL</subfield>
    <subfield code="f">2</subfield>
  </datafield>
  <datafield tag="926" ind1=" " ind2=" ">
    <subfield code="a">UABARD</subfield>
    <subfield code="b">LIBUSE</subfield>
    <subfield code="c">TD 172 E6353 v.3 1980/1981</subfield>
    <subfield code="d">PERIODICAL</subfield>
    <subfield code="e">6/2/2014</subfield>
    <subfield code="f">1</subfield>
  </datafield>
  <datafield tag="926" ind1=" " ind2=" ">
    <subfield code="a">UAEDUC</subfield>
    <subfield code="b">CURRICULUM</subfield>
    <subfield code="c">TD 172 E6353 v.12-13 1989-1991</subfield>
    <subfield code="d">PERIODICAL</subfield>
    <subfield code="f">1</subfield>
  </datafield>
  <datafield tag="926" ind1=" " ind2=" ">
    <subfield code="a">UAEDUC</subfield>
    <subfield code="b">CURRICULUM</subfield>
    <subfield code="c">TD 172 E6353 v.14 1991/1992</subfield>
    <subfield code="d">PERIODICAL</subfield>
    <subfield code="f">1</subfield>
  </datafield>
  <datafield tag="926" ind1=" " ind2=" ">
    <subfield code="a">UAEDUC</subfield>
    <subfield code="b">CURRICULUM</subfield>
    <subfield code="c">TD 172 E6353 v.14:no.3 1992</subfield>
    <subfield code="d">PERIODICAL</subfield>
    <subfield code="f">1</subfield>
  </datafield>
  <datafield tag="926" ind1=" " ind2=" ">
    <subfield code="a">UAEDUC</subfield>
    <subfield code="b">CURRICULUM</subfield>
    <subfield code="c">TD 172 E6353 v.15-16 1992-1994</subfield>
    <subfield code="d">PERIODICAL</subfield>
    <subfield code="f">1</subfield>
  </datafield>
  <datafield tag="926" ind1=" " ind2=" ">
    <subfield code="a">UAEDUC</subfield>
    <subfield code="b">CURRICULUM</subfield>
    <subfield code="c">TD 172 E6353 v.17: no.1 1994</subfield>
    <subfield code="d">PERIODICAL</subfield>
    <subfield code="f">1</subfield>
  </datafield>
  <datafield tag="926" ind1=" " ind2=" ">
    <subfield code="a">UAEDUC</subfield>
    <subfield code="b">CURRICULUM</subfield>
    <subfield code="c">TD 172 E6353 v.17: no.2 1994</subfield>
    <subfield code="d">PERIODICAL</subfield>
    <subfield code="f">1</subfield>
  </datafield>
  <datafield tag="926" ind1=" " ind2=" ">
    <subfield code="a">UAEDUC</subfield>
    <subfield code="b">CURRICULUM</subfield>
    <subfield code="c">TD 172 E6353 v.17: no.3 1995</subfield>
    <subfield code="d">PERIODICAL</subfield>
    <subfield code="f">1</subfield>
  </datafield>
  <datafield tag="926" ind1=" " ind2=" ">
    <subfield code="a">UAEDUC</subfield>
    <subfield code="b">CURRICULUM</subfield>
    <subfield code="c">TD 172 E6353 v.18: no.1 1995</subfield>
    <subfield code="d">PERIODICAL</subfield>
    <subfield code="f">1</subfield>
  </datafield>
  <datafield tag="926" ind1=" " ind2=" ">
    <subfield code="a">UAEDUC</subfield>
    <subfield code="b">CURRICULUM</subfield>
    <subfield code="c">TD 172 E6353 v.18: no.2 1995</subfield>
    <subfield code="d">PERIODICAL</subfield>
    <subfield code="f">1</subfield>
  </datafield>
  <datafield tag="926" ind1=" " ind2=" ">
    <subfield code="a">UASCITECH</subfield>
    <subfield code="b">ON_SHELF</subfield>
    <subfield code="c">TD 172 E6353 v.6-7 1983-1984</subfield>
    <subfield code="d">PERIODICAL</subfield>
    <subfield code="f">1</subfield>
  </datafield>
  <datafield tag="926" ind1=" " ind2=" ">
    <subfield code="a">UASCITECH</subfield>
    <subfield code="b">ON_SHELF</subfield>
    <subfield code="c">TD 172 E6353 v.8-9 1985-1986</subfield>
    <subfield code="d">PERIODICAL</subfield>
    <subfield code="f">1</subfield>
  </datafield>
  <datafield tag="926" ind1=" " ind2=" ">
    <subfield code="a">UASCITECH</subfield>
    <subfield code="b">LIBUSE</subfield>
    <subfield code="c">TD 172 E6353 v.10-11 1987-1989</subfield>
    <subfield code="d">PERIODICAL</subfield>
    <subfield code="e">5/31/2014</subfield>
    <subfield code="f">1</subfield>
  </datafield>
  <datafield tag="926" ind1=" " ind2=" ">
    <subfield code="a">UASCITECH</subfield>
    <subfield code="b">ON_SHELF</subfield>
    <subfield code="c">TD 172 E6353 v.12 1989</subfield>
    <subfield code="d">PERIODICAL</subfield>
    <subfield code="f">1</subfield>
  </datafield>
  <datafield tag="926" ind1=" " ind2=" ">
    <subfield code="a">UASCITECH</subfield>
    <subfield code="b">LIBUSE</subfield>
    <subfield code="c">TD 172 E6353 v.13-14 1990-1992</subfield>
    <subfield code="d">PERIODICAL</subfield>
    <subfield code="e">5/31/2014</subfield>
    <subfield code="f">1</subfield>
  </datafield>
  <datafield tag="926" ind1=" " ind2=" ">
    <subfield code="a">UASCITECH</subfield>
    <subfield code="b">ON_SHELF</subfield>
    <subfield code="c">TD 172 E6353 v.15 1992/1993</subfield>
    <subfield code="d">PERIODICAL</subfield>
    <subfield code="f">1</subfield>
  </datafield>
  <datafield tag="926" ind1=" " ind2=" ">
    <subfield code="a">UASCITECH</subfield>
    <subfield code="b">LIBUSE</subfield>
    <subfield code="c">TD 172 E6353 v.16-17 1993-1995</subfield>
    <subfield code="d">PERIODICAL</subfield>
    <subfield code="e">5/31/2014</subfield>
    <subfield code="f">1</subfield>
  </datafield>
  <datafield tag="926" ind1=" " ind2=" ">
    <subfield code="a">UASCITECH</subfield>
    <subfield code="b">ON_SHELF</subfield>
    <subfield code="c">TD 172 E6353 v.18: no.1-2 1995</subfield>
    <subfield code="d">PERIODICAL</subfield>
    <subfield code="f">1</subfield>
  </datafield>
  <datafield tag="926" ind1=" " ind2=" ">
    <subfield code="a">UASCITECH</subfield>
    <subfield code="b">ON_SHELF</subfield>
    <subfield code="c">TD 172 E6353 v.19: no.2 1996</subfield>
    <subfield code="d">PERIODICAL</subfield>
    <subfield code="f">1</subfield>
  </datafield>
  <datafield tag="926" ind1=" " ind2=" ">
    <subfield code="a">UASCITECH</subfield>
    <subfield code="b">ON_SHELF</subfield>
    <subfield code="c">TD 172 E6353 v.19: no.5 1996</subfield>
    <subfield code="d">PERIODICAL</subfield>
    <subfield code="f">1</subfield>
  </datafield>
  <datafield tag="927" ind1=" " ind2=" ">
    <subfield code="a">AGL_GWL</subfield>
  </datafield>
  <datafield tag="927" ind1=" " ind2=" ">
    <subfield code="b">Location</subfield>
    <subfield code="c">PERIODICAL-- SHELVED BY TITLE</subfield>
  </datafield>
  <datafield tag="927" ind1=" " ind2=" ">
    <subfield code="b">Library has</subfield>
    <subfield code="c">v.1 (1978)-v.18 (1996)</subfield>
  </datafield>
  <datafield tag="927" ind1=" " ind2=" ">
    <subfield code="a">AITF_VEG</subfield>
  </datafield>
  <datafield tag="927" ind1=" " ind2=" ">
    <subfield code="b">Location</subfield>
    <subfield code="c">PERIODICAL-- SHELVED BY TITLE</subfield>
  </datafield>
  <datafield tag="927" ind1=" " ind2=" ">
    <subfield code="b">Library has</subfield>
    <subfield code="c">v.1(1978)-v.19(1996)</subfield>
  </datafield>
  <datafield tag="927" ind1=" " ind2=" ">
    <subfield code="a">CONCORDIA</subfield>
  </datafield>
  <datafield tag="927" ind1=" " ind2=" ">
    <subfield code="b">Location</subfield>
    <subfield code="c">PERIODICAL-- SHELVED BY TITLE</subfield>
  </datafield>
  <datafield tag="927" ind1=" " ind2=" ">
    <subfield code="b">Library has</subfield>
    <subfield code="c">v.2(1980)-v.19 (1996) Incomplete: v.2:1-4; v.3:1; v.4:1&amp;5-6; v.9:1-2&amp;4; v.12:2; v.13:1; v.17:3-4; v.18:2; v.19:1&amp;3-4</subfield>
  </datafield>
  <datafield tag="927" ind1=" " ind2=" ">
    <subfield code="a">GPRC</subfield>
  </datafield>
  <datafield tag="927" ind1=" " ind2=" ">
    <subfield code="b">Location</subfield>
    <subfield code="c">CLOSESTACK-- Shelved by title</subfield>
  </datafield>
  <datafield tag="927" ind1=" " ind2=" ">
    <subfield code="b">Library has</subfield>
    <subfield code="c">v.1(1978)-v.2(1980), v.4(1981)-v.18(1995) Incomplete: v.2,4,11</subfield>
  </datafield>
  <datafield tag="927" ind1=" " ind2=" ">
    <subfield code="a">KINGS</subfield>
  </datafield>
  <datafield tag="927" ind1=" " ind2=" ">
    <subfield code="b">Location</subfield>
    <subfield code="c">PERIODICAL-- TD 172 E6353</subfield>
  </datafield>
  <datafield tag="927" ind1=" " ind2=" ">
    <subfield code="b">Library has</subfield>
    <subfield code="c">v.1 (1978)-v.18 (1996)</subfield>
  </datafield>
  <datafield tag="927" ind1=" " ind2=" ">
    <subfield code="a">OLDS</subfield>
  </datafield>
  <datafield tag="927" ind1=" " ind2=" ">
    <subfield code="b">Location</subfield>
    <subfield code="c">PERIODICAL-- SHELVED BY TITLE</subfield>
  </datafield>
  <datafield tag="927" ind1=" " ind2=" ">
    <subfield code="b">Library has</subfield>
    <subfield code="c">v.1 (1978)-v.18 (1995) # Incomplete: v.1, 12, 15, 17</subfield>
  </datafield>
  <datafield tag="927" ind1=" " ind2=" ">
    <subfield code="a">UAAUG</subfield>
  </datafield>
  <datafield tag="927" ind1=" " ind2=" ">
    <subfield code="b">Location</subfield>
    <subfield code="c">ON_SHELF-- TD 172 E6353</subfield>
  </datafield>
  <datafield tag="927" ind1=" " ind2=" ">
    <subfield code="b">Library has</subfield>
    <subfield code="c">v.2(1980),v.6(1983)-v.19(1996) Incomplete:v.2,6-8,10-12,15,19</subfield>
  </datafield>
  <datafield tag="927" ind1=" " ind2=" ">
    <subfield code="a">UAEDUC</subfield>
  </datafield>
  <datafield tag="927" ind1=" " ind2=" ">
    <subfield code="b">Location</subfield>
    <subfield code="c">CURRICULUM-- TD 172 E6353</subfield>
  </datafield>
  <datafield tag="927" ind1=" " ind2=" ">
    <subfield code="b">Library has</subfield>
    <subfield code="c">v.12(1989)-v.18(1995)</subfield>
  </datafield>
  <datafield tag="927" ind1=" " ind2=" ">
    <subfield code="a">UASCITECH</subfield>
  </datafield>
  <datafield tag="927" ind1=" " ind2=" ">
    <subfield code="b">Location</subfield>
    <subfield code="c">ON_SHELF-- TD 172 E6353</subfield>
  </datafield>
  <datafield tag="927" ind1=" " ind2=" ">
    <subfield code="b">Library has</subfield>
    <subfield code="c">v.1(1978/1979)-v.19(1996) Incomplete:v.19</subfield>
  </datafield>
</record>
