<record xmlns="http://www.loc.gov/MARC21/slim">
  <leader>03412cas a2200673 a 4500</leader>
  <controlfield tag="001">1777120</controlfield>
  <controlfield tag="005">19920730152731.0</controlfield>
  <controlfield tag="008">920730d19902001abcfr        s0   b0fre d</controlfield>
  <datafield tag="010" ind1=" " ind2=" ">
    <subfield code="a">cn 92081731</subfield>
  </datafield>
  <datafield tag="022" ind1="0" ind2=" ">
    <subfield code="a">1193-0063</subfield>
  </datafield>
  <datafield tag="035" ind1=" " ind2=" ">
    <subfield code="a">ocm26290553</subfield>
  </datafield>
  <datafield tag="040" ind1=" " ind2=" ">
    <subfield code="a">CaOONL</subfield>
    <subfield code="b">fre</subfield>
    <subfield code="c">CaOONL</subfield>
    <subfield code="d">AEUSJ</subfield>
  </datafield>
  <datafield tag="042" ind1=" " ind2=" ">
    <subfield code="a">nlc</subfield>
    <subfield code="a">isds/c</subfield>
  </datafield>
  <datafield tag="082" ind1="1" ind2=" ">
    <subfield code="a">448</subfield>
    <subfield code="2">12</subfield>
  </datafield>
  <datafield tag="090" ind1=" " ind2=" ">
    <subfield code="a">448.076 E93</subfield>
    <subfield code="b">AEUSJ</subfield>
  </datafield>
  <datafield tag="210" ind1="0" ind2=" ">
    <subfield code="a">Exam. vue diplôme 12e année Fr. 30 Partie B Compr. écrite Choix mult.</subfield>
  </datafield>
  <datafield tag="222" ind1=" " ind2="0">
    <subfield code="a">Examen en vue du diplôme 12e année. Français 30, Partie B, Compréhension écrite, Choix mult.</subfield>
  </datafield>
  <datafield tag="245" ind1="0" ind2="0">
    <subfield code="a">Examen en vue du diplôme douzième année.</subfield>
    <subfield code="p">Français 30.</subfield>
    <subfield code="n">Partie B,</subfield>
    <subfield code="p">Compréhension écrite (choix multiples).</subfield>
  </datafield>
  <datafield tag="246" ind1="3" ind2="0">
    <subfield code="a">Français 30.</subfield>
    <subfield code="n">Partie B,</subfield>
    <subfield code="p">Compréhension écrite (choix multiples).</subfield>
  </datafield>
  <datafield tag="246" ind1="1" ind2=" ">
    <subfield code="i">Les livr. de &lt;janv. 1992&gt;- portent le titre:</subfield>
    <subfield code="a">Examen en vue du diplôme 12e année.</subfield>
    <subfield code="p">Français 30.</subfield>
    <subfield code="n">Partie B,</subfield>
    <subfield code="p">Compréhension écrite.</subfield>
  </datafield>
  <datafield tag="260" ind1=" " ind2=" ">
    <subfield code="a">Edmonton :</subfield>
    <subfield code="b">Alberta Education,</subfield>
    <subfield code="c">c1990-</subfield>
  </datafield>
  <datafield tag="300" ind1=" " ind2=" ">
    <subfield code="a">v. ;</subfield>
    <subfield code="c">28 cm.</subfield>
  </datafield>
  <datafield tag="310" ind1=" " ind2=" ">
    <subfield code="a">2 fois par année (janv. et juin)</subfield>
  </datafield>
  <datafield tag="336" ind1=" " ind2=" ">
    <subfield code="a">text</subfield>
    <subfield code="b">txt</subfield>
    <subfield code="2">rdacontent</subfield>
  </datafield>
  <datafield tag="337" ind1=" " ind2=" ">
    <subfield code="a">unmediated</subfield>
    <subfield code="b">n</subfield>
    <subfield code="2">rdamedia</subfield>
  </datafield>
  <datafield tag="338" ind1=" " ind2=" ">
    <subfield code="a">volume</subfield>
    <subfield code="b">nc</subfield>
    <subfield code="2">rdacarrier</subfield>
  </datafield>
  <datafield tag="362" ind1="0" ind2=" ">
    <subfield code="a">Janv. 1990-</subfield>
  </datafield>
  <datafield tag="362" ind1="1" ind2=" ">
    <subfield code="a">Ceased with juin 2001?</subfield>
  </datafield>
  <datafield tag="500" ind1=" " ind2=" ">
    <subfield code="a">Titre de la couv.</subfield>
  </datafield>
  <datafield tag="515" ind1=" " ind2=" ">
    <subfield code="a">Chaque examen comporte 2 livrets: Livret de textes -- Livret de questions.</subfield>
  </datafield>
  <datafield tag="550" ind1=" " ind2=" ">
    <subfield code="a">Publ. par: Student Evaluation Branch.</subfield>
  </datafield>
  <datafield tag="580" ind1=" " ind2=" ">
    <subfield code="a">Issued in conjunction with: Examen en vue du diplôme douzième année. Français 30. Partie A, Production écrite.</subfield>
  </datafield>
  <datafield tag="590" ind1=" " ind2=" ">
    <subfield code="a">Approved for use in Alberta schools.</subfield>
  </datafield>
  <datafield tag="596" ind1=" " ind2=" ">
    <subfield code="a">38 39</subfield>
  </datafield>
  <datafield tag="650" ind1=" " ind2="6">
    <subfield code="a">Français (Langue)</subfield>
    <subfield code="z">Alberta</subfield>
    <subfield code="x">Examens</subfield>
    <subfield code="x">Périodiques.</subfield>
  </datafield>
  <datafield tag="650" ind1=" " ind2="6">
    <subfield code="a">Douzième année (Éducation)</subfield>
    <subfield code="z">Alberta</subfield>
    <subfield code="x">Examens</subfield>
    <subfield code="x">Périodiques.</subfield>
  </datafield>
  <datafield tag="650" ind1=" " ind2="6">
    <subfield code="a">Examens</subfield>
    <subfield code="z">Alberta</subfield>
    <subfield code="x">Périodiques.</subfield>
  </datafield>
  <datafield tag="710" ind1="1" ind2=" ">
    <subfield code="a">Alberta.</subfield>
    <subfield code="b">Alberta Education.</subfield>
  </datafield>
  <datafield tag="710" ind1="1" ind2=" ">
    <subfield code="a">Alberta.</subfield>
    <subfield code="b">Student Evaluation Branch.</subfield>
  </datafield>
  <datafield tag="787" ind1="0" ind2=" ">
    <subfield code="t">Examen en vue du diplôme douzième année. Français 30. Partie A, Production écrite</subfield>
    <subfield code="x">1193-0055</subfield>
  </datafield>
  <datafield tag="940" ind1=" " ind2=" ">
    <subfield code="a">NO EJOURNAL HOLDINGS</subfield>
  </datafield>
  <datafield tag="926" ind1=" " ind2=" ">
    <subfield code="a">UABARD</subfield>
    <subfield code="b">ON_SHELF</subfield>
    <subfield code="c">448.076 E93 1991:janv.:quest</subfield>
    <subfield code="d">BOOK</subfield>
    <subfield code="f">1</subfield>
  </datafield>
  <datafield tag="926" ind1=" " ind2=" ">
    <subfield code="a">UABARD</subfield>
    <subfield code="b">ON_SHELF</subfield>
    <subfield code="c">448.076 E93 1992:janv.:quest</subfield>
    <subfield code="d">BOOK</subfield>
    <subfield code="f">1</subfield>
  </datafield>
  <datafield tag="926" ind1=" " ind2=" ">
    <subfield code="a">UABARD</subfield>
    <subfield code="b">ON_SHELF</subfield>
    <subfield code="c">448.076 E93 1992:janv.:quest</subfield>
    <subfield code="d">BOOK</subfield>
    <subfield code="f">2</subfield>
  </datafield>
  <datafield tag="926" ind1=" " ind2=" ">
    <subfield code="a">UABARD</subfield>
    <subfield code="b">ON_SHELF</subfield>
    <subfield code="c">448.076 E93 1992:janv.:textes</subfield>
    <subfield code="d">BOOK</subfield>
    <subfield code="f">1</subfield>
  </datafield>
  <datafield tag="926" ind1=" " ind2=" ">
    <subfield code="a">UABARD</subfield>
    <subfield code="b">ON_SHELF</subfield>
    <subfield code="c">448.076 E93 1992:janv.:textes</subfield>
    <subfield code="d">BOOK</subfield>
    <subfield code="f">2</subfield>
  </datafield>
  <datafield tag="926" ind1=" " ind2=" ">
    <subfield code="a">UABARD</subfield>
    <subfield code="b">ON_SHELF</subfield>
    <subfield code="c">448.076 E93 2001:juin:textes</subfield>
    <subfield code="d">BOOK</subfield>
    <subfield code="f">1</subfield>
  </datafield>
  <datafield tag="926" ind1=" " ind2=" ">
    <subfield code="a">UABSJ</subfield>
    <subfield code="b">SPECIALCOL</subfield>
    <subfield code="c">448.076 E93 1990:janv.:quest</subfield>
    <subfield code="d">NO_LOAN</subfield>
    <subfield code="f">1</subfield>
  </datafield>
  <datafield tag="926" ind1=" " ind2=" ">
    <subfield code="a">UABSJ</subfield>
    <subfield code="b">SPECIALCOL</subfield>
    <subfield code="c">448.076 E93 1990:janv.:textes</subfield>
    <subfield code="d">NO_LOAN</subfield>
    <subfield code="f">1</subfield>
  </datafield>
  <datafield tag="926" ind1=" " ind2=" ">
    <subfield code="a">UABSJ</subfield>
    <subfield code="b">SPECIALCOL</subfield>
    <subfield code="c">448.076 E93 1991:janv.:quest</subfield>
    <subfield code="d">NO_LOAN</subfield>
    <subfield code="f">2</subfield>
  </datafield>
  <datafield tag="926" ind1=" " ind2=" ">
    <subfield code="a">UABSJ</subfield>
    <subfield code="b">SPECIALCOL</subfield>
    <subfield code="c">448.076 E93 1991:janv.:textes</subfield>
    <subfield code="d">NO_LOAN</subfield>
    <subfield code="f">1</subfield>
  </datafield>
  <datafield tag="926" ind1=" " ind2=" ">
    <subfield code="a">UABSJ</subfield>
    <subfield code="b">SPECIALCOL</subfield>
    <subfield code="c">448.076 E93 1991:juin:quest</subfield>
    <subfield code="d">NO_LOAN</subfield>
    <subfield code="f">1</subfield>
  </datafield>
  <datafield tag="926" ind1=" " ind2=" ">
    <subfield code="a">UABSJ</subfield>
    <subfield code="b">SPECIALCOL</subfield>
    <subfield code="c">448.076 E93 1991:juin:textes</subfield>
    <subfield code="d">NO_LOAN</subfield>
    <subfield code="f">1</subfield>
  </datafield>
  <datafield tag="926" ind1=" " ind2=" ">
    <subfield code="a">UABSJ</subfield>
    <subfield code="b">SPECIALCOL</subfield>
    <subfield code="c">448.076 E93 1992:janv.:quest</subfield>
    <subfield code="d">NO_LOAN</subfield>
    <subfield code="f">3</subfield>
  </datafield>
  <datafield tag="926" ind1=" " ind2=" ">
    <subfield code="a">UABSJ</subfield>
    <subfield code="b">SPECIALCOL</subfield>
    <subfield code="c">448.076 E93 1992:janv.:textes</subfield>
    <subfield code="d">NO_LOAN</subfield>
    <subfield code="f">3</subfield>
  </datafield>
  <datafield tag="926" ind1=" " ind2=" ">
    <subfield code="a">UABSJ</subfield>
    <subfield code="b">SPECIALCOL</subfield>
    <subfield code="c">448.076 E93 2001:juin:quest</subfield>
    <subfield code="d">NO_LOAN</subfield>
    <subfield code="f">1</subfield>
  </datafield>
  <datafield tag="927" ind1=" " ind2=" ">
    <subfield code="a">UABSJ</subfield>
  </datafield>
  <datafield tag="927" ind1=" " ind2=" ">
    <subfield code="b">Location</subfield>
    <subfield code="c">SPECIALCOL-- 448.076 E93</subfield>
  </datafield>
  <datafield tag="927" ind1=" " ind2=" ">
    <subfield code="b">Library has</subfield>
    <subfield code="c">1990-1992 Le premier exemplaire est dans la collection pďagogique historique; les autres sont dans la collection pďagogique gňřale.</subfield>
  </datafield>
</record>
