<record xmlns="http://www.loc.gov/MARC21/slim">
  <leader>01413cas a2200361 a 4500</leader>
  <controlfield tag="001">2355008</controlfield>
  <controlfield tag="008">920730d19871988abcfx        s0     fre d</controlfield>
  <datafield tag="040" ind1=" " ind2=" ">
    <subfield code="a">AEUSJ</subfield>
    <subfield code="b">eng</subfield>
  </datafield>
  <datafield tag="043" ind1=" " ind2=" ">
    <subfield code="a">n-cn-ab</subfield>
  </datafield>
  <datafield tag="090" ind1=" " ind2=" ">
    <subfield code="a">448.076 E82</subfield>
    <subfield code="b">AEUSJ</subfield>
  </datafield>
  <datafield tag="245" ind1="0" ind2="0">
    <subfield code="a">Examen en vue du diplôme douzième année.</subfield>
    <subfield code="p">Langue et littérature 30.</subfield>
    <subfield code="n">Partie A,</subfield>
    <subfield code="p">Composition.</subfield>
  </datafield>
  <datafield tag="246" ind1="3" ind2=" ">
    <subfield code="a">Examen en vue du diplôme 12e année.</subfield>
    <subfield code="p">Langue et littérature 30.</subfield>
    <subfield code="n">Partie A,</subfield>
    <subfield code="p">Composition</subfield>
  </datafield>
  <datafield tag="246" ind1="3" ind2="0">
    <subfield code="a">Langue et littérature 30.</subfield>
    <subfield code="n">Partie A,</subfield>
    <subfield code="p">Composition</subfield>
  </datafield>
  <datafield tag="260" ind1=" " ind2=" ">
    <subfield code="a">[Edmonton] :</subfield>
    <subfield code="b">Alberta Education,</subfield>
    <subfield code="c">[1987-1988]</subfield>
  </datafield>
  <datafield tag="300" ind1=" " ind2=" ">
    <subfield code="a">4 v. ;</subfield>
    <subfield code="c">28 cm.</subfield>
  </datafield>
  <datafield tag="310" ind1=" " ind2=" ">
    <subfield code="a">2 fois par année (janv. et juin)</subfield>
  </datafield>
  <datafield tag="336" ind1=" " ind2=" ">
    <subfield code="a">text</subfield>
    <subfield code="b">txt</subfield>
    <subfield code="2">rdacontent</subfield>
  </datafield>
  <datafield tag="337" ind1=" " ind2=" ">
    <subfield code="a">unmediated</subfield>
    <subfield code="b">n</subfield>
    <subfield code="2">rdamedia</subfield>
  </datafield>
  <datafield tag="338" ind1=" " ind2=" ">
    <subfield code="a">volume</subfield>
    <subfield code="b">nc</subfield>
    <subfield code="2">rdacarrier</subfield>
  </datafield>
  <datafield tag="362" ind1="0" ind2=" ">
    <subfield code="a">Janv. 1987-juin 1988.</subfield>
  </datafield>
  <datafield tag="500" ind1=" " ind2=" ">
    <subfield code="a">Titre de la couv.</subfield>
  </datafield>
  <datafield tag="596" ind1=" " ind2=" ">
    <subfield code="a">39</subfield>
  </datafield>
  <datafield tag="650" ind1=" " ind2="6">
    <subfield code="a">Français (Langue)</subfield>
    <subfield code="z">Alberta</subfield>
    <subfield code="v">Examens.</subfield>
  </datafield>
  <datafield tag="650" ind1=" " ind2="6">
    <subfield code="a">Douzième année (Éducation)</subfield>
    <subfield code="z">Alberta</subfield>
    <subfield code="v">Examens.</subfield>
  </datafield>
  <datafield tag="710" ind1="1" ind2=" ">
    <subfield code="a">Alberta.</subfield>
    <subfield code="b">Alberta Education.</subfield>
  </datafield>
  <datafield tag="940" ind1=" " ind2=" ">
    <subfield code="a">NO EJOURNAL HOLDINGS</subfield>
  </datafield>
  <datafield tag="926" ind1=" " ind2=" ">
    <subfield code="a">UABSJ</subfield>
    <subfield code="b">SPECIALCOL</subfield>
    <subfield code="c">448.076 E82 1987:janv.</subfield>
    <subfield code="d">NO_LOAN</subfield>
    <subfield code="f">1</subfield>
  </datafield>
  <datafield tag="926" ind1=" " ind2=" ">
    <subfield code="a">UABSJ</subfield>
    <subfield code="b">SPECIALCOL</subfield>
    <subfield code="c">448.076 E82 1987:juin</subfield>
    <subfield code="d">NO_LOAN</subfield>
    <subfield code="f">1</subfield>
  </datafield>
  <datafield tag="926" ind1=" " ind2=" ">
    <subfield code="a">UABSJ</subfield>
    <subfield code="b">SPECIALCOL</subfield>
    <subfield code="c">448.076 E82 1988:janv.</subfield>
    <subfield code="d">NO_LOAN</subfield>
    <subfield code="f">1</subfield>
  </datafield>
  <datafield tag="926" ind1=" " ind2=" ">
    <subfield code="a">UABSJ</subfield>
    <subfield code="b">SPECIALCOL</subfield>
    <subfield code="c">448.076 E82 1988:juin</subfield>
    <subfield code="d">NO_LOAN</subfield>
    <subfield code="f">1</subfield>
  </datafield>
  <datafield tag="927" ind1=" " ind2=" ">
    <subfield code="a">UABSJ</subfield>
  </datafield>
  <datafield tag="927" ind1=" " ind2=" ">
    <subfield code="b">Location</subfield>
    <subfield code="c">SPECIALCOL-- 448.076 E82</subfield>
  </datafield>
  <datafield tag="927" ind1=" " ind2=" ">
    <subfield code="b">Library has</subfield>
    <subfield code="c">1987-1988</subfield>
  </datafield>
</record>
