<record xmlns="http://www.loc.gov/MARC21/slim">
  <leader>02137cas a2200457 a 4500</leader>
  <controlfield tag="001">1771428</controlfield>
  <controlfield tag="008">960205d19931995abcuu        s0     fre d</controlfield>
  <datafield tag="022" ind1=" " ind2=" ">
    <subfield code="a">1207-425X</subfield>
  </datafield>
  <datafield tag="035" ind1=" " ind2=" ">
    <subfield code="a">ocn698127665</subfield>
  </datafield>
  <datafield tag="040" ind1=" " ind2=" ">
    <subfield code="a">AEUSJ</subfield>
    <subfield code="b">eng</subfield>
  </datafield>
  <datafield tag="043" ind1=" " ind2=" ">
    <subfield code="a">n-cn-ab</subfield>
  </datafield>
  <datafield tag="090" ind1=" " ind2=" ">
    <subfield code="a">440.076 F73</subfield>
    <subfield code="b">AEUSJ</subfield>
  </datafield>
  <datafield tag="245" ind1="0" ind2="0">
    <subfield code="a">Français 30, résultats de l&apos;examen en vue du diplôme, rapport des examinateurs pour ...</subfield>
  </datafield>
  <datafield tag="246" ind1="2" ind2=" ">
    <subfield code="a">Résultats de l&apos;examen en vue du diplôme, rapport des examinateurs pour ...</subfield>
    <subfield code="p">Français 30.</subfield>
  </datafield>
  <datafield tag="260" ind1=" " ind2=" ">
    <subfield code="a">[Edmonton] :</subfield>
    <subfield code="b">Alberta Education, Student Evaluation Branch,</subfield>
    <subfield code="c">[1993-1995?]</subfield>
  </datafield>
  <datafield tag="300" ind1=" " ind2=" ">
    <subfield code="a">v. :</subfield>
    <subfield code="b">ill. ;</subfield>
    <subfield code="c">28 cm.</subfield>
  </datafield>
  <datafield tag="310" ind1=" " ind2=" ">
    <subfield code="a">Semestriel.</subfield>
  </datafield>
  <datafield tag="336" ind1=" " ind2=" ">
    <subfield code="a">text</subfield>
    <subfield code="b">txt</subfield>
    <subfield code="2">rdacontent</subfield>
  </datafield>
  <datafield tag="337" ind1=" " ind2=" ">
    <subfield code="a">unmediated</subfield>
    <subfield code="b">n</subfield>
    <subfield code="2">rdamedia</subfield>
  </datafield>
  <datafield tag="338" ind1=" " ind2=" ">
    <subfield code="a">volume</subfield>
    <subfield code="b">nc</subfield>
    <subfield code="2">rdacarrier</subfield>
  </datafield>
  <datafield tag="362" ind1="1" ind2=" ">
    <subfield code="a">Janv. et juin 1993; ne paraît plus après la livr. de 1995?</subfield>
  </datafield>
  <datafield tag="500" ind1=" " ind2=" ">
    <subfield code="a">Description d&apos;après: Juin 1994; titre de départ.</subfield>
  </datafield>
  <datafield tag="515" ind1=" " ind2=" ">
    <subfield code="a">Issues for 1994 &amp; 1995 are for June only.</subfield>
  </datafield>
  <datafield tag="550" ind1=" " ind2=" ">
    <subfield code="a">Publ. par: Student Evaluation Branch.</subfield>
  </datafield>
  <datafield tag="590" ind1=" " ind2=" ">
    <subfield code="a">Approved for use in Alberta schools.</subfield>
  </datafield>
  <datafield tag="596" ind1=" " ind2=" ">
    <subfield code="a">39</subfield>
  </datafield>
  <datafield tag="650" ind1=" " ind2="6">
    <subfield code="a">Français (Langue)</subfield>
    <subfield code="z">Alberta</subfield>
    <subfield code="x">Examens</subfield>
    <subfield code="x">Statistiques</subfield>
    <subfield code="x">Périodiques.</subfield>
  </datafield>
  <datafield tag="650" ind1=" " ind2="6">
    <subfield code="a">Douzième année (Éducation)</subfield>
    <subfield code="z">Alberta</subfield>
    <subfield code="x">Examens</subfield>
    <subfield code="x">Statistiques</subfield>
    <subfield code="x">Périodiques.</subfield>
  </datafield>
  <datafield tag="650" ind1=" " ind2="6">
    <subfield code="a">Examens</subfield>
    <subfield code="z">Alberta</subfield>
    <subfield code="x">Statistiques</subfield>
    <subfield code="x">Périodiques.</subfield>
  </datafield>
  <datafield tag="650" ind1=" " ind2="0">
    <subfield code="a">French language</subfield>
    <subfield code="z">Alberta</subfield>
    <subfield code="x">Examinations</subfield>
    <subfield code="v">Statistics</subfield>
    <subfield code="v">Periodicals.</subfield>
  </datafield>
  <datafield tag="650" ind1=" " ind2="0">
    <subfield code="a">Twelfth grade (Education)</subfield>
    <subfield code="z">Alberta</subfield>
    <subfield code="v">Examinations</subfield>
    <subfield code="v">Statistics</subfield>
    <subfield code="v">Periodicals.</subfield>
  </datafield>
  <datafield tag="650" ind1=" " ind2="0">
    <subfield code="a">Examinations</subfield>
    <subfield code="z">Alberta</subfield>
    <subfield code="v">Statistics</subfield>
    <subfield code="v">Periodicals.</subfield>
  </datafield>
  <datafield tag="710" ind1="1" ind2=" ">
    <subfield code="a">Alberta.</subfield>
    <subfield code="b">Alberta Education.</subfield>
  </datafield>
  <datafield tag="710" ind1="1" ind2=" ">
    <subfield code="a">Alberta.</subfield>
    <subfield code="b">Student Evaluation Branch.</subfield>
  </datafield>
  <datafield tag="780" ind1="0" ind2="0">
    <subfield code="t">Résultats de l&apos;examen de Français 30 en vue du diplôme.</subfield>
    <subfield code="d">[Edmonton] : Alberta Education, Student Evaluation, [1990?-199-]</subfield>
    <subfield code="k">Rapport des examinateurs</subfield>
    <subfield code="x">1193-0845</subfield>
    <subfield code="w">(CaOONL) 920829392  rév</subfield>
    <subfield code="w">(OCoLC)ocm26758309</subfield>
  </datafield>
  <datafield tag="940" ind1=" " ind2=" ">
    <subfield code="a">NO EJOURNAL HOLDINGS</subfield>
  </datafield>
  <datafield tag="926" ind1=" " ind2=" ">
    <subfield code="a">UABSJ</subfield>
    <subfield code="b">SPECIALCOL</subfield>
    <subfield code="c">440.076 F73 1994:juin</subfield>
    <subfield code="d">NO_LOAN</subfield>
    <subfield code="f">1</subfield>
  </datafield>
  <datafield tag="926" ind1=" " ind2=" ">
    <subfield code="a">UABSJ</subfield>
    <subfield code="b">SPECIALCOL</subfield>
    <subfield code="c">440.076 F73 1995:juin</subfield>
    <subfield code="d">NO_LOAN</subfield>
    <subfield code="f">1</subfield>
  </datafield>
  <datafield tag="927" ind1=" " ind2=" ">
    <subfield code="a">UABSJ</subfield>
  </datafield>
  <datafield tag="927" ind1=" " ind2=" ">
    <subfield code="b">Location</subfield>
    <subfield code="c">SPECIALCOL-- 440.076 F73</subfield>
  </datafield>
  <datafield tag="927" ind1=" " ind2=" ">
    <subfield code="b">Library has</subfield>
    <subfield code="c">1994-1995</subfield>
  </datafield>
</record>
