<record xmlns="http://www.loc.gov/MARC21/slim">
  <leader>01785cam a2200445 a 4500</leader>
  <controlfield tag="001">3542423</controlfield>
  <controlfield tag="003">LTSCA</controlfield>
  <controlfield tag="005">20060717114331.0</controlfield>
  <controlfield tag="008">060717s2006    abca          000 0 eng d</controlfield>
  <datafield tag="035" ind1=" " ind2=" ">
    <subfield code="a">ocm70548239</subfield>
  </datafield>
  <datafield tag="040" ind1=" " ind2=" ">
    <subfield code="a">AEU</subfield>
    <subfield code="b">eng</subfield>
    <subfield code="c">AEU</subfield>
  </datafield>
  <datafield tag="050" ind1=" " ind2="4">
    <subfield code="a">TL152.66.C2</subfield>
    <subfield code="b">G48 2006</subfield>
  </datafield>
  <datafield tag="090" ind1=" " ind2=" ">
    <subfield code="a">TL 152.66 C2 G394</subfield>
    <subfield code="b">AEEN</subfield>
  </datafield>
  <datafield tag="090" ind1=" " ind2=" ">
    <subfield code="a">TL 152.66 C2 G488 2006</subfield>
    <subfield code="b">ARDC</subfield>
  </datafield>
  <datafield tag="090" ind1=" " ind2=" ">
    <subfield code="a">TL 152.66 C2 G48 2006</subfield>
    <subfield code="b">AEU</subfield>
  </datafield>
  <datafield tag="245" ind1="0" ind2="0">
    <subfield code="a">Getting into gear :</subfield>
    <subfield code="b">keys to starting your driving experience.</subfield>
  </datafield>
  <datafield tag="260" ind1=" " ind2=" ">
    <subfield code="a">[Edmonton, Alta. :</subfield>
    <subfield code="b">Government of Alberta?,</subfield>
    <subfield code="c">2006]</subfield>
  </datafield>
  <datafield tag="300" ind1=" " ind2=" ">
    <subfield code="a">2 v. :</subfield>
    <subfield code="b">ill. ;</subfield>
    <subfield code="c">28 cm.</subfield>
  </datafield>
  <datafield tag="336" ind1=" " ind2=" ">
    <subfield code="a">text</subfield>
    <subfield code="b">txt</subfield>
    <subfield code="2">rdacontent</subfield>
  </datafield>
  <datafield tag="337" ind1=" " ind2=" ">
    <subfield code="a">unmediated</subfield>
    <subfield code="b">n</subfield>
    <subfield code="2">rdamedia</subfield>
  </datafield>
  <datafield tag="338" ind1=" " ind2=" ">
    <subfield code="a">volume</subfield>
    <subfield code="b">nc</subfield>
    <subfield code="2">rdacarrier</subfield>
  </datafield>
  <datafield tag="500" ind1=" " ind2=" ">
    <subfield code="a">Cover title.</subfield>
  </datafield>
  <datafield tag="500" ind1=" " ind2=" ">
    <subfield code="a">&quot;KIDSAFE Connection, Stollery Children&apos;s Hospital, Capital Health.&quot;</subfield>
  </datafield>
  <datafield tag="505" ind1="0" ind2=" ">
    <subfield code="a">[V.1] Teacher&apos;s guide -- [v.2] Activity booklet.</subfield>
  </datafield>
  <datafield tag="590" ind1=" " ind2=" ">
    <subfield code="a">Approved for use in Alberta schools.</subfield>
  </datafield>
  <datafield tag="596" ind1=" " ind2=" ">
    <subfield code="a">2 35 41</subfield>
  </datafield>
  <datafield tag="650" ind1=" " ind2="0">
    <subfield code="a">Automobile driver education</subfield>
    <subfield code="z">Alberta.</subfield>
  </datafield>
  <datafield tag="710" ind1="2" ind2=" ">
    <subfield code="a">KIDSAFE Connection.</subfield>
  </datafield>
  <datafield tag="710" ind1="2" ind2=" ">
    <subfield code="a">Stollery Children&apos;s Hospital.</subfield>
  </datafield>
  <datafield tag="710" ind1="2" ind2=" ">
    <subfield code="a">Alberta Capital Health.</subfield>
  </datafield>
  <datafield tag="949" ind1=" " ind2=" ">
    <subfield code="h">UAED-B</subfield>
    <subfield code="i">0162022169617</subfield>
  </datafield>
  <datafield tag="994" ind1=" " ind2=" ">
    <subfield code="a">C0</subfield>
    <subfield code="b">UAB</subfield>
  </datafield>
  <datafield tag="926" ind1=" " ind2=" ">
    <subfield code="a">AGL_CAP</subfield>
    <subfield code="b">ON_SHELF</subfield>
    <subfield code="c">TL 152.66 C2 G394 v.1</subfield>
    <subfield code="d">BOOK</subfield>
    <subfield code="f">1</subfield>
  </datafield>
  <datafield tag="926" ind1=" " ind2=" ">
    <subfield code="a">AGL_CAP</subfield>
    <subfield code="b">ARCHIVES</subfield>
    <subfield code="c">TL 152.66 C2 G394 v.1</subfield>
    <subfield code="d">NO_LOAN</subfield>
    <subfield code="f">2</subfield>
  </datafield>
  <datafield tag="926" ind1=" " ind2=" ">
    <subfield code="a">AGL_CAP</subfield>
    <subfield code="b">ON_SHELF</subfield>
    <subfield code="c">TL 152.66 C2 G394 v.2</subfield>
    <subfield code="d">BOOK</subfield>
    <subfield code="f">1</subfield>
  </datafield>
  <datafield tag="926" ind1=" " ind2=" ">
    <subfield code="a">AGL_CAP</subfield>
    <subfield code="b">ARCHIVES</subfield>
    <subfield code="c">TL 152.66 C2 G394 v.2</subfield>
    <subfield code="d">NO_LOAN</subfield>
    <subfield code="f">2</subfield>
  </datafield>
  <datafield tag="926" ind1=" " ind2=" ">
    <subfield code="a">RED_DEER_C</subfield>
    <subfield code="b">CURRICULUM</subfield>
    <subfield code="c">TL 152.66 C2 G488 2006 gr.7-9 act.bklt.</subfield>
    <subfield code="d">CURR_BOOK</subfield>
    <subfield code="f">1</subfield>
  </datafield>
  <datafield tag="926" ind1=" " ind2=" ">
    <subfield code="a">RED_DEER_C</subfield>
    <subfield code="b">CURRICULUM</subfield>
    <subfield code="c">TL 152.66 C2 G488 2006 gr.7-9 tch.gd.</subfield>
    <subfield code="d">CURR_BOOK</subfield>
    <subfield code="f">1</subfield>
  </datafield>
  <datafield tag="926" ind1=" " ind2=" ">
    <subfield code="a">UAEDUC</subfield>
    <subfield code="b">CURRICULUM</subfield>
    <subfield code="c">TL 152.66 C2 G48 2006 act.bklt.</subfield>
    <subfield code="d">LOCAL_LOAN</subfield>
    <subfield code="f">1</subfield>
  </datafield>
  <datafield tag="926" ind1=" " ind2=" ">
    <subfield code="a">UAEDUC</subfield>
    <subfield code="b">CURRICULUM</subfield>
    <subfield code="c">TL 152.66 C2 G48 2006 tch.gd.</subfield>
    <subfield code="d">LOCAL_LOAN</subfield>
    <subfield code="f">1</subfield>
  </datafield>
</record>
