<record xmlns="http://www.loc.gov/MARC21/slim">
  <leader>01718cam a2200421 a 4500</leader>
  <controlfield tag="001">2875948</controlfield>
  <controlfield tag="008">901010s2002    onca          000 0 eng d</controlfield>
  <datafield tag="020" ind1=" " ind2=" ">
    <subfield code="a">0778527247</subfield>
  </datafield>
  <datafield tag="035" ind1=" " ind2=" ">
    <subfield code="a">ocm78350574</subfield>
  </datafield>
  <datafield tag="040" ind1=" " ind2=" ">
    <subfield code="a">AEHE</subfield>
    <subfield code="b">eng</subfield>
  </datafield>
  <datafield tag="050" ind1=" " ind2="3">
    <subfield code="a">RG 629 F45</subfield>
    <subfield code="b">G58 2002</subfield>
  </datafield>
  <datafield tag="090" ind1=" " ind2=" ">
    <subfield code="a">WQ 200 RAF 2002</subfield>
    <subfield code="b">APH</subfield>
  </datafield>
  <datafield tag="090" ind1=" " ind2=" ">
    <subfield code="a">RG 580 S75 G583 2002</subfield>
    <subfield code="b">AEHSD</subfield>
  </datafield>
  <datafield tag="090" ind1=" " ind2=" ">
    <subfield code="a">RG 629 F45 R34 2002</subfield>
    <subfield code="b">AEU</subfield>
  </datafield>
  <datafield tag="100" ind1="1" ind2=" ">
    <subfield code="a">Raftis, Sara.</subfield>
  </datafield>
  <datafield tag="245" ind1="1" ind2="0">
    <subfield code="a">Give and take :</subfield>
    <subfield code="b">a booklet for pregnant women about alcohol &amp; other drugs /</subfield>
    <subfield code="c">[Written by: Sara Raftis, Wendy Reynolds].</subfield>
  </datafield>
  <datafield tag="246" ind1="1" ind2="1">
    <subfield code="a">Give and take : a booklet for pregnant women about alcohol and other drugs</subfield>
  </datafield>
  <datafield tag="260" ind1=" " ind2=" ">
    <subfield code="a">Kingston, Ont. :</subfield>
    <subfield code="b">AWARE Press Inc.,</subfield>
    <subfield code="c">c2002.</subfield>
  </datafield>
  <datafield tag="300" ind1=" " ind2=" ">
    <subfield code="a">iv, 62 p. :</subfield>
    <subfield code="c">23 cm.</subfield>
  </datafield>
  <datafield tag="336" ind1=" " ind2=" ">
    <subfield code="a">text</subfield>
    <subfield code="b">txt</subfield>
    <subfield code="2">rdacontent</subfield>
  </datafield>
  <datafield tag="337" ind1=" " ind2=" ">
    <subfield code="a">unmediated</subfield>
    <subfield code="b">n</subfield>
    <subfield code="2">rdamedia</subfield>
  </datafield>
  <datafield tag="338" ind1=" " ind2=" ">
    <subfield code="a">volume</subfield>
    <subfield code="b">nc</subfield>
    <subfield code="2">rdacarrier</subfield>
  </datafield>
  <datafield tag="500" ind1=" " ind2=" ">
    <subfield code="a">&quot;AADAC Services for Women&quot;--Cover.</subfield>
  </datafield>
  <datafield tag="500" ind1=" " ind2=" ">
    <subfield code="a">&quot;Adapted with permission of : Action on Women&apos;s Addictions - Research &amp; Education (AWARE) Press Inc.&quot;--T.p.</subfield>
  </datafield>
  <datafield tag="596" ind1=" " ind2=" ">
    <subfield code="a">2 26 42</subfield>
  </datafield>
  <datafield tag="650" ind1=" " ind2="0">
    <subfield code="a">Substance abuse in pregnancy.</subfield>
  </datafield>
  <datafield tag="650" ind1=" " ind2="0">
    <subfield code="a">Fetal alcohol syndrome.</subfield>
  </datafield>
  <datafield tag="650" ind1=" " ind2="2">
    <subfield code="a">Fetal Alcohol Spectrum Disorders</subfield>
    <subfield code="v">popular works.</subfield>
  </datafield>
  <datafield tag="650" ind1=" " ind2="2">
    <subfield code="a">Pregnancy</subfield>
    <subfield code="v">popular works.</subfield>
  </datafield>
  <datafield tag="650" ind1="2" ind2="2">
    <subfield code="a">Substance-Related Disorders</subfield>
    <subfield code="v">popular works.</subfield>
  </datafield>
  <datafield tag="650" ind1="2" ind2="2">
    <subfield code="a">Alcohol Drinking</subfield>
    <subfield code="v">popular works.</subfield>
  </datafield>
  <datafield tag="650" ind1="2" ind2="2">
    <subfield code="a">Alcoholism</subfield>
    <subfield code="v">popular works.</subfield>
  </datafield>
  <datafield tag="700" ind1="1" ind2=" ">
    <subfield code="a">Reynolds, Wendy.</subfield>
  </datafield>
  <datafield tag="710" ind1="2" ind2=" ">
    <subfield code="a">Alberta Alcohol and Drug Abuse Commission.</subfield>
  </datafield>
  <datafield tag="710" ind1="2" ind2=" ">
    <subfield code="a">Alberta Alcohol and Drug Abuse Commission.</subfield>
    <subfield code="b">Services for Women.</subfield>
  </datafield>
  <datafield tag="926" ind1=" " ind2=" ">
    <subfield code="a">AGL_CAP</subfield>
    <subfield code="b">ON_SHELF</subfield>
    <subfield code="c">RG 580 S75 G583 2002</subfield>
    <subfield code="d">BOOK</subfield>
    <subfield code="f">1</subfield>
  </datafield>
  <datafield tag="926" ind1=" " ind2=" ">
    <subfield code="a">AHS_CENTEN</subfield>
    <subfield code="b">ON_SHELF</subfield>
    <subfield code="c">WQ 200 RAF 2002</subfield>
    <subfield code="d">BOOK</subfield>
    <subfield code="f">1</subfield>
  </datafield>
  <datafield tag="926" ind1=" " ind2=" ">
    <subfield code="a">UAHLTHSC</subfield>
    <subfield code="b">ON_SHELF</subfield>
    <subfield code="c">RG 629 F45 R34 2002</subfield>
    <subfield code="d">BOOK</subfield>
    <subfield code="f">1</subfield>
  </datafield>
</record>
