<record xmlns="http://www.loc.gov/MARC21/slim">
  <leader>01787cam a2200469 a 4500</leader>
  <controlfield tag="001">2745180</controlfield>
  <controlfield tag="003">CaMWOCL</controlfield>
  <controlfield tag="005">20030526142123.0</controlfield>
  <controlfield tag="008">030415s2003    abcab        s000 0 eng  </controlfield>
  <datafield tag="016" ind1=" " ind2=" ">
    <subfield code="a">20038020041</subfield>
  </datafield>
  <datafield tag="035" ind1=" " ind2=" ">
    <subfield code="a">ocm52286879</subfield>
  </datafield>
  <datafield tag="040" ind1=" " ind2=" ">
    <subfield code="a">NLC</subfield>
    <subfield code="b">eng</subfield>
    <subfield code="c">NLC</subfield>
    <subfield code="d">AEU</subfield>
  </datafield>
  <datafield tag="043" ind1=" " ind2=" ">
    <subfield code="a">n-cn-ab</subfield>
  </datafield>
  <datafield tag="049" ind1=" " ind2=" ">
    <subfield code="a">UABA</subfield>
  </datafield>
  <datafield tag="050" ind1=" " ind2="4">
    <subfield code="a">TD195.E4</subfield>
    <subfield code="b">E93 2003</subfield>
  </datafield>
  <datafield tag="055" ind1="0" ind2="3">
    <subfield code="a">COP.AL.2.2003-118</subfield>
  </datafield>
  <datafield tag="082" ind1="1" ind2=" ">
    <subfield code="a">333.91</subfield>
    <subfield code="2">13</subfield>
  </datafield>
  <datafield tag="090" ind1=" " ind2=" ">
    <subfield code="a">TD 195 E5 E56 no.2003:020</subfield>
    <subfield code="b">AEU</subfield>
  </datafield>
  <datafield tag="110" ind1="2" ind2=" ">
    <subfield code="a">EUB-NRCB Joint Review Panel (Alta.)</subfield>
  </datafield>
  <datafield tag="245" ind1="1" ind2="0">
    <subfield code="a">Glacier Power Ltd., Dunvegan hydroelectric project, Fairview, Alberta :</subfield>
    <subfield code="b">report /</subfield>
    <subfield code="c">of the EUB-NRCB Joint Review Panel.</subfield>
  </datafield>
  <datafield tag="246" ind1="1" ind2="7">
    <subfield code="a">Joint EUB-NRCB Panel decision</subfield>
  </datafield>
  <datafield tag="260" ind1=" " ind2=" ">
    <subfield code="a">[Calgary] :</subfield>
    <subfield code="b">Alberta Energy and Utilities Board,</subfield>
    <subfield code="c">2003.</subfield>
  </datafield>
  <datafield tag="300" ind1=" " ind2=" ">
    <subfield code="a">ii, 62 p. :</subfield>
    <subfield code="b">ill., col. maps ;</subfield>
    <subfield code="c">28 cm.</subfield>
  </datafield>
  <datafield tag="336" ind1=" " ind2=" ">
    <subfield code="a">text</subfield>
    <subfield code="b">txt</subfield>
    <subfield code="2">rdacontent</subfield>
  </datafield>
  <datafield tag="337" ind1=" " ind2=" ">
    <subfield code="a">unmediated</subfield>
    <subfield code="b">n</subfield>
    <subfield code="2">rdamedia</subfield>
  </datafield>
  <datafield tag="338" ind1=" " ind2=" ">
    <subfield code="a">volume</subfield>
    <subfield code="b">nc</subfield>
    <subfield code="2">rdacarrier</subfield>
  </datafield>
  <datafield tag="490" ind1="1" ind2=" ">
    <subfield code="a">Decision ;</subfield>
    <subfield code="v">2003-020</subfield>
  </datafield>
  <datafield tag="500" ind1=" " ind2=" ">
    <subfield code="a">&quot;March 25, 2003&quot;.</subfield>
  </datafield>
  <datafield tag="500" ind1=" " ind2=" ">
    <subfield code="a">&quot;EUB application No. 2000198 ; NRCB application No. 2000-1&quot;.</subfield>
  </datafield>
  <datafield tag="530" ind1=" " ind2=" ">
    <subfield code="a">Available also on the Internet.</subfield>
  </datafield>
  <datafield tag="550" ind1=" " ind2=" ">
    <subfield code="a">Co-published by: Natural Resources Conservation Board.</subfield>
  </datafield>
  <datafield tag="596" ind1=" " ind2=" ">
    <subfield code="a">48</subfield>
  </datafield>
  <datafield tag="650" ind1=" " ind2="0">
    <subfield code="a">Hydroelectric power plants</subfield>
    <subfield code="z">Alberta</subfield>
    <subfield code="z">Fairview.</subfield>
  </datafield>
  <datafield tag="650" ind1=" " ind2="0">
    <subfield code="a">Electric power production</subfield>
    <subfield code="z">Alberta</subfield>
    <subfield code="z">Fairview.</subfield>
  </datafield>
  <datafield tag="650" ind1=" " ind2="0">
    <subfield code="a">Environmental impact analysis</subfield>
    <subfield code="z">Alberta</subfield>
    <subfield code="z">Peace River Region.</subfield>
  </datafield>
  <datafield tag="650" ind1=" " ind2="0">
    <subfield code="a">Environmental impact analysis</subfield>
    <subfield code="z">Alberta</subfield>
    <subfield code="z">Dunvegan.</subfield>
  </datafield>
  <datafield tag="710" ind1="2" ind2=" ">
    <subfield code="a">Glacier Power Ltd.</subfield>
  </datafield>
  <datafield tag="710" ind1="1" ind2=" ">
    <subfield code="a">Alberta.</subfield>
    <subfield code="b">Natural Resources Conservation Board.</subfield>
  </datafield>
  <datafield tag="710" ind1="2" ind2=" ">
    <subfield code="a">Alberta Energy and Utilities Board.</subfield>
  </datafield>
  <datafield tag="830" ind1=" " ind2="0">
    <subfield code="a">Decision (Alberta Energy and Utilities Board) ;</subfield>
    <subfield code="v">D 2003-020.</subfield>
  </datafield>
  <datafield tag="949" ind1=" " ind2=" ">
    <subfield code="z">0162017188986</subfield>
  </datafield>
  <datafield tag="926" ind1=" " ind2=" ">
    <subfield code="a">UASCITECH</subfield>
    <subfield code="b">ON_SHELF</subfield>
    <subfield code="c">TD 195 E5 E56 no.2003:020</subfield>
    <subfield code="d">BOOK</subfield>
    <subfield code="f">1</subfield>
  </datafield>
</record>
