<record xmlns="http://www.loc.gov/MARC21/slim">
  <leader>01427cam a2200325 a 4500</leader>
  <controlfield tag="001">1369390</controlfield>
  <controlfield tag="008">910408s1990    abc    c q        0 eng c</controlfield>
  <datafield tag="035" ind1=" " ind2=" ">
    <subfield code="a">ocm70344971</subfield>
  </datafield>
  <datafield tag="040" ind1=" " ind2=" ">
    <subfield code="b">eng</subfield>
  </datafield>
  <datafield tag="049" ind1=" " ind2=" ">
    <subfield code="a">AEU</subfield>
    <subfield code="b">eng</subfield>
  </datafield>
  <datafield tag="055" ind1=" " ind2="3">
    <subfield code="a">LB 3054 C2</subfield>
    <subfield code="b">D392 1990</subfield>
  </datafield>
  <datafield tag="090" ind1="0" ind2=" ">
    <subfield code="a">LB 3054 C2 D392 1990</subfield>
    <subfield code="b">AEU</subfield>
  </datafield>
  <datafield tag="245" ind1="0" ind2="0">
    <subfield code="a">Grade 9 achievement test.</subfield>
    <subfield code="p">English language arts.</subfield>
  </datafield>
  <datafield tag="246" ind1="3" ind2=" ">
    <subfield code="a">Grade nine achievement test</subfield>
  </datafield>
  <datafield tag="260" ind1=" " ind2=" ">
    <subfield code="a">Edmonton :</subfield>
    <subfield code="b">Alberta Education,</subfield>
    <subfield code="c">1990.</subfield>
  </datafield>
  <datafield tag="300" ind1=" " ind2=" ">
    <subfield code="a">3 v. ;</subfield>
    <subfield code="c">28 cm.</subfield>
  </datafield>
  <datafield tag="336" ind1=" " ind2=" ">
    <subfield code="a">text</subfield>
    <subfield code="b">txt</subfield>
    <subfield code="2">rdacontent</subfield>
  </datafield>
  <datafield tag="337" ind1=" " ind2=" ">
    <subfield code="a">unmediated</subfield>
    <subfield code="b">n</subfield>
    <subfield code="2">rdamedia</subfield>
  </datafield>
  <datafield tag="338" ind1=" " ind2=" ">
    <subfield code="a">volume</subfield>
    <subfield code="b">nc</subfield>
    <subfield code="2">rdacarrier</subfield>
  </datafield>
  <datafield tag="505" ind1="0" ind2=" ">
    <subfield code="a">[bklt.1] Part A: Written response -- [bklt.2] Part B: Reading (Questions booklet) -- [bklt.3] Part B: Reading (Readings booklet).</subfield>
  </datafield>
  <datafield tag="596" ind1=" " ind2=" ">
    <subfield code="a">41</subfield>
  </datafield>
  <datafield tag="650" ind1=" " ind2="0">
    <subfield code="a">Language arts</subfield>
    <subfield code="z">Alberta</subfield>
    <subfield code="v">Examinations, questions, etc.</subfield>
    <subfield code="v">Juvenile literature.</subfield>
  </datafield>
  <datafield tag="710" ind1="1" ind2=" ">
    <subfield code="a">Alberta.</subfield>
    <subfield code="b">Alberta Education.</subfield>
  </datafield>
  <datafield tag="740" ind1="0" ind2=" ">
    <subfield code="a">English language arts.</subfield>
  </datafield>
  <datafield tag="926" ind1=" " ind2=" ">
    <subfield code="a">UAEDUC</subfield>
    <subfield code="b">CHECKEDOUT</subfield>
    <subfield code="c">LB 3054 C2 D392 1990 bklt.1</subfield>
    <subfield code="d">NO_LOAN</subfield>
    <subfield code="e">5/24/2016</subfield>
    <subfield code="f">1</subfield>
  </datafield>
  <datafield tag="926" ind1=" " ind2=" ">
    <subfield code="a">UAEDUC</subfield>
    <subfield code="b">CHECKEDOUT</subfield>
    <subfield code="c">LB 3054 C2 D392 1990 bklt.1</subfield>
    <subfield code="d">NO_LOAN</subfield>
    <subfield code="e">5/24/2016</subfield>
    <subfield code="f">2</subfield>
  </datafield>
  <datafield tag="926" ind1=" " ind2=" ">
    <subfield code="a">UAEDUC</subfield>
    <subfield code="b">CHECKEDOUT</subfield>
    <subfield code="c">LB 3054 C2 D392 1990 bklt.2</subfield>
    <subfield code="d">NO_LOAN</subfield>
    <subfield code="e">5/24/2016</subfield>
    <subfield code="f">1</subfield>
  </datafield>
  <datafield tag="926" ind1=" " ind2=" ">
    <subfield code="a">UAEDUC</subfield>
    <subfield code="b">CHECKEDOUT</subfield>
    <subfield code="c">LB 3054 C2 D392 1990 bklt.2</subfield>
    <subfield code="d">NO_LOAN</subfield>
    <subfield code="e">5/24/2016</subfield>
    <subfield code="f">2</subfield>
  </datafield>
  <datafield tag="926" ind1=" " ind2=" ">
    <subfield code="a">UAEDUC</subfield>
    <subfield code="b">CHECKEDOUT</subfield>
    <subfield code="c">LB 3054 C2 D392 1990 bklt.2</subfield>
    <subfield code="d">NO_LOAN</subfield>
    <subfield code="e">5/24/2016</subfield>
    <subfield code="f">3</subfield>
  </datafield>
  <datafield tag="926" ind1=" " ind2=" ">
    <subfield code="a">UAEDUC</subfield>
    <subfield code="b">CHECKEDOUT</subfield>
    <subfield code="c">LB 3054 C2 D392 1990 bklt.3</subfield>
    <subfield code="d">NO_LOAN</subfield>
    <subfield code="e">5/24/2016</subfield>
    <subfield code="f">1</subfield>
  </datafield>
</record>
