<record xmlns="http://www.loc.gov/MARC21/slim">
  <leader>06277cas a2201081 a 4500</leader>
  <controlfield tag="001">1752552</controlfield>
  <controlfield tag="005">19920730152642.0</controlfield>
  <controlfield tag="008">920730d1984200uabcfr        s0   a0eng d</controlfield>
  <datafield tag="010" ind1=" " ind2=" ">
    <subfield code="a">cn 92081727</subfield>
  </datafield>
  <datafield tag="022" ind1="0" ind2=" ">
    <subfield code="a">1193-0071</subfield>
  </datafield>
  <datafield tag="035" ind1=" " ind2=" ">
    <subfield code="a">ocm26290545</subfield>
  </datafield>
  <datafield tag="040" ind1=" " ind2=" ">
    <subfield code="a">CaOONL</subfield>
    <subfield code="b">eng</subfield>
    <subfield code="c">CaOONL</subfield>
    <subfield code="d">AEU</subfield>
  </datafield>
  <datafield tag="042" ind1=" " ind2=" ">
    <subfield code="a">nlc</subfield>
    <subfield code="a">isds/c</subfield>
  </datafield>
  <datafield tag="043" ind1=" " ind2=" ">
    <subfield code="a">n-cn-ab</subfield>
  </datafield>
  <datafield tag="055" ind1=" " ind2="3">
    <subfield code="a">LB 3054</subfield>
    <subfield code="b">C22 A3 gr.12 E54 G73A</subfield>
  </datafield>
  <datafield tag="082" ind1="1" ind2=" ">
    <subfield code="a">428</subfield>
    <subfield code="2">12</subfield>
  </datafield>
  <datafield tag="090" ind1=" " ind2=" ">
    <subfield code="a">LB 3054 C22 A3 gr.12 E54 G73A</subfield>
    <subfield code="b">AEU</subfield>
  </datafield>
  <datafield tag="210" ind1="0" ind2=" ">
    <subfield code="a">Grade 12 diploma exam., Engl. 30 Part A Writ. response</subfield>
  </datafield>
  <datafield tag="222" ind1=" " ind2="0">
    <subfield code="a">Grade 12 diploma examination. English 30, Part A, Written response</subfield>
  </datafield>
  <datafield tag="245" ind1="0" ind2="0">
    <subfield code="a">Grade 12 diploma examination.</subfield>
    <subfield code="p">English 30.</subfield>
    <subfield code="n">Part A,</subfield>
    <subfield code="p">Written response.</subfield>
  </datafield>
  <datafield tag="246" ind1="3" ind2="0">
    <subfield code="a">English 30.</subfield>
    <subfield code="n">Part A,</subfield>
    <subfield code="p">Written response.</subfield>
  </datafield>
  <datafield tag="246" ind1="1" ind2=" ">
    <subfield code="i">On issues for &lt;Jan. 1995&gt;- the title appears as:</subfield>
    <subfield code="a">English 30.</subfield>
    <subfield code="n">Part A,</subfield>
    <subfield code="p">Written response, Grade 12 diploma examination</subfield>
  </datafield>
  <datafield tag="260" ind1=" " ind2=" ">
    <subfield code="a">[Edmonton] :</subfield>
    <subfield code="b">Alberta Education,</subfield>
    <subfield code="c">[1984]-</subfield>
  </datafield>
  <datafield tag="300" ind1=" " ind2=" ">
    <subfield code="a">v. ;</subfield>
    <subfield code="c">28 cm.</subfield>
  </datafield>
  <datafield tag="310" ind1=" " ind2=" ">
    <subfield code="a">Semiannual.</subfield>
  </datafield>
  <datafield tag="336" ind1=" " ind2=" ">
    <subfield code="a">text</subfield>
    <subfield code="b">txt</subfield>
    <subfield code="2">rdacontent</subfield>
  </datafield>
  <datafield tag="337" ind1=" " ind2=" ">
    <subfield code="a">unmediated</subfield>
    <subfield code="b">n</subfield>
    <subfield code="2">rdamedia</subfield>
  </datafield>
  <datafield tag="338" ind1=" " ind2=" ">
    <subfield code="a">volume</subfield>
    <subfield code="b">nc</subfield>
    <subfield code="2">rdacarrier</subfield>
  </datafield>
  <datafield tag="362" ind1="0" ind2=" ">
    <subfield code="a">Jan. 1984-</subfield>
  </datafield>
  <datafield tag="362" ind1="1" ind2=" ">
    <subfield code="a">Ceases 2002 or 2003.</subfield>
  </datafield>
  <datafield tag="500" ind1=" " ind2=" ">
    <subfield code="a">Title from cover.</subfield>
  </datafield>
  <datafield tag="550" ind1=" " ind2=" ">
    <subfield code="a">Issued by: Student Evaluation and Records Branch, &lt;June 1990&gt;; Student Evaluation Branch, Jan. 1991-</subfield>
  </datafield>
  <datafield tag="596" ind1=" " ind2=" ">
    <subfield code="a">41</subfield>
  </datafield>
  <datafield tag="650" ind1=" " ind2="0">
    <subfield code="a">English language</subfield>
    <subfield code="z">Alberta</subfield>
    <subfield code="v">Examinations, questions, etc.</subfield>
    <subfield code="v">Periodicals.</subfield>
  </datafield>
  <datafield tag="650" ind1=" " ind2="0">
    <subfield code="a">English literature</subfield>
    <subfield code="z">Alberta</subfield>
    <subfield code="v">Examinations, questions, etc.</subfield>
    <subfield code="v">Periodicals.</subfield>
  </datafield>
  <datafield tag="650" ind1=" " ind2="0">
    <subfield code="a">Twelfth grade (Education)</subfield>
    <subfield code="z">Alberta</subfield>
    <subfield code="x">Examinations</subfield>
    <subfield code="v">Periodicals.</subfield>
  </datafield>
  <datafield tag="650" ind1=" " ind2="0">
    <subfield code="a">Examinations</subfield>
    <subfield code="z">Alberta</subfield>
    <subfield code="v">Periodicals.</subfield>
  </datafield>
  <datafield tag="710" ind1="1" ind2=" ">
    <subfield code="a">Alberta.</subfield>
    <subfield code="b">Alberta Education.</subfield>
  </datafield>
  <datafield tag="710" ind1="1" ind2=" ">
    <subfield code="a">Alberta.</subfield>
    <subfield code="b">Student Evaluation and Records.</subfield>
  </datafield>
  <datafield tag="710" ind1="1" ind2=" ">
    <subfield code="a">Alberta.</subfield>
    <subfield code="b">Student Evaluation Branch.</subfield>
  </datafield>
  <datafield tag="785" ind1="0" ind2="0">
    <subfield code="t">English language arts 30-1. Part A, Written response. Grade 12 diploma examination.</subfield>
  </datafield>
  <datafield tag="940" ind1=" " ind2=" ">
    <subfield code="a">NO EJOURNAL HOLDINGS</subfield>
  </datafield>
  <datafield tag="926" ind1=" " ind2=" ">
    <subfield code="a">UAEDUC</subfield>
    <subfield code="b">LIBUSE</subfield>
    <subfield code="c">LB 3054 C22 A3 gr.12 E54 G73A 1984:Jan</subfield>
    <subfield code="d">NO_LOAN</subfield>
    <subfield code="e">NEVER</subfield>
    <subfield code="f">1</subfield>
  </datafield>
  <datafield tag="926" ind1=" " ind2=" ">
    <subfield code="a">UAEDUC</subfield>
    <subfield code="b">LIBUSE</subfield>
    <subfield code="c">LB 3054 C22 A3 gr.12 E54 G73A 1984:June</subfield>
    <subfield code="d">NO_LOAN</subfield>
    <subfield code="e">NEVER</subfield>
    <subfield code="f">1</subfield>
  </datafield>
  <datafield tag="926" ind1=" " ind2=" ">
    <subfield code="a">UAEDUC</subfield>
    <subfield code="b">LIBUSE</subfield>
    <subfield code="c">LB 3054 C22 A3 gr.12 E54 G73A 1985:Jan</subfield>
    <subfield code="d">NO_LOAN</subfield>
    <subfield code="e">NEVER</subfield>
    <subfield code="f">1</subfield>
  </datafield>
  <datafield tag="926" ind1=" " ind2=" ">
    <subfield code="a">UAEDUC</subfield>
    <subfield code="b">LIBUSE</subfield>
    <subfield code="c">LB 3054 C22 A3 gr.12 E54 G73A 1985:June</subfield>
    <subfield code="d">NO_LOAN</subfield>
    <subfield code="e">NEVER</subfield>
    <subfield code="f">1</subfield>
  </datafield>
  <datafield tag="926" ind1=" " ind2=" ">
    <subfield code="a">UAEDUC</subfield>
    <subfield code="b">LIBUSE</subfield>
    <subfield code="c">LB 3054 C22 A3 gr.12 E54 G73A 1986:Jan</subfield>
    <subfield code="d">NO_LOAN</subfield>
    <subfield code="e">NEVER</subfield>
    <subfield code="f">1</subfield>
  </datafield>
  <datafield tag="926" ind1=" " ind2=" ">
    <subfield code="a">UAEDUC</subfield>
    <subfield code="b">LIBUSE</subfield>
    <subfield code="c">LB 3054 C22 A3 gr.12 E54 G73A 1986:June</subfield>
    <subfield code="d">NO_LOAN</subfield>
    <subfield code="e">NEVER</subfield>
    <subfield code="f">1</subfield>
  </datafield>
  <datafield tag="926" ind1=" " ind2=" ">
    <subfield code="a">UAEDUC</subfield>
    <subfield code="b">CURR_HIST</subfield>
    <subfield code="c">LB 3054 C22 A3 gr.12 E54 G73A 1987:Jan</subfield>
    <subfield code="d">NO_LOAN</subfield>
    <subfield code="f">1</subfield>
  </datafield>
  <datafield tag="926" ind1=" " ind2=" ">
    <subfield code="a">UAEDUC</subfield>
    <subfield code="b">LIBUSE</subfield>
    <subfield code="c">LB 3054 C22 A3 gr.12 E54 G73A 1987:June</subfield>
    <subfield code="d">NO_LOAN</subfield>
    <subfield code="e">NEVER</subfield>
    <subfield code="f">1</subfield>
  </datafield>
  <datafield tag="926" ind1=" " ind2=" ">
    <subfield code="a">UAEDUC</subfield>
    <subfield code="b">CURR_HIST</subfield>
    <subfield code="c">LB 3054 C22 A3 gr.12 E54 G73A 1988:Jan</subfield>
    <subfield code="d">NO_LOAN</subfield>
    <subfield code="f">1</subfield>
  </datafield>
  <datafield tag="926" ind1=" " ind2=" ">
    <subfield code="a">UAEDUC</subfield>
    <subfield code="b">CURR_HIST</subfield>
    <subfield code="c">LB 3054 C22 A3 gr.12 E54 G73A 1988:June</subfield>
    <subfield code="d">NO_LOAN</subfield>
    <subfield code="f">1</subfield>
  </datafield>
  <datafield tag="926" ind1=" " ind2=" ">
    <subfield code="a">UAEDUC</subfield>
    <subfield code="b">CURR_HIST</subfield>
    <subfield code="c">LB 3054 C22 A3 gr.12 E54 G73A 1989:Jan</subfield>
    <subfield code="d">NO_LOAN</subfield>
    <subfield code="f">1</subfield>
  </datafield>
  <datafield tag="926" ind1=" " ind2=" ">
    <subfield code="a">UAEDUC</subfield>
    <subfield code="b">CURR_HIST</subfield>
    <subfield code="c">LB 3054 C22 A3 gr.12 E54 G73A 1989:June</subfield>
    <subfield code="d">NO_LOAN</subfield>
    <subfield code="f">1</subfield>
  </datafield>
  <datafield tag="926" ind1=" " ind2=" ">
    <subfield code="a">UAEDUC</subfield>
    <subfield code="b">CURR_HIST</subfield>
    <subfield code="c">LB 3054 C22 A3 gr.12 E54 G73A 1990:Jan.</subfield>
    <subfield code="d">NO_LOAN</subfield>
    <subfield code="f">1</subfield>
  </datafield>
  <datafield tag="926" ind1=" " ind2=" ">
    <subfield code="a">UAEDUC</subfield>
    <subfield code="b">CURR_HIST</subfield>
    <subfield code="c">LB 3054 C22 A3 gr.12 E54 G73A 1990:June</subfield>
    <subfield code="d">NO_LOAN</subfield>
    <subfield code="f">1</subfield>
  </datafield>
  <datafield tag="926" ind1=" " ind2=" ">
    <subfield code="a">UAEDUC</subfield>
    <subfield code="b">CURR_HIST</subfield>
    <subfield code="c">LB 3054 C22 A3 gr.12 E54 G73A 1991:Jan</subfield>
    <subfield code="d">NO_LOAN</subfield>
    <subfield code="f">1</subfield>
  </datafield>
  <datafield tag="926" ind1=" " ind2=" ">
    <subfield code="a">UAEDUC</subfield>
    <subfield code="b">CURR_HIST</subfield>
    <subfield code="c">LB 3054 C22 A3 gr.12 E54 G73A 1991:June</subfield>
    <subfield code="d">NO_LOAN</subfield>
    <subfield code="f">1</subfield>
  </datafield>
  <datafield tag="926" ind1=" " ind2=" ">
    <subfield code="a">UAEDUC</subfield>
    <subfield code="b">CURR_HIST</subfield>
    <subfield code="c">LB 3054 C22 A3 gr.12 E54 G73A 1992: June</subfield>
    <subfield code="d">NO_LOAN</subfield>
    <subfield code="f">2</subfield>
  </datafield>
  <datafield tag="926" ind1=" " ind2=" ">
    <subfield code="a">UAEDUC</subfield>
    <subfield code="b">CURR_HIST</subfield>
    <subfield code="c">LB 3054 C22 A3 gr.12 E54 G73A 1992:Jan</subfield>
    <subfield code="d">NO_LOAN</subfield>
    <subfield code="f">1</subfield>
  </datafield>
  <datafield tag="926" ind1=" " ind2=" ">
    <subfield code="a">UAEDUC</subfield>
    <subfield code="b">CURR_HIST</subfield>
    <subfield code="c">LB 3054 C22 A3 gr.12 E54 G73A 1992:June</subfield>
    <subfield code="d">NO_LOAN</subfield>
    <subfield code="f">1</subfield>
  </datafield>
  <datafield tag="926" ind1=" " ind2=" ">
    <subfield code="a">UAEDUC</subfield>
    <subfield code="b">LIBUSE</subfield>
    <subfield code="c">LB 3054 C22 A3 gr.12 E54 G73A 1993: Jan</subfield>
    <subfield code="d">NO_LOAN</subfield>
    <subfield code="e">NEVER</subfield>
    <subfield code="f">2</subfield>
  </datafield>
  <datafield tag="926" ind1=" " ind2=" ">
    <subfield code="a">UAEDUC</subfield>
    <subfield code="b">CURR_HIST</subfield>
    <subfield code="c">LB 3054 C22 A3 gr.12 E54 G73A 1993: June</subfield>
    <subfield code="d">NO_LOAN</subfield>
    <subfield code="f">2</subfield>
  </datafield>
  <datafield tag="926" ind1=" " ind2=" ">
    <subfield code="a">UAEDUC</subfield>
    <subfield code="b">CURR_HIST</subfield>
    <subfield code="c">LB 3054 C22 A3 gr.12 E54 G73A 1993:Jan</subfield>
    <subfield code="d">NO_LOAN</subfield>
    <subfield code="f">1</subfield>
  </datafield>
  <datafield tag="926" ind1=" " ind2=" ">
    <subfield code="a">UAEDUC</subfield>
    <subfield code="b">CURR_HIST</subfield>
    <subfield code="c">LB 3054 C22 A3 gr.12 E54 G73A 1993:June</subfield>
    <subfield code="d">NO_LOAN</subfield>
    <subfield code="f">1</subfield>
  </datafield>
  <datafield tag="926" ind1=" " ind2=" ">
    <subfield code="a">UAEDUC</subfield>
    <subfield code="b">CURR_HIST</subfield>
    <subfield code="c">LB 3054 C22 A3 gr.12 E54 G73A 1994: Jan</subfield>
    <subfield code="d">NO_LOAN</subfield>
    <subfield code="f">2</subfield>
  </datafield>
  <datafield tag="926" ind1=" " ind2=" ">
    <subfield code="a">UAEDUC</subfield>
    <subfield code="b">CURR_HIST</subfield>
    <subfield code="c">LB 3054 C22 A3 gr.12 E54 G73A 1994: June</subfield>
    <subfield code="d">NO_LOAN</subfield>
    <subfield code="f">2</subfield>
  </datafield>
  <datafield tag="926" ind1=" " ind2=" ">
    <subfield code="a">UAEDUC</subfield>
    <subfield code="b">CURR_HIST</subfield>
    <subfield code="c">LB 3054 C22 A3 gr.12 E54 G73A 1994:Jan</subfield>
    <subfield code="d">NO_LOAN</subfield>
    <subfield code="f">1</subfield>
  </datafield>
  <datafield tag="926" ind1=" " ind2=" ">
    <subfield code="a">UAEDUC</subfield>
    <subfield code="b">CURR_HIST</subfield>
    <subfield code="c">LB 3054 C22 A3 gr.12 E54 G73A 1994:June</subfield>
    <subfield code="d">NO_LOAN</subfield>
    <subfield code="f">1</subfield>
  </datafield>
  <datafield tag="926" ind1=" " ind2=" ">
    <subfield code="a">UAEDUC</subfield>
    <subfield code="b">LIBUSE</subfield>
    <subfield code="c">LB 3054 C22 A3 gr.12 E54 G73A 1995:Jan</subfield>
    <subfield code="d">NO_LOAN</subfield>
    <subfield code="e">NEVER</subfield>
    <subfield code="f">1</subfield>
  </datafield>
  <datafield tag="926" ind1=" " ind2=" ">
    <subfield code="a">UAEDUC</subfield>
    <subfield code="b">LIBUSE</subfield>
    <subfield code="c">LB 3054 C22 A3 gr.12 E54 G73A 1996: June</subfield>
    <subfield code="d">NO_LOAN</subfield>
    <subfield code="e">NEVER</subfield>
    <subfield code="f">2</subfield>
  </datafield>
  <datafield tag="926" ind1=" " ind2=" ">
    <subfield code="a">UAEDUC</subfield>
    <subfield code="b">LIBUSE</subfield>
    <subfield code="c">LB 3054 C22 A3 gr.12 E54 G73A 1996:Jan</subfield>
    <subfield code="d">NO_LOAN</subfield>
    <subfield code="e">NEVER</subfield>
    <subfield code="f">1</subfield>
  </datafield>
  <datafield tag="926" ind1=" " ind2=" ">
    <subfield code="a">UAEDUC</subfield>
    <subfield code="b">CURR_HIST</subfield>
    <subfield code="c">LB 3054 C22 A3 gr.12 E54 G73A 1996:June</subfield>
    <subfield code="d">NO_LOAN</subfield>
    <subfield code="f">1</subfield>
  </datafield>
  <datafield tag="926" ind1=" " ind2=" ">
    <subfield code="a">UAEDUC</subfield>
    <subfield code="b">CURR_HIST</subfield>
    <subfield code="c">LB 3054 C22 A3 gr.12 E54 G73A 1997:Jan</subfield>
    <subfield code="d">NO_LOAN</subfield>
    <subfield code="f">1</subfield>
  </datafield>
  <datafield tag="926" ind1=" " ind2=" ">
    <subfield code="a">UAEDUC</subfield>
    <subfield code="b">LIBUSE</subfield>
    <subfield code="c">LB 3054 C22 A3 gr.12 E54 G73A 1997:June</subfield>
    <subfield code="d">NO_LOAN</subfield>
    <subfield code="e">NEVER</subfield>
    <subfield code="f">1</subfield>
  </datafield>
  <datafield tag="926" ind1=" " ind2=" ">
    <subfield code="a">UAEDUC</subfield>
    <subfield code="b">CURR_HIST</subfield>
    <subfield code="c">LB 3054 C22 A3 gr.12 E54 G73A 1998:Jan</subfield>
    <subfield code="d">NO_LOAN</subfield>
    <subfield code="f">1</subfield>
  </datafield>
  <datafield tag="926" ind1=" " ind2=" ">
    <subfield code="a">UAEDUC</subfield>
    <subfield code="b">CURR_HIST</subfield>
    <subfield code="c">LB 3054 C22 A3 gr.12 E54 G73A 1998:Jan</subfield>
    <subfield code="d">NO_LOAN</subfield>
    <subfield code="f">2</subfield>
  </datafield>
  <datafield tag="926" ind1=" " ind2=" ">
    <subfield code="a">UAEDUC</subfield>
    <subfield code="b">CURR_HIST</subfield>
    <subfield code="c">LB 3054 C22 A3 gr.12 E54 G73A 1998:June</subfield>
    <subfield code="d">NO_LOAN</subfield>
    <subfield code="f">1</subfield>
  </datafield>
  <datafield tag="926" ind1=" " ind2=" ">
    <subfield code="a">UAEDUC</subfield>
    <subfield code="b">CURR_HIST</subfield>
    <subfield code="c">LB 3054 C22 A3 gr.12 E54 G73A 1999:Jan</subfield>
    <subfield code="d">NO_LOAN</subfield>
    <subfield code="f">1</subfield>
  </datafield>
  <datafield tag="926" ind1=" " ind2=" ">
    <subfield code="a">UAEDUC</subfield>
    <subfield code="b">CURR_HIST</subfield>
    <subfield code="c">LB 3054 C22 A3 gr.12 E54 G73A 1999:June</subfield>
    <subfield code="d">NO_LOAN</subfield>
    <subfield code="f">1</subfield>
  </datafield>
  <datafield tag="926" ind1=" " ind2=" ">
    <subfield code="a">UAEDUC</subfield>
    <subfield code="b">CURR_HIST</subfield>
    <subfield code="c">LB 3054 C22 A3 gr.12 E54 G73A 2000:Jan</subfield>
    <subfield code="d">NO_LOAN</subfield>
    <subfield code="f">1</subfield>
  </datafield>
  <datafield tag="926" ind1=" " ind2=" ">
    <subfield code="a">UAEDUC</subfield>
    <subfield code="b">CURR_HIST</subfield>
    <subfield code="c">LB 3054 C22 A3 gr.12 E54 G73A 2000:Jan</subfield>
    <subfield code="d">NO_LOAN</subfield>
    <subfield code="f">2</subfield>
  </datafield>
  <datafield tag="926" ind1=" " ind2=" ">
    <subfield code="a">UAEDUC</subfield>
    <subfield code="b">CURR_HIST</subfield>
    <subfield code="c">LB 3054 C22 A3 gr.12 E54 G73A 2000:June</subfield>
    <subfield code="d">NO_LOAN</subfield>
    <subfield code="f">1</subfield>
  </datafield>
  <datafield tag="926" ind1=" " ind2=" ">
    <subfield code="a">UAEDUC</subfield>
    <subfield code="b">CURR_HIST</subfield>
    <subfield code="c">LB 3054 C22 A3 gr.12 E54 G73A 2000:June</subfield>
    <subfield code="d">NO_LOAN</subfield>
    <subfield code="f">2</subfield>
  </datafield>
  <datafield tag="926" ind1=" " ind2=" ">
    <subfield code="a">UAEDUC</subfield>
    <subfield code="b">CURR_HIST</subfield>
    <subfield code="c">LB 3054 C22 A3 gr.12 E54 G73A 2001:Jan</subfield>
    <subfield code="d">NO_LOAN</subfield>
    <subfield code="f">1</subfield>
  </datafield>
  <datafield tag="926" ind1=" " ind2=" ">
    <subfield code="a">UAEDUC</subfield>
    <subfield code="b">CURR_HIST</subfield>
    <subfield code="c">LB 3054 C22 A3 gr.12 E54 G73A 2001:Jan</subfield>
    <subfield code="d">NO_LOAN</subfield>
    <subfield code="f">2</subfield>
  </datafield>
  <datafield tag="926" ind1=" " ind2=" ">
    <subfield code="a">UAEDUC</subfield>
    <subfield code="b">CURR_HIST</subfield>
    <subfield code="c">LB 3054 C22 A3 gr.12 E54 G73A 2001:June</subfield>
    <subfield code="d">NO_LOAN</subfield>
    <subfield code="f">1</subfield>
  </datafield>
  <datafield tag="926" ind1=" " ind2=" ">
    <subfield code="a">UAEDUC</subfield>
    <subfield code="b">CURR_HIST</subfield>
    <subfield code="c">LB 3054 C22 A3 gr.12 E54 G73A 2001:June</subfield>
    <subfield code="d">NO_LOAN</subfield>
    <subfield code="f">2</subfield>
  </datafield>
  <datafield tag="926" ind1=" " ind2=" ">
    <subfield code="a">UAEDUC</subfield>
    <subfield code="b">CURR_HIST</subfield>
    <subfield code="c">LB 3054 C22 A3 gr.12 E54 G73A 2002:Jan</subfield>
    <subfield code="d">NO_LOAN</subfield>
    <subfield code="f">1</subfield>
  </datafield>
  <datafield tag="926" ind1=" " ind2=" ">
    <subfield code="a">UAEDUC</subfield>
    <subfield code="b">CURR_HIST</subfield>
    <subfield code="c">LB 3054 C22 A3 gr.12 E54 G73A 2002:Jan</subfield>
    <subfield code="d">NO_LOAN</subfield>
    <subfield code="f">2</subfield>
  </datafield>
  <datafield tag="927" ind1=" " ind2=" ">
    <subfield code="a">UAEDUC</subfield>
  </datafield>
  <datafield tag="927" ind1=" " ind2=" ">
    <subfield code="b">Location</subfield>
    <subfield code="c">CURR_HIST-- LB 3054 C22 A3 gr.12 E54 G73A</subfield>
  </datafield>
  <datafield tag="927" ind1=" " ind2=" ">
    <subfield code="b">Library has</subfield>
    <subfield code="c">1984- Incomplete: 1995,2002</subfield>
  </datafield>
</record>
