<collection xmlns="http://www.loc.gov/MARC21/slim">
<record>
  <leader>08302cam a2201693 a 4500</leader>
  <controlfield tag="001">7065100</controlfield>
  <controlfield tag="003">OCoLC</controlfield>
  <controlfield tag="005">20150708020115.0</controlfield>
  <controlfield tag="006">m        d s      </controlfield>
  <controlfield tag="007">co ag|||||||||</controlfield>
  <controlfield tag="008">031117m20032004abca         s000 0 eng  </controlfield>
  <datafield tag="016" ind1=" " ind2=" ">
    <subfield code="a">20058013105</subfield>
  </datafield>
  <datafield tag="020" ind1=" " ind2=" ">
    <subfield code="a">0774120185</subfield>
    <subfield code="q">(v. 1a)</subfield>
  </datafield>
  <datafield tag="020" ind1=" " ind2=" ">
    <subfield code="a">9780774120180</subfield>
    <subfield code="q">(v. 1a)</subfield>
  </datafield>
  <datafield tag="020" ind1=" " ind2=" ">
    <subfield code="a">0774120339</subfield>
    <subfield code="q">(v. 1b)</subfield>
  </datafield>
  <datafield tag="020" ind1=" " ind2=" ">
    <subfield code="a">9780774120333</subfield>
    <subfield code="q">(v. 1b)</subfield>
  </datafield>
  <datafield tag="020" ind1=" " ind2=" ">
    <subfield code="a">0774120428</subfield>
    <subfield code="q">(v. 2a)</subfield>
  </datafield>
  <datafield tag="020" ind1=" " ind2=" ">
    <subfield code="a">9780774120425</subfield>
    <subfield code="q">(v. 2a)</subfield>
  </datafield>
  <datafield tag="020" ind1=" " ind2=" ">
    <subfield code="a">0774120436</subfield>
    <subfield code="q">(v. 2b)</subfield>
  </datafield>
  <datafield tag="020" ind1=" " ind2=" ">
    <subfield code="a">9780774120432</subfield>
    <subfield code="q">(v. 2b)</subfield>
  </datafield>
  <datafield tag="020" ind1=" " ind2=" ">
    <subfield code="a">0774120665</subfield>
    <subfield code="q">(v. 3a)</subfield>
  </datafield>
  <datafield tag="020" ind1=" " ind2=" ">
    <subfield code="a">9780774120661</subfield>
    <subfield code="q">(v. 3a)</subfield>
  </datafield>
  <datafield tag="020" ind1=" " ind2=" ">
    <subfield code="a">0774121017</subfield>
    <subfield code="q">(v. 3b)</subfield>
  </datafield>
  <datafield tag="020" ind1=" " ind2=" ">
    <subfield code="a">9780774121019</subfield>
    <subfield code="q">(v. 3b)</subfield>
  </datafield>
  <datafield tag="020" ind1=" " ind2=" ">
    <subfield code="a">0774121270</subfield>
    <subfield code="q">(v. 4a)</subfield>
  </datafield>
  <datafield tag="020" ind1=" " ind2=" ">
    <subfield code="a">9780774121279</subfield>
    <subfield code="q">(v. 4a)</subfield>
  </datafield>
  <datafield tag="020" ind1=" " ind2=" ">
    <subfield code="a">0774121335</subfield>
    <subfield code="q">(v. 5a)</subfield>
  </datafield>
  <datafield tag="020" ind1=" " ind2=" ">
    <subfield code="a">9780774121330</subfield>
    <subfield code="q">(v. 5a)</subfield>
  </datafield>
  <datafield tag="020" ind1=" " ind2=" ">
    <subfield code="a">0774121513</subfield>
    <subfield code="q">(v. 5b)</subfield>
  </datafield>
  <datafield tag="020" ind1=" " ind2=" ">
    <subfield code="a">9780774121514</subfield>
    <subfield code="q">(v. 5b)</subfield>
  </datafield>
  <datafield tag="020" ind1=" " ind2=" ">
    <subfield code="a">0774121599</subfield>
    <subfield code="q">(v. 6a)</subfield>
  </datafield>
  <datafield tag="020" ind1=" " ind2=" ">
    <subfield code="a">9780774121590</subfield>
    <subfield code="q">(v. 6a)</subfield>
  </datafield>
  <datafield tag="020" ind1=" " ind2=" ">
    <subfield code="a">0774121750</subfield>
    <subfield code="q">(v. 6b)</subfield>
  </datafield>
  <datafield tag="020" ind1=" " ind2=" ">
    <subfield code="a">9780774121750</subfield>
    <subfield code="q">(v. 6b)</subfield>
  </datafield>
  <datafield tag="020" ind1=" " ind2=" ">
    <subfield code="a">077412170X</subfield>
    <subfield code="q">(v. 7a)</subfield>
  </datafield>
  <datafield tag="020" ind1=" " ind2=" ">
    <subfield code="a">9780774121705</subfield>
    <subfield code="q">(v. 7a)</subfield>
  </datafield>
  <datafield tag="020" ind1=" " ind2=" ">
    <subfield code="a">0774121777</subfield>
    <subfield code="q">(v. 7b)</subfield>
  </datafield>
  <datafield tag="020" ind1=" " ind2=" ">
    <subfield code="a">9780774121774</subfield>
    <subfield code="q">(v. 7b)</subfield>
  </datafield>
  <datafield tag="020" ind1=" " ind2=" ">
    <subfield code="a">0774122102</subfield>
    <subfield code="q">(v. 8a)</subfield>
  </datafield>
  <datafield tag="020" ind1=" " ind2=" ">
    <subfield code="a">9780774122108</subfield>
    <subfield code="q">(v. 8a)</subfield>
  </datafield>
  <datafield tag="020" ind1=" " ind2=" ">
    <subfield code="a">0774121866</subfield>
    <subfield code="q">(v. 8b)</subfield>
  </datafield>
  <datafield tag="020" ind1=" " ind2=" ">
    <subfield code="a">9780774121866</subfield>
    <subfield code="q">(v. 8b)</subfield>
  </datafield>
  <datafield tag="020" ind1=" " ind2=" ">
    <subfield code="a">0774121955</subfield>
    <subfield code="q">(v. 9a)</subfield>
  </datafield>
  <datafield tag="020" ind1=" " ind2=" ">
    <subfield code="a">9780774121958</subfield>
    <subfield code="q">(v. 9a)</subfield>
  </datafield>
  <datafield tag="020" ind1=" " ind2=" ">
    <subfield code="a">0774122129</subfield>
    <subfield code="q">(v. 9b)</subfield>
  </datafield>
  <datafield tag="020" ind1=" " ind2=" ">
    <subfield code="a">9780774122122</subfield>
    <subfield code="q">(v. 9b)</subfield>
  </datafield>
  <datafield tag="020" ind1=" " ind2=" ">
    <subfield code="a">0774120207</subfield>
    <subfield code="q">(teacher&apos;s guide)</subfield>
  </datafield>
  <datafield tag="020" ind1=" " ind2=" ">
    <subfield code="a">9780774120203</subfield>
    <subfield code="q">(teacher&apos;s guide)</subfield>
  </datafield>
  <datafield tag="035" ind1=" " ind2=" ">
    <subfield code="a">ocm58544687</subfield>
  </datafield>
  <datafield tag="039" ind1=" " ind2=" ">
    <subfield code="a">(OCoLC)58544687</subfield>
    <subfield code="f">OCLC</subfield>
  </datafield>
  <datafield tag="040" ind1=" " ind2=" ">
    <subfield code="a">NLC</subfield>
    <subfield code="b">eng</subfield>
    <subfield code="c">NLC</subfield>
    <subfield code="d">OCLCO</subfield>
    <subfield code="d">OCLCQ</subfield>
    <subfield code="d">LTSCA</subfield>
    <subfield code="d">AEU</subfield>
  </datafield>
  <datafield tag="050" ind1=" " ind2="4">
    <subfield code="a">LB1513</subfield>
    <subfield code="b">.G732 2003</subfield>
  </datafield>
  <datafield tag="055" ind1="0" ind2="7">
    <subfield code="a">COP.AL.2.2003-340</subfield>
  </datafield>
  <datafield tag="082" ind1="1" ind2="4">
    <subfield code="a">372.7</subfield>
    <subfield code="2">13</subfield>
  </datafield>
  <datafield tag="090" ind1=" " ind2=" ">
    <subfield code="a">LB 1513 G732 2003</subfield>
    <subfield code="b">AEU</subfield>
  </datafield>
  <datafield tag="245" ind1="0" ind2="0">
    <subfield code="a">Grade two thematic.</subfield>
  </datafield>
  <datafield tag="260" ind1=" " ind2=" ">
    <subfield code="a">[Edmonton] :</subfield>
    <subfield code="b">Alberta Learning,</subfield>
    <subfield code="c">[2003]-©2004.</subfield>
  </datafield>
  <datafield tag="300" ind1=" " ind2=" ">
    <subfield code="a">18 volumes :</subfield>
    <subfield code="b">illustrations ;</subfield>
    <subfield code="c">22 x 30 cm +</subfield>
    <subfield code="e">18 booklets, 1 CD-ROM (teacher&apos;s guide)</subfield>
  </datafield>
  <datafield tag="336" ind1=" " ind2=" ">
    <subfield code="a">text</subfield>
    <subfield code="b">txt</subfield>
    <subfield code="2">rdacontent</subfield>
  </datafield>
  <datafield tag="337" ind1=" " ind2=" ">
    <subfield code="a">unmediated</subfield>
    <subfield code="b">n</subfield>
    <subfield code="2">rdamedia</subfield>
  </datafield>
  <datafield tag="338" ind1=" " ind2=" ">
    <subfield code="a">volume</subfield>
    <subfield code="b">nc</subfield>
    <subfield code="2">rdacarrier</subfield>
  </datafield>
  <datafield tag="505" ind1="1" ind2=" ">
    <subfield code="a">Module 1a-b. My world -- Module 2a-b. I love a good story -- Module 3a-b. My Canada -- Module 4a-b. Taking care of me -- Module 5a-b. Water-our most important liquid -- Module 6a-b. Beyond Canada -- Module 7a-b. Participate and be active -- Module 8a-b. Creep, crawl, flit, or fly -- Module 9a-b. The wonders of nature.</subfield>
  </datafield>
  <datafield tag="550" ind1=" " ind2=" ">
    <subfield code="a">Issued by: Learning Technologies Branch.</subfield>
  </datafield>
  <datafield tag="590" ind1=" " ind2=" ">
    <subfield code="a">Approved for use in Alberta schools.</subfield>
    <subfield code="5">CaAEU</subfield>
  </datafield>
  <datafield tag="596" ind1=" " ind2=" ">
    <subfield code="a">38</subfield>
  </datafield>
  <datafield tag="650" ind1=" " ind2="0">
    <subfield code="a">Education, Primary</subfield>
    <subfield code="v">Programmed instruction.</subfield>
  </datafield>
  <datafield tag="650" ind1=" " ind2="0">
    <subfield code="a">Active learning</subfield>
    <subfield code="v">Programmed instruction.</subfield>
  </datafield>
  <datafield tag="650" ind1=" " ind2="0">
    <subfield code="a">Inquiry-based learning</subfield>
    <subfield code="v">Programmed instruction.</subfield>
  </datafield>
  <datafield tag="710" ind1="1" ind2=" ">
    <subfield code="a">Alberta.</subfield>
    <subfield code="b">Alberta Learning.</subfield>
  </datafield>
  <datafield tag="710" ind1="1" ind2=" ">
    <subfield code="a">Alberta.</subfield>
    <subfield code="b">Learning Technologies Branch.</subfield>
  </datafield>
  <datafield tag="949" ind1=" " ind2=" ">
    <subfield code="a">LB 1513 G732 2003</subfield>
    <subfield code="v">mod.7B</subfield>
    <subfield code="h">UABA-B</subfield>
    <subfield code="i">0162034153401</subfield>
    <subfield code="z">OCLC_COPY</subfield>
  </datafield>
  <datafield tag="949" ind1=" " ind2=" ">
    <subfield code="a">LB 1513 G732 2003</subfield>
    <subfield code="v">mod.9B</subfield>
    <subfield code="h">UABA-B</subfield>
    <subfield code="i">0162034153161</subfield>
    <subfield code="z">OCLC_COPY</subfield>
  </datafield>
  <datafield tag="949" ind1=" " ind2=" ">
    <subfield code="a">LB 1513 G732 2003</subfield>
    <subfield code="v">mod.8A</subfield>
    <subfield code="h">UABA-B</subfield>
    <subfield code="i">0162034153344</subfield>
    <subfield code="z">OCLC_COPY</subfield>
  </datafield>
  <datafield tag="949" ind1=" " ind2=" ">
    <subfield code="a">LB 1513 G732 2003</subfield>
    <subfield code="v">mod.4B</subfield>
    <subfield code="h">UABA-B</subfield>
    <subfield code="i">0162034153351</subfield>
    <subfield code="z">OCLC_COPY</subfield>
  </datafield>
  <datafield tag="949" ind1=" " ind2=" ">
    <subfield code="a">LB 1513 G732 2003</subfield>
    <subfield code="v">mod.8B</subfield>
    <subfield code="h">UABA-B</subfield>
    <subfield code="i">0162034153286</subfield>
    <subfield code="z">OCLC_COPY</subfield>
  </datafield>
  <datafield tag="949" ind1=" " ind2=" ">
    <subfield code="a">LB 1513 G732 2003</subfield>
    <subfield code="v">mod.7A</subfield>
    <subfield code="h">UABA-B</subfield>
    <subfield code="i">0162034153468</subfield>
    <subfield code="z">OCLC_COPY</subfield>
  </datafield>
  <datafield tag="949" ind1=" " ind2=" ">
    <subfield code="a">LB 1513 G732 2003</subfield>
    <subfield code="v">mod.6B</subfield>
    <subfield code="h">UABA-B</subfield>
    <subfield code="i">0162034153526</subfield>
    <subfield code="z">OCLC_COPY</subfield>
  </datafield>
  <datafield tag="949" ind1=" " ind2=" ">
    <subfield code="a">LB 1513 G732 2003</subfield>
    <subfield code="v">bklt.1A</subfield>
    <subfield code="h">UABA-B</subfield>
    <subfield code="i">0162034153393</subfield>
    <subfield code="z">OCLC_COPY</subfield>
  </datafield>
  <datafield tag="949" ind1=" " ind2=" ">
    <subfield code="a">LB 1513 G732 2003</subfield>
    <subfield code="v">bklt.1B</subfield>
    <subfield code="h">UABA-B</subfield>
    <subfield code="i">0162034153450</subfield>
    <subfield code="z">OCLC_COPY</subfield>
  </datafield>
  <datafield tag="949" ind1=" " ind2=" ">
    <subfield code="a">LB 1513 G732 2003</subfield>
    <subfield code="v">CD-ROM</subfield>
    <subfield code="h">UABA-B</subfield>
    <subfield code="i">0162034153385</subfield>
    <subfield code="z">OCLC_COPY</subfield>
  </datafield>
  <datafield tag="949" ind1=" " ind2=" ">
    <subfield code="a">LB 1513 G732 2003</subfield>
    <subfield code="v">mod.5B</subfield>
    <subfield code="h">UABA-B</subfield>
    <subfield code="i">0162034153641</subfield>
    <subfield code="z">OCLC_COPY</subfield>
  </datafield>
  <datafield tag="949" ind1=" " ind2=" ">
    <subfield code="a">LB 1513 G732 2003</subfield>
    <subfield code="v">mod.5A</subfield>
    <subfield code="h">UABA-B</subfield>
    <subfield code="i">0162034153708</subfield>
    <subfield code="z">OCLC_COPY</subfield>
  </datafield>
  <datafield tag="949" ind1=" " ind2=" ">
    <subfield code="a">LB 1513 G732 2003</subfield>
    <subfield code="v">mod.2A</subfield>
    <subfield code="h">UABA-B</subfield>
    <subfield code="i">0162034153765</subfield>
    <subfield code="z">OCLC_COPY</subfield>
  </datafield>
  <datafield tag="949" ind1=" " ind2=" ">
    <subfield code="a">LB 1513 G732 2003</subfield>
    <subfield code="v">mod.1B</subfield>
    <subfield code="h">UABA-B</subfield>
    <subfield code="i">0162034153112</subfield>
    <subfield code="z">OCLC_COPY</subfield>
  </datafield>
  <datafield tag="949" ind1=" " ind2=" ">
    <subfield code="a">LB 1513 G732 2003</subfield>
    <subfield code="v">mod.3B</subfield>
    <subfield code="h">UABA-B</subfield>
    <subfield code="i">0162034153179</subfield>
    <subfield code="z">OCLC_COPY</subfield>
  </datafield>
  <datafield tag="949" ind1=" " ind2=" ">
    <subfield code="a">LB 1513 G732 2003</subfield>
    <subfield code="v">mod.3A</subfield>
    <subfield code="h">UABA-B</subfield>
    <subfield code="i">0162034153237</subfield>
    <subfield code="z">OCLC_COPY</subfield>
  </datafield>
  <datafield tag="949" ind1=" " ind2=" ">
    <subfield code="a">LB 1513 G732 2003</subfield>
    <subfield code="v">mod.2B</subfield>
    <subfield code="h">UABA-B</subfield>
    <subfield code="i">0162034153294</subfield>
    <subfield code="z">OCLC_COPY</subfield>
  </datafield>
  <datafield tag="949" ind1=" " ind2=" ">
    <subfield code="a">LB 1513 G732 2003</subfield>
    <subfield code="v">mod.4A</subfield>
    <subfield code="h">UABA-B</subfield>
    <subfield code="i">0162034153419</subfield>
    <subfield code="z">OCLC_COPY</subfield>
  </datafield>
  <datafield tag="949" ind1=" " ind2=" ">
    <subfield code="a">LB 1513 G732 2003</subfield>
    <subfield code="v">bklt.5A</subfield>
    <subfield code="h">UABA-B</subfield>
    <subfield code="i">0162034153575</subfield>
    <subfield code="z">OCLC_COPY</subfield>
  </datafield>
  <datafield tag="949" ind1=" " ind2=" ">
    <subfield code="a">LB 1513 G732 2003</subfield>
    <subfield code="v">bklt.5B</subfield>
    <subfield code="h">UABA-B</subfield>
    <subfield code="i">0162034153633</subfield>
    <subfield code="z">OCLC_COPY</subfield>
  </datafield>
  <datafield tag="949" ind1=" " ind2=" ">
    <subfield code="a">LB 1513 G732 2003</subfield>
    <subfield code="v">bklt.6A</subfield>
    <subfield code="h">UABA-B</subfield>
    <subfield code="i">0162034153690</subfield>
    <subfield code="z">OCLC_COPY</subfield>
  </datafield>
  <datafield tag="949" ind1=" " ind2=" ">
    <subfield code="a">LB 1513 G732 2003</subfield>
    <subfield code="v">bklt.6B</subfield>
    <subfield code="h">UABA-B</subfield>
    <subfield code="i">0162034153757</subfield>
    <subfield code="z">OCLC_COPY</subfield>
  </datafield>
  <datafield tag="949" ind1=" " ind2=" ">
    <subfield code="a">LB 1513 G732 2003</subfield>
    <subfield code="v">bklt.7A</subfield>
    <subfield code="h">UABA-B</subfield>
    <subfield code="i">0162034153740</subfield>
    <subfield code="z">OCLC_COPY</subfield>
  </datafield>
  <datafield tag="949" ind1=" " ind2=" ">
    <subfield code="a">LB 1513 G732 2003</subfield>
    <subfield code="v">bklt.7B</subfield>
    <subfield code="h">UABA-B</subfield>
    <subfield code="i">0162034153682</subfield>
    <subfield code="z">OCLC_COPY</subfield>
  </datafield>
  <datafield tag="949" ind1=" " ind2=" ">
    <subfield code="a">LB 1513 G732 2003</subfield>
    <subfield code="v">bklt.8A</subfield>
    <subfield code="h">UABA-B</subfield>
    <subfield code="i">0162034153625</subfield>
    <subfield code="z">OCLC_COPY</subfield>
  </datafield>
  <datafield tag="949" ind1=" " ind2=" ">
    <subfield code="a">LB 1513 G732 2003</subfield>
    <subfield code="v">bklt.9A</subfield>
    <subfield code="h">UABA-B</subfield>
    <subfield code="i">0162034153500</subfield>
    <subfield code="z">OCLC_COPY</subfield>
  </datafield>
  <datafield tag="949" ind1=" " ind2=" ">
    <subfield code="a">LB 1513 G732 2003</subfield>
    <subfield code="v">bklt.9B</subfield>
    <subfield code="h">UABA-B</subfield>
    <subfield code="i">0162034153443</subfield>
    <subfield code="z">OCLC_COPY</subfield>
  </datafield>
  <datafield tag="949" ind1=" " ind2=" ">
    <subfield code="a">LB 1513 G732 2003</subfield>
    <subfield code="v">bklt.8B</subfield>
    <subfield code="h">UABA-B</subfield>
    <subfield code="i">0162034153567</subfield>
    <subfield code="z">OCLC_COPY</subfield>
  </datafield>
  <datafield tag="949" ind1=" " ind2=" ">
    <subfield code="a">LB 1513 G732 2003</subfield>
    <subfield code="v">mod.1A</subfield>
    <subfield code="h">UABA-B</subfield>
    <subfield code="i">0162034153104</subfield>
    <subfield code="z">OCLC_COPY</subfield>
  </datafield>
  <datafield tag="949" ind1=" " ind2=" ">
    <subfield code="a">LB 1513 G732 2003</subfield>
    <subfield code="v">mod.9A</subfield>
    <subfield code="h">UABA-B</subfield>
    <subfield code="i">0162034153229</subfield>
    <subfield code="z">OCLC_COPY</subfield>
  </datafield>
  <datafield tag="949" ind1=" " ind2=" ">
    <subfield code="a">LB 1513 G732 2003</subfield>
    <subfield code="v">mod.6A</subfield>
    <subfield code="h">UABA-B</subfield>
    <subfield code="i">0162034153583</subfield>
    <subfield code="z">OCLC_COPY</subfield>
  </datafield>
  <datafield tag="949" ind1=" " ind2=" ">
    <subfield code="a">LB 1513 G732 2003</subfield>
    <subfield code="v">bklt.4A</subfield>
    <subfield code="h">UABA-B</subfield>
    <subfield code="i">0162034153096</subfield>
    <subfield code="z">OCLC_COPY</subfield>
  </datafield>
  <datafield tag="949" ind1=" " ind2=" ">
    <subfield code="a">LB 1513 G732 2003</subfield>
    <subfield code="v">bklt.4B</subfield>
    <subfield code="h">UABA-B</subfield>
    <subfield code="i">0162034153153</subfield>
    <subfield code="z">OCLC_COPY</subfield>
  </datafield>
  <datafield tag="949" ind1=" " ind2=" ">
    <subfield code="a">LB 1513 G732 2003</subfield>
    <subfield code="v">bklt.2B</subfield>
    <subfield code="h">UABA-B</subfield>
    <subfield code="i">0162034153211</subfield>
    <subfield code="z">OCLC_COPY</subfield>
  </datafield>
  <datafield tag="949" ind1=" " ind2=" ">
    <subfield code="a">LB 1513 G732 2003</subfield>
    <subfield code="v">bklt.3A</subfield>
    <subfield code="h">UABA-B</subfield>
    <subfield code="i">0162034153278</subfield>
    <subfield code="z">OCLC_COPY</subfield>
  </datafield>
  <datafield tag="949" ind1=" " ind2=" ">
    <subfield code="a">LB 1513 G732 2003</subfield>
    <subfield code="v">bklt.3B</subfield>
    <subfield code="h">UABA-B</subfield>
    <subfield code="i">0162034153336</subfield>
    <subfield code="z">OCLC_COPY</subfield>
  </datafield>
  <datafield tag="949" ind1=" " ind2=" ">
    <subfield code="a">LB 1513 G732 2003</subfield>
    <subfield code="v">bklt.2A</subfield>
    <subfield code="h">UABA-B</subfield>
    <subfield code="i">0162034153518</subfield>
    <subfield code="z">OCLC_COPY</subfield>
  </datafield>
  <datafield tag="926" ind1=" " ind2=" ">
    <subfield code="a">UABARD</subfield>
    <subfield code="b">ON_SHELF</subfield>
    <subfield code="c">LB 1513 G732 2003 bklt.1A</subfield>
    <subfield code="d">BOOK</subfield>
    <subfield code="f">1</subfield>
  </datafield>
  <datafield tag="926" ind1=" " ind2=" ">
    <subfield code="a">UABARD</subfield>
    <subfield code="b">ON_SHELF</subfield>
    <subfield code="c">LB 1513 G732 2003 bklt.1B</subfield>
    <subfield code="d">BOOK</subfield>
    <subfield code="f">1</subfield>
  </datafield>
  <datafield tag="926" ind1=" " ind2=" ">
    <subfield code="a">UABARD</subfield>
    <subfield code="b">ON_SHELF</subfield>
    <subfield code="c">LB 1513 G732 2003 bklt.2A</subfield>
    <subfield code="d">BOOK</subfield>
    <subfield code="f">1</subfield>
  </datafield>
  <datafield tag="926" ind1=" " ind2=" ">
    <subfield code="a">UABARD</subfield>
    <subfield code="b">ON_SHELF</subfield>
    <subfield code="c">LB 1513 G732 2003 bklt.2B</subfield>
    <subfield code="d">BOOK</subfield>
    <subfield code="f">1</subfield>
  </datafield>
  <datafield tag="926" ind1=" " ind2=" ">
    <subfield code="a">UABARD</subfield>
    <subfield code="b">ON_SHELF</subfield>
    <subfield code="c">LB 1513 G732 2003 bklt.3A</subfield>
    <subfield code="d">BOOK</subfield>
    <subfield code="f">1</subfield>
  </datafield>
  <datafield tag="926" ind1=" " ind2=" ">
    <subfield code="a">UABARD</subfield>
    <subfield code="b">ON_SHELF</subfield>
    <subfield code="c">LB 1513 G732 2003 bklt.3B</subfield>
    <subfield code="d">BOOK</subfield>
    <subfield code="f">1</subfield>
  </datafield>
  <datafield tag="926" ind1=" " ind2=" ">
    <subfield code="a">UABARD</subfield>
    <subfield code="b">ON_SHELF</subfield>
    <subfield code="c">LB 1513 G732 2003 bklt.4A</subfield>
    <subfield code="d">BOOK</subfield>
    <subfield code="f">1</subfield>
  </datafield>
  <datafield tag="926" ind1=" " ind2=" ">
    <subfield code="a">UABARD</subfield>
    <subfield code="b">ON_SHELF</subfield>
    <subfield code="c">LB 1513 G732 2003 bklt.4B</subfield>
    <subfield code="d">BOOK</subfield>
    <subfield code="f">1</subfield>
  </datafield>
  <datafield tag="926" ind1=" " ind2=" ">
    <subfield code="a">UABARD</subfield>
    <subfield code="b">ON_SHELF</subfield>
    <subfield code="c">LB 1513 G732 2003 bklt.5A</subfield>
    <subfield code="d">BOOK</subfield>
    <subfield code="f">1</subfield>
  </datafield>
  <datafield tag="926" ind1=" " ind2=" ">
    <subfield code="a">UABARD</subfield>
    <subfield code="b">ON_SHELF</subfield>
    <subfield code="c">LB 1513 G732 2003 bklt.5B</subfield>
    <subfield code="d">BOOK</subfield>
    <subfield code="f">1</subfield>
  </datafield>
  <datafield tag="926" ind1=" " ind2=" ">
    <subfield code="a">UABARD</subfield>
    <subfield code="b">ON_SHELF</subfield>
    <subfield code="c">LB 1513 G732 2003 bklt.6A</subfield>
    <subfield code="d">BOOK</subfield>
    <subfield code="f">1</subfield>
  </datafield>
  <datafield tag="926" ind1=" " ind2=" ">
    <subfield code="a">UABARD</subfield>
    <subfield code="b">ON_SHELF</subfield>
    <subfield code="c">LB 1513 G732 2003 bklt.6B</subfield>
    <subfield code="d">BOOK</subfield>
    <subfield code="f">1</subfield>
  </datafield>
  <datafield tag="926" ind1=" " ind2=" ">
    <subfield code="a">UABARD</subfield>
    <subfield code="b">ON_SHELF</subfield>
    <subfield code="c">LB 1513 G732 2003 bklt.7A</subfield>
    <subfield code="d">BOOK</subfield>
    <subfield code="f">1</subfield>
  </datafield>
  <datafield tag="926" ind1=" " ind2=" ">
    <subfield code="a">UABARD</subfield>
    <subfield code="b">ON_SHELF</subfield>
    <subfield code="c">LB 1513 G732 2003 bklt.7B</subfield>
    <subfield code="d">BOOK</subfield>
    <subfield code="f">1</subfield>
  </datafield>
  <datafield tag="926" ind1=" " ind2=" ">
    <subfield code="a">UABARD</subfield>
    <subfield code="b">ON_SHELF</subfield>
    <subfield code="c">LB 1513 G732 2003 bklt.8A</subfield>
    <subfield code="d">BOOK</subfield>
    <subfield code="f">1</subfield>
  </datafield>
  <datafield tag="926" ind1=" " ind2=" ">
    <subfield code="a">UABARD</subfield>
    <subfield code="b">ON_SHELF</subfield>
    <subfield code="c">LB 1513 G732 2003 bklt.8B</subfield>
    <subfield code="d">BOOK</subfield>
    <subfield code="f">1</subfield>
  </datafield>
  <datafield tag="926" ind1=" " ind2=" ">
    <subfield code="a">UABARD</subfield>
    <subfield code="b">ON_SHELF</subfield>
    <subfield code="c">LB 1513 G732 2003 bklt.9A</subfield>
    <subfield code="d">BOOK</subfield>
    <subfield code="f">1</subfield>
  </datafield>
  <datafield tag="926" ind1=" " ind2=" ">
    <subfield code="a">UABARD</subfield>
    <subfield code="b">ON_SHELF</subfield>
    <subfield code="c">LB 1513 G732 2003 bklt.9B</subfield>
    <subfield code="d">BOOK</subfield>
    <subfield code="f">1</subfield>
  </datafield>
  <datafield tag="926" ind1=" " ind2=" ">
    <subfield code="a">UABARD</subfield>
    <subfield code="b">ON_SHELF</subfield>
    <subfield code="c">LB 1513 G732 2003 CD-ROM tch.gd.</subfield>
    <subfield code="d">MEDIA</subfield>
    <subfield code="f">1</subfield>
  </datafield>
  <datafield tag="926" ind1=" " ind2=" ">
    <subfield code="a">UABARD</subfield>
    <subfield code="b">ON_SHELF</subfield>
    <subfield code="c">LB 1513 G732 2003 mod.1A</subfield>
    <subfield code="d">BOOK</subfield>
    <subfield code="f">1</subfield>
  </datafield>
  <datafield tag="926" ind1=" " ind2=" ">
    <subfield code="a">UABARD</subfield>
    <subfield code="b">ON_SHELF</subfield>
    <subfield code="c">LB 1513 G732 2003 mod.1B</subfield>
    <subfield code="d">BOOK</subfield>
    <subfield code="f">1</subfield>
  </datafield>
  <datafield tag="926" ind1=" " ind2=" ">
    <subfield code="a">UABARD</subfield>
    <subfield code="b">ON_SHELF</subfield>
    <subfield code="c">LB 1513 G732 2003 mod.2A</subfield>
    <subfield code="d">BOOK</subfield>
    <subfield code="f">1</subfield>
  </datafield>
  <datafield tag="926" ind1=" " ind2=" ">
    <subfield code="a">UABARD</subfield>
    <subfield code="b">ON_SHELF</subfield>
    <subfield code="c">LB 1513 G732 2003 mod.2B</subfield>
    <subfield code="d">BOOK</subfield>
    <subfield code="f">1</subfield>
  </datafield>
  <datafield tag="926" ind1=" " ind2=" ">
    <subfield code="a">UABARD</subfield>
    <subfield code="b">ON_SHELF</subfield>
    <subfield code="c">LB 1513 G732 2003 mod.3A</subfield>
    <subfield code="d">BOOK</subfield>
    <subfield code="f">1</subfield>
  </datafield>
  <datafield tag="926" ind1=" " ind2=" ">
    <subfield code="a">UABARD</subfield>
    <subfield code="b">ON_SHELF</subfield>
    <subfield code="c">LB 1513 G732 2003 mod.3B</subfield>
    <subfield code="d">BOOK</subfield>
    <subfield code="f">1</subfield>
  </datafield>
  <datafield tag="926" ind1=" " ind2=" ">
    <subfield code="a">UABARD</subfield>
    <subfield code="b">ON_SHELF</subfield>
    <subfield code="c">LB 1513 G732 2003 mod.4A</subfield>
    <subfield code="d">BOOK</subfield>
    <subfield code="f">1</subfield>
  </datafield>
  <datafield tag="926" ind1=" " ind2=" ">
    <subfield code="a">UABARD</subfield>
    <subfield code="b">ON_SHELF</subfield>
    <subfield code="c">LB 1513 G732 2003 mod.4B</subfield>
    <subfield code="d">BOOK</subfield>
    <subfield code="f">1</subfield>
  </datafield>
  <datafield tag="926" ind1=" " ind2=" ">
    <subfield code="a">UABARD</subfield>
    <subfield code="b">ON_SHELF</subfield>
    <subfield code="c">LB 1513 G732 2003 mod.5A</subfield>
    <subfield code="d">BOOK</subfield>
    <subfield code="f">1</subfield>
  </datafield>
  <datafield tag="926" ind1=" " ind2=" ">
    <subfield code="a">UABARD</subfield>
    <subfield code="b">ON_SHELF</subfield>
    <subfield code="c">LB 1513 G732 2003 mod.5B</subfield>
    <subfield code="d">BOOK</subfield>
    <subfield code="f">1</subfield>
  </datafield>
  <datafield tag="926" ind1=" " ind2=" ">
    <subfield code="a">UABARD</subfield>
    <subfield code="b">ON_SHELF</subfield>
    <subfield code="c">LB 1513 G732 2003 mod.6A</subfield>
    <subfield code="d">BOOK</subfield>
    <subfield code="f">1</subfield>
  </datafield>
  <datafield tag="926" ind1=" " ind2=" ">
    <subfield code="a">UABARD</subfield>
    <subfield code="b">ON_SHELF</subfield>
    <subfield code="c">LB 1513 G732 2003 mod.6B</subfield>
    <subfield code="d">BOOK</subfield>
    <subfield code="f">1</subfield>
  </datafield>
  <datafield tag="926" ind1=" " ind2=" ">
    <subfield code="a">UABARD</subfield>
    <subfield code="b">ON_SHELF</subfield>
    <subfield code="c">LB 1513 G732 2003 mod.7A</subfield>
    <subfield code="d">BOOK</subfield>
    <subfield code="f">1</subfield>
  </datafield>
  <datafield tag="926" ind1=" " ind2=" ">
    <subfield code="a">UABARD</subfield>
    <subfield code="b">ON_SHELF</subfield>
    <subfield code="c">LB 1513 G732 2003 mod.7B</subfield>
    <subfield code="d">BOOK</subfield>
    <subfield code="f">1</subfield>
  </datafield>
  <datafield tag="926" ind1=" " ind2=" ">
    <subfield code="a">UABARD</subfield>
    <subfield code="b">ON_SHELF</subfield>
    <subfield code="c">LB 1513 G732 2003 mod.8A</subfield>
    <subfield code="d">BOOK</subfield>
    <subfield code="f">1</subfield>
  </datafield>
  <datafield tag="926" ind1=" " ind2=" ">
    <subfield code="a">UABARD</subfield>
    <subfield code="b">ON_SHELF</subfield>
    <subfield code="c">LB 1513 G732 2003 mod.8B</subfield>
    <subfield code="d">BOOK</subfield>
    <subfield code="f">1</subfield>
  </datafield>
  <datafield tag="926" ind1=" " ind2=" ">
    <subfield code="a">UABARD</subfield>
    <subfield code="b">ON_SHELF</subfield>
    <subfield code="c">LB 1513 G732 2003 mod.9A</subfield>
    <subfield code="d">BOOK</subfield>
    <subfield code="f">1</subfield>
  </datafield>
  <datafield tag="926" ind1=" " ind2=" ">
    <subfield code="a">UABARD</subfield>
    <subfield code="b">ON_SHELF</subfield>
    <subfield code="c">LB 1513 G732 2003 mod.9B</subfield>
    <subfield code="d">BOOK</subfield>
    <subfield code="f">1</subfield>
  </datafield>
</record>
</collection>
