<record xmlns="http://www.loc.gov/MARC21/slim">
  <leader>05061cam a22007093a 4500</leader>
  <controlfield tag="001">4407283</controlfield>
  <controlfield tag="003">CaOOAMICUS</controlfield>
  <controlfield tag="005">20090818121445.0</controlfield>
  <controlfield tag="008">090818s2009    abc          s000 0 eng  </controlfield>
  <datafield tag="035" ind1=" " ind2=" ">
    <subfield code="a">ocn432421482</subfield>
  </datafield>
  <datafield tag="040" ind1=" " ind2=" ">
    <subfield code="a">CaOONL</subfield>
    <subfield code="b">eng</subfield>
    <subfield code="c">CaOONL</subfield>
    <subfield code="d">AVC</subfield>
  </datafield>
  <datafield tag="090" ind1=" " ind2=" ">
    <subfield code="a">Internet Access</subfield>
    <subfield code="b">AVC</subfield>
  </datafield>
  <datafield tag="090" ind1=" " ind2=" ">
    <subfield code="a">Internet Access</subfield>
    <subfield code="b">AEED</subfield>
  </datafield>
  <datafield tag="090" ind1=" " ind2=" ">
    <subfield code="a">Internet Access</subfield>
    <subfield code="b">AEU</subfield>
  </datafield>
  <datafield tag="090" ind1=" " ind2=" ">
    <subfield code="a">HN 49 C6 G920 2009</subfield>
    <subfield code="b">AEED</subfield>
  </datafield>
  <datafield tag="090" ind1=" " ind2=" ">
    <subfield code="a">HN 49 C6 G76 2009</subfield>
    <subfield code="b">AEU</subfield>
  </datafield>
  <datafield tag="110" ind1="2" ind2=" ">
    <subfield code="a">Growing Forward (Canada)</subfield>
  </datafield>
  <datafield tag="245" ind1="1" ind2="0">
    <subfield code="a">Growing forward :</subfield>
    <subfield code="b">the Capital Region growth plan.</subfield>
  </datafield>
  <datafield tag="260" ind1=" " ind2=" ">
    <subfield code="a">[Edmonton :</subfield>
    <subfield code="b">Alberta Municipal Affairs],</subfield>
    <subfield code="c">2009.</subfield>
  </datafield>
  <datafield tag="300" ind1=" " ind2=" ">
    <subfield code="a">6 v. ;</subfield>
    <subfield code="b">ill. ;</subfield>
    <subfield code="c">28 cm. +</subfield>
    <subfield code="e">1 CD-ROM (4 3/4 in.)</subfield>
  </datafield>
  <datafield tag="336" ind1=" " ind2=" ">
    <subfield code="a">text</subfield>
    <subfield code="b">txt</subfield>
    <subfield code="2">rdacontent</subfield>
  </datafield>
  <datafield tag="337" ind1=" " ind2=" ">
    <subfield code="a">unmediated</subfield>
    <subfield code="b">n</subfield>
    <subfield code="2">rdamedia</subfield>
  </datafield>
  <datafield tag="338" ind1=" " ind2=" ">
    <subfield code="a">volume</subfield>
    <subfield code="b">nc</subfield>
    <subfield code="2">rdacarrier</subfield>
  </datafield>
  <datafield tag="500" ind1=" " ind2=" ">
    <subfield code="a">Title from cover.</subfield>
  </datafield>
  <datafield tag="500" ind1=" " ind2=" ">
    <subfield code="a">&quot;March 2009&quot;.</subfield>
  </datafield>
  <datafield tag="505" ind1="0" ind2="0">
    <subfield code="g">Appendix 1.</subfield>
    <subfield code="t">Capital Region population &amp; employment projections report --</subfield>
    <subfield code="g">Appendix 2.</subfield>
    <subfield code="t">Capital Region land use plan --</subfield>
    <subfield code="g">Appendix 3.</subfield>
    <subfield code="t">Capital Region intermunicipal transit network plan --</subfield>
    <subfield code="g">Appendix 4.</subfield>
    <subfield code="t">Capital Region geographic information services (CRGIS) : strategy and implementation plan --</subfield>
    <subfield code="g">Appendix 5.</subfield>
    <subfield code="t">Capital Region housing plan : strategy and implementation plan.</subfield>
  </datafield>
  <datafield tag="520" ind1=" " ind2=" ">
    <subfield code="a">The Capital Region Growth Plan: Growing Forward was submitted to the Honourable Ray Danyluk, Minister of Municipal Affairs on April 2, 2009. The Growth Plan provides a vision for the Capital Region in the future. The Growth Plan includes four components: a Land Use Plan, an Intermunicipal Transit Network Plan, a Geographic Information Services (GIS) Plan, and a Housing Plan. The Land Use Plan is based on sound planning principles that will allow the Region to: manage growth while minimizing the development footprint; strengthen communities; focus on transit-oriented development; and ensure a strong economy in the future. The Transit Plan charts a course for coordinated expansion of intermunicipal transit. The GIS Plan sets out a process for establishing an information service that will allow the Capital Region Board to make effective regional decisions and measure the impact of those decisions. The Housing Plan is a blueprint to ensure Capital Region residents have access to affordable housing. As key elements of the Capital Region Growth Plan, these four components are based on interrelated principles and will together support the vision of a prosperous economy and an improved quality of life in the Capital Region.</subfield>
  </datafield>
  <datafield tag="530" ind1=" " ind2=" ">
    <subfield code="a">Also available online.</subfield>
  </datafield>
  <datafield tag="596" ind1=" " ind2=" ">
    <subfield code="a">2 43 44 52 53</subfield>
  </datafield>
  <datafield tag="650" ind1=" " ind2="0">
    <subfield code="a">Community development</subfield>
    <subfield code="z">Alberta.</subfield>
  </datafield>
  <datafield tag="650" ind1=" " ind2="0">
    <subfield code="a">Economic development projects</subfield>
    <subfield code="z">Alberta.</subfield>
  </datafield>
  <datafield tag="650" ind1=" " ind2="0">
    <subfield code="a">Regional planning</subfield>
    <subfield code="z">Alberta.</subfield>
  </datafield>
  <datafield tag="710" ind1="1" ind2=" ">
    <subfield code="a">Alberta.</subfield>
    <subfield code="b">Alberta Municipal Affairs.</subfield>
  </datafield>
  <datafield tag="710" ind1="2" ind2=" ">
    <subfield code="a">Capital Region Board (Alberta).</subfield>
  </datafield>
  <datafield tag="856" ind1="4" ind2="1">
    <subfield code="3">Free Access: main report</subfield>
    <subfield code="u">http://www.assembly.ab.ca/lao/library/egovdocs/2009/alma/172916.pdf</subfield>
  </datafield>
  <datafield tag="856" ind1="4" ind2="1">
    <subfield code="3">Free Access: append.1</subfield>
    <subfield code="u">http://www.assembly.ab.ca/lao/library/egovdocs/2009/alma/172916_01.pdf</subfield>
  </datafield>
  <datafield tag="856" ind1="4" ind2="1">
    <subfield code="3">Free Access: append.2</subfield>
    <subfield code="u">http://www.assembly.ab.ca/lao/library/egovdocs/2009/alma/172916_02.pdf</subfield>
  </datafield>
  <datafield tag="856" ind1="4" ind2="1">
    <subfield code="3">Free Access: append.3</subfield>
    <subfield code="u">http://www.assembly.ab.ca/lao/library/egovdocs/2009/alma/172916_03.pdf</subfield>
  </datafield>
  <datafield tag="856" ind1="4" ind2="1">
    <subfield code="3">Free Access: append.4</subfield>
    <subfield code="u">http://www.assembly.ab.ca/lao/library/egovdocs/2009/alma/172916_04.pdf</subfield>
  </datafield>
  <datafield tag="856" ind1="4" ind2="1">
    <subfield code="3">Free Access: append.5</subfield>
    <subfield code="u">http://www.assembly.ab.ca/lao/library/egovdocs/2009/alma/172916_05.pdf</subfield>
  </datafield>
  <datafield tag="856" ind1="4" ind2="1">
    <subfield code="3">Free Access: executive summary</subfield>
    <subfield code="u">http://capitalregionboard.ab.ca/-/reports/crb_executivesummary_e.pdf</subfield>
  </datafield>
  <datafield tag="926" ind1=" " ind2=" ">
    <subfield code="a">AGL_CAP</subfield>
    <subfield code="b">ON_SHELF</subfield>
    <subfield code="c">HN 49 C6 G920 2009</subfield>
    <subfield code="d">BOOK</subfield>
    <subfield code="f">1</subfield>
  </datafield>
  <datafield tag="926" ind1=" " ind2=" ">
    <subfield code="a">AGL_CAP</subfield>
    <subfield code="b">ARCHIVES</subfield>
    <subfield code="c">HN 49 C6 G920 2009</subfield>
    <subfield code="d">NO_LOAN</subfield>
    <subfield code="f">2</subfield>
  </datafield>
  <datafield tag="926" ind1=" " ind2=" ">
    <subfield code="a">AGL_CAP</subfield>
    <subfield code="b">ON_SHELF</subfield>
    <subfield code="c">HN 49 C6 G920 2009 Appendix 1</subfield>
    <subfield code="d">BOOK</subfield>
    <subfield code="f">1</subfield>
  </datafield>
  <datafield tag="926" ind1=" " ind2=" ">
    <subfield code="a">AGL_CAP</subfield>
    <subfield code="b">ARCHIVES</subfield>
    <subfield code="c">HN 49 C6 G920 2009 Appendix 1</subfield>
    <subfield code="d">NO_LOAN</subfield>
    <subfield code="f">2</subfield>
  </datafield>
  <datafield tag="926" ind1=" " ind2=" ">
    <subfield code="a">AGL_CAP</subfield>
    <subfield code="b">ON_SHELF</subfield>
    <subfield code="c">HN 49 C6 G920 2009 Appendix 2</subfield>
    <subfield code="d">BOOK</subfield>
    <subfield code="f">1</subfield>
  </datafield>
  <datafield tag="926" ind1=" " ind2=" ">
    <subfield code="a">AGL_CAP</subfield>
    <subfield code="b">ARCHIVES</subfield>
    <subfield code="c">HN 49 C6 G920 2009 Appendix 2</subfield>
    <subfield code="d">NO_LOAN</subfield>
    <subfield code="f">2</subfield>
  </datafield>
  <datafield tag="926" ind1=" " ind2=" ">
    <subfield code="a">AGL_CAP</subfield>
    <subfield code="b">ON_SHELF</subfield>
    <subfield code="c">HN 49 C6 G920 2009 Appendix 3</subfield>
    <subfield code="d">BOOK</subfield>
    <subfield code="f">1</subfield>
  </datafield>
  <datafield tag="926" ind1=" " ind2=" ">
    <subfield code="a">AGL_CAP</subfield>
    <subfield code="b">ARCHIVES</subfield>
    <subfield code="c">HN 49 C6 G920 2009 Appendix 3</subfield>
    <subfield code="d">NO_LOAN</subfield>
    <subfield code="f">2</subfield>
  </datafield>
  <datafield tag="926" ind1=" " ind2=" ">
    <subfield code="a">AGL_CAP</subfield>
    <subfield code="b">ON_SHELF</subfield>
    <subfield code="c">HN 49 C6 G920 2009 Appendix 4</subfield>
    <subfield code="d">BOOK</subfield>
    <subfield code="f">1</subfield>
  </datafield>
  <datafield tag="926" ind1=" " ind2=" ">
    <subfield code="a">AGL_CAP</subfield>
    <subfield code="b">ARCHIVES</subfield>
    <subfield code="c">HN 49 C6 G920 2009 Appendix 4</subfield>
    <subfield code="d">NO_LOAN</subfield>
    <subfield code="f">2</subfield>
  </datafield>
  <datafield tag="926" ind1=" " ind2=" ">
    <subfield code="a">AGL_CAP</subfield>
    <subfield code="b">ON_SHELF</subfield>
    <subfield code="c">HN 49 C6 G920 2009 Appendix 5</subfield>
    <subfield code="d">BOOK</subfield>
    <subfield code="f">1</subfield>
  </datafield>
  <datafield tag="926" ind1=" " ind2=" ">
    <subfield code="a">AGL_CAP</subfield>
    <subfield code="b">ARCHIVES</subfield>
    <subfield code="c">HN 49 C6 G920 2009 Appendix 5</subfield>
    <subfield code="d">NO_LOAN</subfield>
    <subfield code="f">2</subfield>
  </datafield>
  <datafield tag="926" ind1=" " ind2=" ">
    <subfield code="a">UAHSS</subfield>
    <subfield code="b">ON_SHELF</subfield>
    <subfield code="c">HN 49 C6 G76 2009</subfield>
    <subfield code="d">BOOK</subfield>
    <subfield code="f">1</subfield>
  </datafield>
  <datafield tag="926" ind1=" " ind2=" ">
    <subfield code="a">UAHSS</subfield>
    <subfield code="b">ON_SHELF</subfield>
    <subfield code="c">HN 49 C6 G76 2009 append.1</subfield>
    <subfield code="d">BOOK</subfield>
    <subfield code="f">1</subfield>
  </datafield>
  <datafield tag="926" ind1=" " ind2=" ">
    <subfield code="a">UAHSS</subfield>
    <subfield code="b">ON_SHELF</subfield>
    <subfield code="c">HN 49 C6 G76 2009 append.2</subfield>
    <subfield code="d">BOOK</subfield>
    <subfield code="f">1</subfield>
  </datafield>
  <datafield tag="926" ind1=" " ind2=" ">
    <subfield code="a">UAHSS</subfield>
    <subfield code="b">ON_SHELF</subfield>
    <subfield code="c">HN 49 C6 G76 2009 append.3</subfield>
    <subfield code="d">BOOK</subfield>
    <subfield code="f">1</subfield>
  </datafield>
  <datafield tag="926" ind1=" " ind2=" ">
    <subfield code="a">UAHSS</subfield>
    <subfield code="b">ON_SHELF</subfield>
    <subfield code="c">HN 49 C6 G76 2009 append.4</subfield>
    <subfield code="d">BOOK</subfield>
    <subfield code="f">1</subfield>
  </datafield>
  <datafield tag="926" ind1=" " ind2=" ">
    <subfield code="a">UAHSS</subfield>
    <subfield code="b">ON_SHELF</subfield>
    <subfield code="c">HN 49 C6 G76 2009 append.5</subfield>
    <subfield code="d">BOOK</subfield>
    <subfield code="f">1</subfield>
  </datafield>
  <datafield tag="926" ind1=" " ind2=" ">
    <subfield code="a">UAINTERNET</subfield>
    <subfield code="b">INTERNET</subfield>
    <subfield code="c">Internet Access</subfield>
    <subfield code="d">E-RESOURCE</subfield>
    <subfield code="f">1</subfield>
  </datafield>
  <datafield tag="926" ind1=" " ind2=" ">
    <subfield code="a">LAKELND_LL</subfield>
    <subfield code="b">INTERNET</subfield>
    <subfield code="c">Internet Access</subfield>
    <subfield code="d">E-RESOURCE</subfield>
    <subfield code="f">1</subfield>
  </datafield>
  <datafield tag="926" ind1=" " ind2=" ">
    <subfield code="a">LAKELND_VR</subfield>
    <subfield code="b">INTERNET</subfield>
    <subfield code="c">Internet Access</subfield>
    <subfield code="d">E-RESOURCE</subfield>
    <subfield code="f">1</subfield>
  </datafield>
</record>
