<?xml version="1.0" encoding="UTF-8"?>
<doi_batch xmlns="http://www.crossref.org/schema/4.3.6"
           xmlns:xsi="http://www.w3.org/2001/XMLSchema-instance"
           xmlns:jats="http://www.ncbi.nlm.nih.gov/JATS1"
           xmlns:ai="http://www.crossref.org/AccessIndicators.xsd"
           version="4.3.6"
           xsi:schemaLocation="http://www.crossref.org/schema/4.3.6 https://www.crossref.org/schemas/crossref4.3.6.xsd">
  <head>
      <doi_batch_id>_1553015766</doi_batch_id>
      <timestamp>1553015766</timestamp>
      <depositor>
         <depositor_name>University of Alberta Libraries</depositor_name>
         <email_address>ojshelp@ualberta.ca</email_address>
      </depositor>
      <registrant>University of Alberta</registrant>
  </head>
  <body>
      <conference>
         <event_metadata>
            <conference_name>International Kimberlite Conference</conference_name>
         </event_metadata>
         <proceedings_metadata>
            <proceedings_title>International Kimberlite Conference Extended Abstracts: 2017</proceedings_title>
            <publisher>
               <publisher_name>University of Alberta</publisher_name>
            </publisher>
            <publication_date media_type="online">
               <month>09</month>
               <day>18</day>
               <year>2017</year>
            </publication_date>
            <isbn>978-1-55195-425-7</isbn>
         </proceedings_metadata>
         <conference_paper publication_type="full_text" metadata_distribution_opts="any">
            <titles>
               <title>Mineralogy, geochemistry, and petrogenesis of Paleoproterozoic alkaline magmas in the Yilgarn craton, Western Australia</title>
            </titles>
            <doi_data>
               <doi>10.29173/ikc3825</doi>
               <resource>https://ikcabstracts.com/index.php/ikc/article/view/3825</resource>
               <collection property="crawler-based">
                  <item crawler="iParadigms">
                     <resource>https://ikcabstracts.com/index.php/ikc/article/download/3825/3825</resource>
                  </item>
               </collection>
               <collection property="text-mining">
                  <item>
                     <resource mime_type="application/pdf">https://ikcabstracts.com/index.php/ikc/article/download/3825/3825</resource>
                  </item>
               </collection>
            </doi_data>
         </conference_paper>
      </conference>
      <conference>
         <event_metadata>
            <conference_name>International Kimberlite Conference</conference_name>
         </event_metadata>
         <proceedings_metadata>
            <proceedings_title>International Kimberlite Conference Extended Abstracts: 2017</proceedings_title>
            <publisher>
               <publisher_name>University of Alberta</publisher_name>
            </publisher>
            <publication_date media_type="online">
               <month>09</month>
               <day>18</day>
               <year>2017</year>
            </publication_date>
            <isbn>978-1-55195-425-7</isbn>
         </proceedings_metadata>
         <conference_paper publication_type="full_text" metadata_distribution_opts="any">
            <titles>
               <title>Stable isotope data and FTIR analyses of diamonds from Orapa mine: a clear subduction signature</title>
            </titles>
            <doi_data>
               <doi>10.29173/ikc3824</doi>
               <resource>https://ikcabstracts.com/index.php/ikc/article/view/3824</resource>
               <collection property="crawler-based">
                  <item crawler="iParadigms">
                     <resource>https://ikcabstracts.com/index.php/ikc/article/download/3824/3824</resource>
                  </item>
               </collection>
               <collection property="text-mining">
                  <item>
                     <resource mime_type="application/pdf">https://ikcabstracts.com/index.php/ikc/article/download/3824/3824</resource>
                  </item>
               </collection>
            </doi_data>
         </conference_paper>
      </conference>
      <conference>
         <event_metadata>
            <conference_name>International Kimberlite Conference</conference_name>
         </event_metadata>
         <proceedings_metadata>
            <proceedings_title>International Kimberlite Conference Extended Abstracts: 2017</proceedings_title>
            <publisher>
               <publisher_name>University of Alberta</publisher_name>
            </publisher>
            <publication_date media_type="online">
               <month>09</month>
               <day>18</day>
               <year>2017</year>
            </publication_date>
            <isbn>978-1-55195-425-7</isbn>
         </proceedings_metadata>
         <conference_paper publication_type="full_text" metadata_distribution_opts="any">
            <titles>
               <title>Construction and destruction of some North American cratons</title>
            </titles>
            <doi_data>
               <doi>10.29173/ikc3823</doi>
               <resource>https://ikcabstracts.com/index.php/ikc/article/view/3823</resource>
               <collection property="crawler-based">
                  <item crawler="iParadigms">
                     <resource>https://ikcabstracts.com/index.php/ikc/article/download/3823/3823</resource>
                  </item>
               </collection>
               <collection property="text-mining">
                  <item>
                     <resource mime_type="application/pdf">https://ikcabstracts.com/index.php/ikc/article/download/3823/3823</resource>
                  </item>
               </collection>
            </doi_data>
         </conference_paper>
      </conference>
      <conference>
         <event_metadata>
            <conference_name>International Kimberlite Conference</conference_name>
         </event_metadata>
         <proceedings_metadata>
            <proceedings_title>International Kimberlite Conference Extended Abstracts: 2017</proceedings_title>
            <publisher>
               <publisher_name>University of Alberta</publisher_name>
            </publisher>
            <publication_date media_type="online">
               <month>09</month>
               <day>18</day>
               <year>2017</year>
            </publication_date>
            <isbn>978-1-55195-425-7</isbn>
         </proceedings_metadata>
         <conference_paper publication_type="full_text" metadata_distribution_opts="any">
            <titles>
               <title>Redox state of Archean kyanite/corundum eclogites and garnet pyroxenites from Bellsbank, South Africa</title>
            </titles>
            <doi_data>
               <doi>10.29173/ikc3822</doi>
               <resource>https://ikcabstracts.com/index.php/ikc/article/view/3822</resource>
               <collection property="crawler-based">
                  <item crawler="iParadigms">
                     <resource>https://ikcabstracts.com/index.php/ikc/article/download/3822/3822</resource>
                  </item>
               </collection>
               <collection property="text-mining">
                  <item>
                     <resource mime_type="application/pdf">https://ikcabstracts.com/index.php/ikc/article/download/3822/3822</resource>
                  </item>
               </collection>
            </doi_data>
         </conference_paper>
      </conference>
      <conference>
         <event_metadata>
            <conference_name>International Kimberlite Conference</conference_name>
         </event_metadata>
         <proceedings_metadata>
            <proceedings_title>International Kimberlite Conference Extended Abstracts: 2017</proceedings_title>
            <publisher>
               <publisher_name>University of Alberta</publisher_name>
            </publisher>
            <publication_date media_type="online">
               <month>09</month>
               <day>18</day>
               <year>2017</year>
            </publication_date>
            <isbn>978-1-55195-425-7</isbn>
         </proceedings_metadata>
         <conference_paper publication_type="full_text" metadata_distribution_opts="any">
            <titles>
               <title>The life cycle of diamondiferous cratons – a leitmotif with infinite regional variations</title>
            </titles>
            <doi_data>
               <doi>10.29173/ikc3821</doi>
               <resource>https://ikcabstracts.com/index.php/ikc/article/view/3821</resource>
               <collection property="crawler-based">
                  <item crawler="iParadigms">
                     <resource>https://ikcabstracts.com/index.php/ikc/article/download/3821/3821</resource>
                  </item>
               </collection>
               <collection property="text-mining">
                  <item>
                     <resource mime_type="application/pdf">https://ikcabstracts.com/index.php/ikc/article/download/3821/3821</resource>
                  </item>
               </collection>
            </doi_data>
         </conference_paper>
      </conference>
      <conference>
         <event_metadata>
            <conference_name>International Kimberlite Conference</conference_name>
         </event_metadata>
         <proceedings_metadata>
            <proceedings_title>International Kimberlite Conference Extended Abstracts: 2017</proceedings_title>
            <publisher>
               <publisher_name>University of Alberta</publisher_name>
            </publisher>
            <publication_date media_type="online">
               <month>09</month>
               <day>18</day>
               <year>2017</year>
            </publication_date>
            <isbn>978-1-55195-425-7</isbn>
         </proceedings_metadata>
         <conference_paper publication_type="full_text" metadata_distribution_opts="any">
            <titles>
               <title>The petrology and mineralogy of the kimberlite blow in Letšengla-Terae: implication for its parental magma composition</title>
            </titles>
            <doi_data>
               <doi>10.29173/ikc3820</doi>
               <resource>https://ikcabstracts.com/index.php/ikc/article/view/3820</resource>
               <collection property="crawler-based">
                  <item crawler="iParadigms">
                     <resource>https://ikcabstracts.com/index.php/ikc/article/download/3820/3820</resource>
                  </item>
               </collection>
               <collection property="text-mining">
                  <item>
                     <resource mime_type="application/pdf">https://ikcabstracts.com/index.php/ikc/article/download/3820/3820</resource>
                  </item>
               </collection>
            </doi_data>
         </conference_paper>
      </conference>
      <conference>
         <event_metadata>
            <conference_name>International Kimberlite Conference</conference_name>
         </event_metadata>
         <proceedings_metadata>
            <proceedings_title>International Kimberlite Conference Extended Abstracts: 2017</proceedings_title>
            <publisher>
               <publisher_name>University of Alberta</publisher_name>
            </publisher>
            <publication_date media_type="online">
               <month>09</month>
               <day>18</day>
               <year>2017</year>
            </publication_date>
            <isbn>978-1-55195-425-7</isbn>
         </proceedings_metadata>
         <conference_paper publication_type="full_text" metadata_distribution_opts="any">
            <titles>
               <title>The geology of the Liqhobong Main Pipe kimberlite</title>
            </titles>
            <doi_data>
               <doi>10.29173/ikc3819</doi>
               <resource>https://ikcabstracts.com/index.php/ikc/article/view/3819</resource>
               <collection property="crawler-based">
                  <item crawler="iParadigms">
                     <resource>https://ikcabstracts.com/index.php/ikc/article/download/3819/3819</resource>
                  </item>
               </collection>
               <collection property="text-mining">
                  <item>
                     <resource mime_type="application/pdf">https://ikcabstracts.com/index.php/ikc/article/download/3819/3819</resource>
                  </item>
               </collection>
            </doi_data>
         </conference_paper>
      </conference>
      <conference>
         <event_metadata>
            <conference_name>International Kimberlite Conference</conference_name>
         </event_metadata>
         <proceedings_metadata>
            <proceedings_title>International Kimberlite Conference Extended Abstracts: 2017</proceedings_title>
            <publisher>
               <publisher_name>University of Alberta</publisher_name>
            </publisher>
            <publication_date media_type="online">
               <month>09</month>
               <day>18</day>
               <year>2017</year>
            </publication_date>
            <isbn>978-1-55195-425-7</isbn>
         </proceedings_metadata>
         <conference_paper publication_type="full_text" metadata_distribution_opts="any">
            <titles>
               <title>Catoca kimberlite pipe: Diatreme/crater transition and dynamics of the crater sedimentation</title>
            </titles>
            <doi_data>
               <doi>10.29173/ikc3818</doi>
               <resource>https://ikcabstracts.com/index.php/ikc/article/view/3818</resource>
               <collection property="crawler-based">
                  <item crawler="iParadigms">
                     <resource>https://ikcabstracts.com/index.php/ikc/article/download/3818/3818</resource>
                  </item>
               </collection>
               <collection property="text-mining">
                  <item>
                     <resource mime_type="application/pdf">https://ikcabstracts.com/index.php/ikc/article/download/3818/3818</resource>
                  </item>
               </collection>
            </doi_data>
         </conference_paper>
      </conference>
  </body>
</doi_batch>
