<?xml version="1.0" encoding="UTF-8"?>
<doi_batch xmlns="http://www.crossref.org/schema/4.3.6"
           xmlns:xsi="http://www.w3.org/2001/XMLSchema-instance"
           xmlns:jats="http://www.ncbi.nlm.nih.gov/JATS1"
           xmlns:ai="http://www.crossref.org/AccessIndicators.xsd"
           version="4.3.6"
           xsi:schemaLocation="http://www.crossref.org/schema/4.3.6 https://www.crossref.org/schemas/crossref4.3.6.xsd">
  <head>
      <doi_batch_id>_1553018355</doi_batch_id>
      <timestamp>1553018355</timestamp>
      <depositor>
         <depositor_name>University of Alberta Libraries</depositor_name>
         <email_address>ojshelp@ualberta.ca</email_address>
      </depositor>
      <registrant>University of Alberta</registrant>
  </head>
  <body>
      <conference>
         <event_metadata>
            <conference_name>International Kimberlite Conference</conference_name>
         </event_metadata>
         <proceedings_metadata>
            <proceedings_title>International Kimberlite Conference Extended Abstracts: 2003</proceedings_title>
            <publisher>
               <publisher_name>University of Alberta</publisher_name>
            </publisher>
            <publication_date media_type="online">
               <month>06</month>
               <day>22</day>
               <year>2003</year>
            </publication_date>
            <isbn>978-1-55195-422-6</isbn>
         </proceedings_metadata>
         <conference_paper publication_type="full_text" metadata_distribution_opts="any">
            <titles>
               <title>Petrology of the Snap Lake kimberlite, NWT, Canada</title>
            </titles>
            <doi_data>
               <doi>10.29173/ikc3025</doi>
               <resource>https://ikcabstracts.com/index.php/ikc/article/view/3025</resource>
               <collection property="crawler-based">
                  <item crawler="iParadigms">
                     <resource>https://ikcabstracts.com/index.php/ikc/article/download/3025/3025</resource>
                  </item>
               </collection>
               <collection property="text-mining">
                  <item>
                     <resource mime_type="application/pdf">https://ikcabstracts.com/index.php/ikc/article/download/3025/3025</resource>
                  </item>
               </collection>
            </doi_data>
         </conference_paper>
      </conference>
      <conference>
         <event_metadata>
            <conference_name>International Kimberlite Conference</conference_name>
         </event_metadata>
         <proceedings_metadata>
            <proceedings_title>International Kimberlite Conference Extended Abstracts: 2003</proceedings_title>
            <publisher>
               <publisher_name>University of Alberta</publisher_name>
            </publisher>
            <publication_date media_type="online">
               <month>06</month>
               <day>22</day>
               <year>2003</year>
            </publication_date>
            <isbn>978-1-55195-422-6</isbn>
         </proceedings_metadata>
         <conference_paper publication_type="full_text" metadata_distribution_opts="any">
            <titles>
               <title>Early Proterozoic metamorphosed kimberlites from Gabon</title>
            </titles>
            <doi_data>
               <doi>10.29173/ikc3024</doi>
               <resource>https://ikcabstracts.com/index.php/ikc/article/view/3024</resource>
               <collection property="crawler-based">
                  <item crawler="iParadigms">
                     <resource>https://ikcabstracts.com/index.php/ikc/article/download/3024/3024</resource>
                  </item>
               </collection>
               <collection property="text-mining">
                  <item>
                     <resource mime_type="application/pdf">https://ikcabstracts.com/index.php/ikc/article/download/3024/3024</resource>
                  </item>
               </collection>
            </doi_data>
         </conference_paper>
      </conference>
      <conference>
         <event_metadata>
            <conference_name>International Kimberlite Conference</conference_name>
         </event_metadata>
         <proceedings_metadata>
            <proceedings_title>International Kimberlite Conference Extended Abstracts: 2003</proceedings_title>
            <publisher>
               <publisher_name>University of Alberta</publisher_name>
            </publisher>
            <publication_date media_type="online">
               <month>06</month>
               <day>22</day>
               <year>2003</year>
            </publication_date>
            <isbn>978-1-55195-422-6</isbn>
         </proceedings_metadata>
         <conference_paper publication_type="full_text" metadata_distribution_opts="any">
            <titles>
               <title>Highly aluminous xenoliths from kimberlites of Yakutia: mantle petrology remarks</title>
            </titles>
            <doi_data>
               <doi>10.29173/ikc3023</doi>
               <resource>https://ikcabstracts.com/index.php/ikc/article/view/3023</resource>
               <collection property="crawler-based">
                  <item crawler="iParadigms">
                     <resource>https://ikcabstracts.com/index.php/ikc/article/download/3023/3023</resource>
                  </item>
               </collection>
               <collection property="text-mining">
                  <item>
                     <resource mime_type="application/pdf">https://ikcabstracts.com/index.php/ikc/article/download/3023/3023</resource>
                  </item>
               </collection>
            </doi_data>
         </conference_paper>
      </conference>
      <conference>
         <event_metadata>
            <conference_name>International Kimberlite Conference</conference_name>
         </event_metadata>
         <proceedings_metadata>
            <proceedings_title>International Kimberlite Conference Extended Abstracts: 2003</proceedings_title>
            <publisher>
               <publisher_name>University of Alberta</publisher_name>
            </publisher>
            <publication_date media_type="online">
               <month>06</month>
               <day>22</day>
               <year>2003</year>
            </publication_date>
            <isbn>978-1-55195-422-6</isbn>
         </proceedings_metadata>
         <conference_paper publication_type="full_text" metadata_distribution_opts="any">
            <titles>
               <title>Metasomatic diamonds in eclogite xenoliths: petrologic and photographic evidence</title>
            </titles>
            <doi_data>
               <doi>10.29173/ikc3022</doi>
               <resource>https://ikcabstracts.com/index.php/ikc/article/view/3022</resource>
               <collection property="crawler-based">
                  <item crawler="iParadigms">
                     <resource>https://ikcabstracts.com/index.php/ikc/article/download/3022/3022</resource>
                  </item>
               </collection>
               <collection property="text-mining">
                  <item>
                     <resource mime_type="application/pdf">https://ikcabstracts.com/index.php/ikc/article/download/3022/3022</resource>
                  </item>
               </collection>
            </doi_data>
         </conference_paper>
      </conference>
      <conference>
         <event_metadata>
            <conference_name>International Kimberlite Conference</conference_name>
         </event_metadata>
         <proceedings_metadata>
            <proceedings_title>International Kimberlite Conference Extended Abstracts: 2003</proceedings_title>
            <publisher>
               <publisher_name>University of Alberta</publisher_name>
            </publisher>
            <publication_date media_type="online">
               <month>06</month>
               <day>22</day>
               <year>2003</year>
            </publication_date>
            <isbn>978-1-55195-422-6</isbn>
         </proceedings_metadata>
         <conference_paper publication_type="full_text" metadata_distribution_opts="any">
            <titles>
               <title>Volcanological and structural aspects of the Venetia kimberlite cluster</title>
            </titles>
            <doi_data>
               <doi>10.29173/ikc3021</doi>
               <resource>https://ikcabstracts.com/index.php/ikc/article/view/3021</resource>
               <collection property="crawler-based">
                  <item crawler="iParadigms">
                     <resource>https://ikcabstracts.com/index.php/ikc/article/download/3021/3021</resource>
                  </item>
               </collection>
               <collection property="text-mining">
                  <item>
                     <resource mime_type="application/pdf">https://ikcabstracts.com/index.php/ikc/article/download/3021/3021</resource>
                  </item>
               </collection>
            </doi_data>
         </conference_paper>
      </conference>
      <conference>
         <event_metadata>
            <conference_name>International Kimberlite Conference</conference_name>
         </event_metadata>
         <proceedings_metadata>
            <proceedings_title>International Kimberlite Conference Extended Abstracts: 2003</proceedings_title>
            <publisher>
               <publisher_name>University of Alberta</publisher_name>
            </publisher>
            <publication_date media_type="online">
               <month>06</month>
               <day>22</day>
               <year>2003</year>
            </publication_date>
            <isbn>978-1-55195-422-6</isbn>
         </proceedings_metadata>
         <conference_paper publication_type="full_text" metadata_distribution_opts="any">
            <titles>
               <title>40Ar/39Ar dating of mantle metasomatism: a noble approach or all hot air?</title>
            </titles>
            <doi_data>
               <doi>10.29173/ikc3020</doi>
               <resource>https://ikcabstracts.com/index.php/ikc/article/view/3020</resource>
               <collection property="crawler-based">
                  <item crawler="iParadigms">
                     <resource>https://ikcabstracts.com/index.php/ikc/article/download/3020/3020</resource>
                  </item>
               </collection>
               <collection property="text-mining">
                  <item>
                     <resource mime_type="application/pdf">https://ikcabstracts.com/index.php/ikc/article/download/3020/3020</resource>
                  </item>
               </collection>
            </doi_data>
         </conference_paper>
      </conference>
      <conference>
         <event_metadata>
            <conference_name>International Kimberlite Conference</conference_name>
         </event_metadata>
         <proceedings_metadata>
            <proceedings_title>International Kimberlite Conference Extended Abstracts: 2003</proceedings_title>
            <publisher>
               <publisher_name>University of Alberta</publisher_name>
            </publisher>
            <publication_date media_type="online">
               <month>06</month>
               <day>22</day>
               <year>2003</year>
            </publication_date>
            <isbn>978-1-55195-422-6</isbn>
         </proceedings_metadata>
         <conference_paper publication_type="full_text" metadata_distribution_opts="any">
            <titles>
               <title>The effect of differential mineral compressibility on diamond inclusion thermobarometry</title>
            </titles>
            <doi_data>
               <doi>10.29173/ikc3019</doi>
               <resource>https://ikcabstracts.com/index.php/ikc/article/view/3019</resource>
               <collection property="crawler-based">
                  <item crawler="iParadigms">
                     <resource>https://ikcabstracts.com/index.php/ikc/article/download/3019/3019</resource>
                  </item>
               </collection>
               <collection property="text-mining">
                  <item>
                     <resource mime_type="application/pdf">https://ikcabstracts.com/index.php/ikc/article/download/3019/3019</resource>
                  </item>
               </collection>
            </doi_data>
         </conference_paper>
      </conference>
      <conference>
         <event_metadata>
            <conference_name>International Kimberlite Conference</conference_name>
         </event_metadata>
         <proceedings_metadata>
            <proceedings_title>International Kimberlite Conference Extended Abstracts: 2003</proceedings_title>
            <publisher>
               <publisher_name>University of Alberta</publisher_name>
            </publisher>
            <publication_date media_type="online">
               <month>06</month>
               <day>22</day>
               <year>2003</year>
            </publication_date>
            <isbn>978-1-55195-422-6</isbn>
         </proceedings_metadata>
         <conference_paper publication_type="full_text" metadata_distribution_opts="any">
            <titles>
               <title>Mantle xenoliths of the Grib pipe, Zimny Bereg area, Russia</title>
            </titles>
            <doi_data>
               <doi>10.29173/ikc3018</doi>
               <resource>https://ikcabstracts.com/index.php/ikc/article/view/3018</resource>
               <collection property="crawler-based">
                  <item crawler="iParadigms">
                     <resource>https://ikcabstracts.com/index.php/ikc/article/download/3018/3018</resource>
                  </item>
               </collection>
               <collection property="text-mining">
                  <item>
                     <resource mime_type="application/pdf">https://ikcabstracts.com/index.php/ikc/article/download/3018/3018</resource>
                  </item>
               </collection>
            </doi_data>
         </conference_paper>
      </conference>
      <conference>
         <event_metadata>
            <conference_name>International Kimberlite Conference</conference_name>
         </event_metadata>
         <proceedings_metadata>
            <proceedings_title>International Kimberlite Conference Extended Abstracts: 2003</proceedings_title>
            <publisher>
               <publisher_name>University of Alberta</publisher_name>
            </publisher>
            <publication_date media_type="online">
               <month>06</month>
               <day>22</day>
               <year>2003</year>
            </publication_date>
            <isbn>978-1-55195-422-6</isbn>
         </proceedings_metadata>
         <conference_paper publication_type="full_text" metadata_distribution_opts="any">
            <titles>
               <title>3-D mapping of mantle substrate in the Zimny Bereg area, Russia</title>
            </titles>
            <doi_data>
               <doi>10.29173/ikc3017</doi>
               <resource>https://ikcabstracts.com/index.php/ikc/article/view/3017</resource>
               <collection property="crawler-based">
                  <item crawler="iParadigms">
                     <resource>https://ikcabstracts.com/index.php/ikc/article/download/3017/3017</resource>
                  </item>
               </collection>
               <collection property="text-mining">
                  <item>
                     <resource mime_type="application/pdf">https://ikcabstracts.com/index.php/ikc/article/download/3017/3017</resource>
                  </item>
               </collection>
            </doi_data>
         </conference_paper>
      </conference>
      <conference>
         <event_metadata>
            <conference_name>International Kimberlite Conference</conference_name>
         </event_metadata>
         <proceedings_metadata>
            <proceedings_title>International Kimberlite Conference Extended Abstracts: 2003</proceedings_title>
            <publisher>
               <publisher_name>University of Alberta</publisher_name>
            </publisher>
            <publication_date media_type="online">
               <month>06</month>
               <day>22</day>
               <year>2003</year>
            </publication_date>
            <isbn>978-1-55195-422-6</isbn>
         </proceedings_metadata>
         <conference_paper publication_type="full_text" metadata_distribution_opts="any">
            <titles>
               <title>Seismic reflection imaging of thin, kimberlite dykes and sills: exploration and deposit characterization of the Snap Lake dyke, Canada</title>
            </titles>
            <doi_data>
               <doi>10.29173/ikc3016</doi>
               <resource>https://ikcabstracts.com/index.php/ikc/article/view/3016</resource>
               <collection property="crawler-based">
                  <item crawler="iParadigms">
                     <resource>https://ikcabstracts.com/index.php/ikc/article/download/3016/3016</resource>
                  </item>
               </collection>
               <collection property="text-mining">
                  <item>
                     <resource mime_type="application/pdf">https://ikcabstracts.com/index.php/ikc/article/download/3016/3016</resource>
                  </item>
               </collection>
            </doi_data>
         </conference_paper>
      </conference>
      <conference>
         <event_metadata>
            <conference_name>International Kimberlite Conference</conference_name>
         </event_metadata>
         <proceedings_metadata>
            <proceedings_title>International Kimberlite Conference Extended Abstracts: 2003</proceedings_title>
            <publisher>
               <publisher_name>University of Alberta</publisher_name>
            </publisher>
            <publication_date media_type="online">
               <month>06</month>
               <day>22</day>
               <year>2003</year>
            </publication_date>
            <isbn>978-1-55195-422-6</isbn>
         </proceedings_metadata>
         <conference_paper publication_type="full_text" metadata_distribution_opts="any">
            <titles>
               <title>Post-kimberlite Eocene strata within a crater basin, Lac de Gras, Northwest Territories, Canada</title>
            </titles>
            <doi_data>
               <doi>10.29173/ikc3015</doi>
               <resource>https://ikcabstracts.com/index.php/ikc/article/view/3015</resource>
               <collection property="crawler-based">
                  <item crawler="iParadigms">
                     <resource>https://ikcabstracts.com/index.php/ikc/article/download/3015/3015</resource>
                  </item>
               </collection>
               <collection property="text-mining">
                  <item>
                     <resource mime_type="application/pdf">https://ikcabstracts.com/index.php/ikc/article/download/3015/3015</resource>
                  </item>
               </collection>
            </doi_data>
         </conference_paper>
      </conference>
      <conference>
         <event_metadata>
            <conference_name>International Kimberlite Conference</conference_name>
         </event_metadata>
         <proceedings_metadata>
            <proceedings_title>International Kimberlite Conference Extended Abstracts: 2003</proceedings_title>
            <publisher>
               <publisher_name>University of Alberta</publisher_name>
            </publisher>
            <publication_date media_type="online">
               <month>06</month>
               <day>22</day>
               <year>2003</year>
            </publication_date>
            <isbn>978-1-55195-422-6</isbn>
         </proceedings_metadata>
         <conference_paper publication_type="full_text" metadata_distribution_opts="any">
            <titles>
               <title>Pre- and post-kimberlite emplacement thermal history of Cretaceous and Tertiary sediments, Lac de Gras, Northwest Territories, Canada</title>
            </titles>
            <doi_data>
               <doi>10.29173/ikc3014</doi>
               <resource>https://ikcabstracts.com/index.php/ikc/article/view/3014</resource>
               <collection property="crawler-based">
                  <item crawler="iParadigms">
                     <resource>https://ikcabstracts.com/index.php/ikc/article/download/3014/3014</resource>
                  </item>
               </collection>
               <collection property="text-mining">
                  <item>
                     <resource mime_type="application/pdf">https://ikcabstracts.com/index.php/ikc/article/download/3014/3014</resource>
                  </item>
               </collection>
            </doi_data>
         </conference_paper>
      </conference>
      <conference>
         <event_metadata>
            <conference_name>International Kimberlite Conference</conference_name>
         </event_metadata>
         <proceedings_metadata>
            <proceedings_title>International Kimberlite Conference Extended Abstracts: 2003</proceedings_title>
            <publisher>
               <publisher_name>University of Alberta</publisher_name>
            </publisher>
            <publication_date media_type="online">
               <month>06</month>
               <day>22</day>
               <year>2003</year>
            </publication_date>
            <isbn>978-1-55195-422-6</isbn>
         </proceedings_metadata>
         <conference_paper publication_type="full_text" metadata_distribution_opts="any">
            <titles>
               <title>The garnet-spinel transition in refractory mantle compositions</title>
            </titles>
            <doi_data>
               <doi>10.29173/ikc3013</doi>
               <resource>https://ikcabstracts.com/index.php/ikc/article/view/3013</resource>
               <collection property="crawler-based">
                  <item crawler="iParadigms">
                     <resource>https://ikcabstracts.com/index.php/ikc/article/download/3013/3013</resource>
                  </item>
               </collection>
               <collection property="text-mining">
                  <item>
                     <resource mime_type="application/pdf">https://ikcabstracts.com/index.php/ikc/article/download/3013/3013</resource>
                  </item>
               </collection>
            </doi_data>
         </conference_paper>
      </conference>
      <conference>
         <event_metadata>
            <conference_name>International Kimberlite Conference</conference_name>
         </event_metadata>
         <proceedings_metadata>
            <proceedings_title>International Kimberlite Conference Extended Abstracts: 2003</proceedings_title>
            <publisher>
               <publisher_name>University of Alberta</publisher_name>
            </publisher>
            <publication_date media_type="online">
               <month>06</month>
               <day>22</day>
               <year>2003</year>
            </publication_date>
            <isbn>978-1-55195-422-6</isbn>
         </proceedings_metadata>
         <conference_paper publication_type="full_text" metadata_distribution_opts="any">
            <titles>
               <title>A study of diamonds, diamond inclusion minerals and other mantle minerals from the Swartruggens kimberlite dyke swarm, South Africa</title>
            </titles>
            <doi_data>
               <doi>10.29173/ikc3012</doi>
               <resource>https://ikcabstracts.com/index.php/ikc/article/view/3012</resource>
               <collection property="crawler-based">
                  <item crawler="iParadigms">
                     <resource>https://ikcabstracts.com/index.php/ikc/article/download/3012/3012</resource>
                  </item>
               </collection>
               <collection property="text-mining">
                  <item>
                     <resource mime_type="application/pdf">https://ikcabstracts.com/index.php/ikc/article/download/3012/3012</resource>
                  </item>
               </collection>
            </doi_data>
         </conference_paper>
      </conference>
      <conference>
         <event_metadata>
            <conference_name>International Kimberlite Conference</conference_name>
         </event_metadata>
         <proceedings_metadata>
            <proceedings_title>International Kimberlite Conference Extended Abstracts: 2003</proceedings_title>
            <publisher>
               <publisher_name>University of Alberta</publisher_name>
            </publisher>
            <publication_date media_type="online">
               <month>06</month>
               <day>22</day>
               <year>2003</year>
            </publication_date>
            <isbn>978-1-55195-422-6</isbn>
         </proceedings_metadata>
         <conference_paper publication_type="full_text" metadata_distribution_opts="any">
            <titles>
               <title>A comparison of clinopyroxene thermobarometric techniques: applied to Jwaneng, Orapa and Markt kimberlites</title>
            </titles>
            <doi_data>
               <doi>10.29173/ikc3011</doi>
               <resource>https://ikcabstracts.com/index.php/ikc/article/view/3011</resource>
               <collection property="crawler-based">
                  <item crawler="iParadigms">
                     <resource>https://ikcabstracts.com/index.php/ikc/article/download/3011/3011</resource>
                  </item>
               </collection>
               <collection property="text-mining">
                  <item>
                     <resource mime_type="application/pdf">https://ikcabstracts.com/index.php/ikc/article/download/3011/3011</resource>
                  </item>
               </collection>
            </doi_data>
         </conference_paper>
      </conference>
      <conference>
         <event_metadata>
            <conference_name>International Kimberlite Conference</conference_name>
         </event_metadata>
         <proceedings_metadata>
            <proceedings_title>International Kimberlite Conference Extended Abstracts: 2003</proceedings_title>
            <publisher>
               <publisher_name>University of Alberta</publisher_name>
            </publisher>
            <publication_date media_type="online">
               <month>06</month>
               <day>22</day>
               <year>2003</year>
            </publication_date>
            <isbn>978-1-55195-422-6</isbn>
         </proceedings_metadata>
         <conference_paper publication_type="full_text" metadata_distribution_opts="any">
            <titles>
               <title>Platinum-group element geochemistry of eastern Finland kimberlites and their mantle sample</title>
            </titles>
            <doi_data>
               <doi>10.29173/ikc3010</doi>
               <resource>https://ikcabstracts.com/index.php/ikc/article/view/3010</resource>
               <collection property="crawler-based">
                  <item crawler="iParadigms">
                     <resource>https://ikcabstracts.com/index.php/ikc/article/download/3010/3010</resource>
                  </item>
               </collection>
               <collection property="text-mining">
                  <item>
                     <resource mime_type="application/pdf">https://ikcabstracts.com/index.php/ikc/article/download/3010/3010</resource>
                  </item>
               </collection>
            </doi_data>
         </conference_paper>
      </conference>
      <conference>
         <event_metadata>
            <conference_name>International Kimberlite Conference</conference_name>
         </event_metadata>
         <proceedings_metadata>
            <proceedings_title>International Kimberlite Conference Extended Abstracts: 2003</proceedings_title>
            <publisher>
               <publisher_name>University of Alberta</publisher_name>
            </publisher>
            <publication_date media_type="online">
               <month>06</month>
               <day>22</day>
               <year>2003</year>
            </publication_date>
            <isbn>978-1-55195-422-6</isbn>
         </proceedings_metadata>
         <conference_paper publication_type="full_text" metadata_distribution_opts="any">
            <titles>
               <title>Sr and Nd isotopic difference between kimberlites and carbonatites from Siberia</title>
            </titles>
            <doi_data>
               <doi>10.29173/ikc3009</doi>
               <resource>https://ikcabstracts.com/index.php/ikc/article/view/3009</resource>
               <collection property="crawler-based">
                  <item crawler="iParadigms">
                     <resource>https://ikcabstracts.com/index.php/ikc/article/download/3009/3009</resource>
                  </item>
               </collection>
               <collection property="text-mining">
                  <item>
                     <resource mime_type="application/pdf">https://ikcabstracts.com/index.php/ikc/article/download/3009/3009</resource>
                  </item>
               </collection>
            </doi_data>
         </conference_paper>
      </conference>
      <conference>
         <event_metadata>
            <conference_name>International Kimberlite Conference</conference_name>
         </event_metadata>
         <proceedings_metadata>
            <proceedings_title>International Kimberlite Conference Extended Abstracts: 2003</proceedings_title>
            <publisher>
               <publisher_name>University of Alberta</publisher_name>
            </publisher>
            <publication_date media_type="online">
               <month>06</month>
               <day>22</day>
               <year>2003</year>
            </publication_date>
            <isbn>978-1-55195-422-6</isbn>
         </proceedings_metadata>
         <conference_paper publication_type="full_text" metadata_distribution_opts="any">
            <titles>
               <title>Petrology and thermobarometry of mantle xenoliths from the Eocene Homestead kimberlite pipe, central Montana, USA</title>
            </titles>
            <doi_data>
               <doi>10.29173/ikc3008</doi>
               <resource>https://ikcabstracts.com/index.php/ikc/article/view/3008</resource>
               <collection property="crawler-based">
                  <item crawler="iParadigms">
                     <resource>https://ikcabstracts.com/index.php/ikc/article/download/3008/3008</resource>
                  </item>
               </collection>
               <collection property="text-mining">
                  <item>
                     <resource mime_type="application/pdf">https://ikcabstracts.com/index.php/ikc/article/download/3008/3008</resource>
                  </item>
               </collection>
            </doi_data>
         </conference_paper>
      </conference>
      <conference>
         <event_metadata>
            <conference_name>International Kimberlite Conference</conference_name>
         </event_metadata>
         <proceedings_metadata>
            <proceedings_title>International Kimberlite Conference Extended Abstracts: 2003</proceedings_title>
            <publisher>
               <publisher_name>University of Alberta</publisher_name>
            </publisher>
            <publication_date media_type="online">
               <month>06</month>
               <day>22</day>
               <year>2003</year>
            </publication_date>
            <isbn>978-1-55195-422-6</isbn>
         </proceedings_metadata>
         <conference_paper publication_type="full_text" metadata_distribution_opts="any">
            <titles>
               <title>Inclusions in diamonds from the K10 and K14 kimberlites, Buffalo Hills, Alberta, Canada: diamond growth in a plume?</title>
            </titles>
            <doi_data>
               <doi>10.29173/ikc3007</doi>
               <resource>https://ikcabstracts.com/index.php/ikc/article/view/3007</resource>
               <collection property="crawler-based">
                  <item crawler="iParadigms">
                     <resource>https://ikcabstracts.com/index.php/ikc/article/download/3007/3007</resource>
                  </item>
               </collection>
               <collection property="text-mining">
                  <item>
                     <resource mime_type="application/pdf">https://ikcabstracts.com/index.php/ikc/article/download/3007/3007</resource>
                  </item>
               </collection>
            </doi_data>
         </conference_paper>
      </conference>
      <conference>
         <event_metadata>
            <conference_name>International Kimberlite Conference</conference_name>
         </event_metadata>
         <proceedings_metadata>
            <proceedings_title>International Kimberlite Conference Extended Abstracts: 2003</proceedings_title>
            <publisher>
               <publisher_name>University of Alberta</publisher_name>
            </publisher>
            <publication_date media_type="online">
               <month>06</month>
               <day>22</day>
               <year>2003</year>
            </publication_date>
            <isbn>978-1-55195-422-6</isbn>
         </proceedings_metadata>
         <conference_paper publication_type="full_text" metadata_distribution_opts="any">
            <titles>
               <title>Geochemical characteristics of microdiamonds from kimberlites at Lac de Gras, central Slave</title>
            </titles>
            <doi_data>
               <doi>10.29173/ikc3006</doi>
               <resource>https://ikcabstracts.com/index.php/ikc/article/view/3006</resource>
               <collection property="crawler-based">
                  <item crawler="iParadigms">
                     <resource>https://ikcabstracts.com/index.php/ikc/article/download/3006/3006</resource>
                  </item>
               </collection>
               <collection property="text-mining">
                  <item>
                     <resource mime_type="application/pdf">https://ikcabstracts.com/index.php/ikc/article/download/3006/3006</resource>
                  </item>
               </collection>
            </doi_data>
         </conference_paper>
      </conference>
      <conference>
         <event_metadata>
            <conference_name>International Kimberlite Conference</conference_name>
         </event_metadata>
         <proceedings_metadata>
            <proceedings_title>International Kimberlite Conference Extended Abstracts: 2003</proceedings_title>
            <publisher>
               <publisher_name>University of Alberta</publisher_name>
            </publisher>
            <publication_date media_type="online">
               <month>06</month>
               <day>22</day>
               <year>2003</year>
            </publication_date>
            <isbn>978-1-55195-422-6</isbn>
         </proceedings_metadata>
         <conference_paper publication_type="full_text" metadata_distribution_opts="any">
            <titles>
               <title>A kalborsite-pitiglianoite-kalsilite-shcherbakovite-barytolamprophyllite-wadeite-bearing lamproitic dike from the northern Highwood Mountains, Montana, USA</title>
            </titles>
            <doi_data>
               <doi>10.29173/ikc3005</doi>
               <resource>https://ikcabstracts.com/index.php/ikc/article/view/3005</resource>
               <collection property="crawler-based">
                  <item crawler="iParadigms">
                     <resource>https://ikcabstracts.com/index.php/ikc/article/download/3005/3005</resource>
                  </item>
               </collection>
               <collection property="text-mining">
                  <item>
                     <resource mime_type="application/pdf">https://ikcabstracts.com/index.php/ikc/article/download/3005/3005</resource>
                  </item>
               </collection>
            </doi_data>
         </conference_paper>
      </conference>
      <conference>
         <event_metadata>
            <conference_name>International Kimberlite Conference</conference_name>
         </event_metadata>
         <proceedings_metadata>
            <proceedings_title>International Kimberlite Conference Extended Abstracts: 2003</proceedings_title>
            <publisher>
               <publisher_name>University of Alberta</publisher_name>
            </publisher>
            <publication_date media_type="online">
               <month>06</month>
               <day>22</day>
               <year>2003</year>
            </publication_date>
            <isbn>978-1-55195-422-6</isbn>
         </proceedings_metadata>
         <conference_paper publication_type="full_text" metadata_distribution_opts="any">
            <titles>
               <title>A study of eclogitic diamonds and their inclusions from the Finsch kimberlite pipe, South Africa</title>
            </titles>
            <doi_data>
               <doi>10.29173/ikc3004</doi>
               <resource>https://ikcabstracts.com/index.php/ikc/article/view/3004</resource>
               <collection property="crawler-based">
                  <item crawler="iParadigms">
                     <resource>https://ikcabstracts.com/index.php/ikc/article/download/3004/3004</resource>
                  </item>
               </collection>
               <collection property="text-mining">
                  <item>
                     <resource mime_type="application/pdf">https://ikcabstracts.com/index.php/ikc/article/download/3004/3004</resource>
                  </item>
               </collection>
            </doi_data>
         </conference_paper>
      </conference>
      <conference>
         <event_metadata>
            <conference_name>International Kimberlite Conference</conference_name>
         </event_metadata>
         <proceedings_metadata>
            <proceedings_title>International Kimberlite Conference Extended Abstracts: 2003</proceedings_title>
            <publisher>
               <publisher_name>University of Alberta</publisher_name>
            </publisher>
            <publication_date media_type="online">
               <month>06</month>
               <day>22</day>
               <year>2003</year>
            </publication_date>
            <isbn>978-1-55195-422-6</isbn>
         </proceedings_metadata>
         <conference_paper publication_type="full_text" metadata_distribution_opts="any">
            <titles>
               <title>The geochemistry of a suite of eclogite xenoliths from the Rietfontein kimberlite, South Africa</title>
            </titles>
            <doi_data>
               <doi>10.29173/ikc3003</doi>
               <resource>https://ikcabstracts.com/index.php/ikc/article/view/3003</resource>
               <collection property="crawler-based">
                  <item crawler="iParadigms">
                     <resource>https://ikcabstracts.com/index.php/ikc/article/download/3003/3003</resource>
                  </item>
               </collection>
               <collection property="text-mining">
                  <item>
                     <resource mime_type="application/pdf">https://ikcabstracts.com/index.php/ikc/article/download/3003/3003</resource>
                  </item>
               </collection>
            </doi_data>
         </conference_paper>
      </conference>
      <conference>
         <event_metadata>
            <conference_name>International Kimberlite Conference</conference_name>
         </event_metadata>
         <proceedings_metadata>
            <proceedings_title>International Kimberlite Conference Extended Abstracts: 2003</proceedings_title>
            <publisher>
               <publisher_name>University of Alberta</publisher_name>
            </publisher>
            <publication_date media_type="online">
               <month>06</month>
               <day>22</day>
               <year>2003</year>
            </publication_date>
            <isbn>978-1-55195-422-6</isbn>
         </proceedings_metadata>
         <conference_paper publication_type="full_text" metadata_distribution_opts="any">
            <titles>
               <title>A genesis of carbonatitic melt within subducting oceanic crusts: high-pressure experiments in the system MORB-CaCO3</title>
            </titles>
            <doi_data>
               <doi>10.29173/ikc3002</doi>
               <resource>https://ikcabstracts.com/index.php/ikc/article/view/3002</resource>
               <collection property="crawler-based">
                  <item crawler="iParadigms">
                     <resource>https://ikcabstracts.com/index.php/ikc/article/download/3002/3002</resource>
                  </item>
               </collection>
               <collection property="text-mining">
                  <item>
                     <resource mime_type="application/pdf">https://ikcabstracts.com/index.php/ikc/article/download/3002/3002</resource>
                  </item>
               </collection>
            </doi_data>
         </conference_paper>
      </conference>
      <conference>
         <event_metadata>
            <conference_name>International Kimberlite Conference</conference_name>
         </event_metadata>
         <proceedings_metadata>
            <proceedings_title>International Kimberlite Conference Extended Abstracts: 2003</proceedings_title>
            <publisher>
               <publisher_name>University of Alberta</publisher_name>
            </publisher>
            <publication_date media_type="online">
               <month>06</month>
               <day>22</day>
               <year>2003</year>
            </publication_date>
            <isbn>978-1-55195-422-6</isbn>
         </proceedings_metadata>
         <conference_paper publication_type="full_text" metadata_distribution_opts="any">
            <titles>
               <title>Taking the pulse of the Earth: lithosphere events tracked by in-situ geochronology</title>
            </titles>
            <doi_data>
               <doi>10.29173/ikc3001</doi>
               <resource>https://ikcabstracts.com/index.php/ikc/article/view/3001</resource>
               <collection property="crawler-based">
                  <item crawler="iParadigms">
                     <resource>https://ikcabstracts.com/index.php/ikc/article/download/3001/3001</resource>
                  </item>
               </collection>
               <collection property="text-mining">
                  <item>
                     <resource mime_type="application/pdf">https://ikcabstracts.com/index.php/ikc/article/download/3001/3001</resource>
                  </item>
               </collection>
            </doi_data>
         </conference_paper>
      </conference>
      <conference>
         <event_metadata>
            <conference_name>International Kimberlite Conference</conference_name>
         </event_metadata>
         <proceedings_metadata>
            <proceedings_title>International Kimberlite Conference Extended Abstracts: 2003</proceedings_title>
            <publisher>
               <publisher_name>University of Alberta</publisher_name>
            </publisher>
            <publication_date media_type="online">
               <month>06</month>
               <day>22</day>
               <year>2003</year>
            </publication_date>
            <isbn>978-1-55195-422-6</isbn>
         </proceedings_metadata>
         <conference_paper publication_type="full_text" metadata_distribution_opts="any">
            <titles>
               <title>Petrogenetic considerations for the Late Cretaceous northern Alberta kimberlite province</title>
            </titles>
            <doi_data>
               <doi>10.29173/ikc3000</doi>
               <resource>https://ikcabstracts.com/index.php/ikc/article/view/3000</resource>
               <collection property="crawler-based">
                  <item crawler="iParadigms">
                     <resource>https://ikcabstracts.com/index.php/ikc/article/download/3000/3000</resource>
                  </item>
               </collection>
               <collection property="text-mining">
                  <item>
                     <resource mime_type="application/pdf">https://ikcabstracts.com/index.php/ikc/article/download/3000/3000</resource>
                  </item>
               </collection>
            </doi_data>
         </conference_paper>
      </conference>
      <conference>
         <event_metadata>
            <conference_name>International Kimberlite Conference</conference_name>
         </event_metadata>
         <proceedings_metadata>
            <proceedings_title>International Kimberlite Conference Extended Abstracts: 2003</proceedings_title>
            <publisher>
               <publisher_name>University of Alberta</publisher_name>
            </publisher>
            <publication_date media_type="online">
               <month>06</month>
               <day>22</day>
               <year>2003</year>
            </publication_date>
            <isbn>978-1-55195-422-6</isbn>
         </proceedings_metadata>
         <conference_paper publication_type="full_text" metadata_distribution_opts="any">
            <titles>
               <title>Kimberlite eruption processes</title>
            </titles>
            <doi_data>
               <doi>10.29173/ikc2999</doi>
               <resource>https://ikcabstracts.com/index.php/ikc/article/view/2999</resource>
               <collection property="crawler-based">
                  <item crawler="iParadigms">
                     <resource>https://ikcabstracts.com/index.php/ikc/article/download/2999/2999</resource>
                  </item>
               </collection>
               <collection property="text-mining">
                  <item>
                     <resource mime_type="application/pdf">https://ikcabstracts.com/index.php/ikc/article/download/2999/2999</resource>
                  </item>
               </collection>
            </doi_data>
         </conference_paper>
      </conference>
      <conference>
         <event_metadata>
            <conference_name>International Kimberlite Conference</conference_name>
         </event_metadata>
         <proceedings_metadata>
            <proceedings_title>International Kimberlite Conference Extended Abstracts: 2003</proceedings_title>
            <publisher>
               <publisher_name>University of Alberta</publisher_name>
            </publisher>
            <publication_date media_type="online">
               <month>06</month>
               <day>22</day>
               <year>2003</year>
            </publication_date>
            <isbn>978-1-55195-422-6</isbn>
         </proceedings_metadata>
         <conference_paper publication_type="full_text" metadata_distribution_opts="any">
            <titles>
               <title>Lithium isotopic composition of eclogites: implications for subduction zone processes</title>
            </titles>
            <doi_data>
               <doi>10.29173/ikc2998</doi>
               <resource>https://ikcabstracts.com/index.php/ikc/article/view/2998</resource>
               <collection property="crawler-based">
                  <item crawler="iParadigms">
                     <resource>https://ikcabstracts.com/index.php/ikc/article/download/2998/2998</resource>
                  </item>
               </collection>
               <collection property="text-mining">
                  <item>
                     <resource mime_type="application/pdf">https://ikcabstracts.com/index.php/ikc/article/download/2998/2998</resource>
                  </item>
               </collection>
            </doi_data>
         </conference_paper>
      </conference>
      <conference>
         <event_metadata>
            <conference_name>International Kimberlite Conference</conference_name>
         </event_metadata>
         <proceedings_metadata>
            <proceedings_title>International Kimberlite Conference Extended Abstracts: 2003</proceedings_title>
            <publisher>
               <publisher_name>University of Alberta</publisher_name>
            </publisher>
            <publication_date media_type="online">
               <month>06</month>
               <day>22</day>
               <year>2003</year>
            </publication_date>
            <isbn>978-1-55195-422-6</isbn>
         </proceedings_metadata>
         <conference_paper publication_type="full_text" metadata_distribution_opts="any">
            <titles>
               <title>Kimberlite pipes: growth models and resulting implications for diamond exploration</title>
            </titles>
            <doi_data>
               <doi>10.29173/ikc2997</doi>
               <resource>https://ikcabstracts.com/index.php/ikc/article/view/2997</resource>
               <collection property="crawler-based">
                  <item crawler="iParadigms">
                     <resource>https://ikcabstracts.com/index.php/ikc/article/download/2997/2997</resource>
                  </item>
               </collection>
               <collection property="text-mining">
                  <item>
                     <resource mime_type="application/pdf">https://ikcabstracts.com/index.php/ikc/article/download/2997/2997</resource>
                  </item>
               </collection>
            </doi_data>
         </conference_paper>
      </conference>
      <conference>
         <event_metadata>
            <conference_name>International Kimberlite Conference</conference_name>
         </event_metadata>
         <proceedings_metadata>
            <proceedings_title>International Kimberlite Conference Extended Abstracts: 2003</proceedings_title>
            <publisher>
               <publisher_name>University of Alberta</publisher_name>
            </publisher>
            <publication_date media_type="online">
               <month>06</month>
               <day>22</day>
               <year>2003</year>
            </publication_date>
            <isbn>978-1-55195-422-6</isbn>
         </proceedings_metadata>
         <conference_paper publication_type="full_text" metadata_distribution_opts="any">
            <titles>
               <title>Diamonds from the Ekati core and buffer zone properties</title>
            </titles>
            <doi_data>
               <doi>10.29173/ikc2996</doi>
               <resource>https://ikcabstracts.com/index.php/ikc/article/view/2996</resource>
               <collection property="crawler-based">
                  <item crawler="iParadigms">
                     <resource>https://ikcabstracts.com/index.php/ikc/article/download/2996/2996</resource>
                  </item>
               </collection>
               <collection property="text-mining">
                  <item>
                     <resource mime_type="application/pdf">https://ikcabstracts.com/index.php/ikc/article/download/2996/2996</resource>
                  </item>
               </collection>
            </doi_data>
         </conference_paper>
      </conference>
      <conference>
         <event_metadata>
            <conference_name>International Kimberlite Conference</conference_name>
         </event_metadata>
         <proceedings_metadata>
            <proceedings_title>International Kimberlite Conference Extended Abstracts: 2003</proceedings_title>
            <publisher>
               <publisher_name>University of Alberta</publisher_name>
            </publisher>
            <publication_date media_type="online">
               <month>06</month>
               <day>22</day>
               <year>2003</year>
            </publication_date>
            <isbn>978-1-55195-422-6</isbn>
         </proceedings_metadata>
         <conference_paper publication_type="full_text" metadata_distribution_opts="any">
            <titles>
               <title>Distribution of diamonds and kimberlites on the Reguibat craton, Mauritania</title>
            </titles>
            <doi_data>
               <doi>10.29173/ikc2995</doi>
               <resource>https://ikcabstracts.com/index.php/ikc/article/view/2995</resource>
               <collection property="crawler-based">
                  <item crawler="iParadigms">
                     <resource>https://ikcabstracts.com/index.php/ikc/article/download/2995/2995</resource>
                  </item>
               </collection>
               <collection property="text-mining">
                  <item>
                     <resource mime_type="application/pdf">https://ikcabstracts.com/index.php/ikc/article/download/2995/2995</resource>
                  </item>
               </collection>
            </doi_data>
         </conference_paper>
      </conference>
      <conference>
         <event_metadata>
            <conference_name>International Kimberlite Conference</conference_name>
         </event_metadata>
         <proceedings_metadata>
            <proceedings_title>International Kimberlite Conference Extended Abstracts: 2003</proceedings_title>
            <publisher>
               <publisher_name>University of Alberta</publisher_name>
            </publisher>
            <publication_date media_type="online">
               <month>06</month>
               <day>22</day>
               <year>2003</year>
            </publication_date>
            <isbn>978-1-55195-422-6</isbn>
         </proceedings_metadata>
         <conference_paper publication_type="full_text" metadata_distribution_opts="any">
            <titles>
               <title>Hydrous lower mantle: the water source for wet plumes</title>
            </titles>
            <doi_data>
               <doi>10.29173/ikc2994</doi>
               <resource>https://ikcabstracts.com/index.php/ikc/article/view/2994</resource>
               <collection property="crawler-based">
                  <item crawler="iParadigms">
                     <resource>https://ikcabstracts.com/index.php/ikc/article/download/2994/2994</resource>
                  </item>
               </collection>
               <collection property="text-mining">
                  <item>
                     <resource mime_type="application/pdf">https://ikcabstracts.com/index.php/ikc/article/download/2994/2994</resource>
                  </item>
               </collection>
            </doi_data>
         </conference_paper>
      </conference>
      <conference>
         <event_metadata>
            <conference_name>International Kimberlite Conference</conference_name>
         </event_metadata>
         <proceedings_metadata>
            <proceedings_title>International Kimberlite Conference Extended Abstracts: 2003</proceedings_title>
            <publisher>
               <publisher_name>University of Alberta</publisher_name>
            </publisher>
            <publication_date media_type="online">
               <month>06</month>
               <day>22</day>
               <year>2003</year>
            </publication_date>
            <isbn>978-1-55195-422-6</isbn>
         </proceedings_metadata>
         <conference_paper publication_type="full_text" metadata_distribution_opts="any">
            <titles>
               <title>Lithosphere structure and thermal regime of the upper mantle beneath the Baikal region: evidence from deep-seated xenoliths</title>
            </titles>
            <doi_data>
               <doi>10.29173/ikc2993</doi>
               <resource>https://ikcabstracts.com/index.php/ikc/article/view/2993</resource>
               <collection property="crawler-based">
                  <item crawler="iParadigms">
                     <resource>https://ikcabstracts.com/index.php/ikc/article/download/2993/2993</resource>
                  </item>
               </collection>
               <collection property="text-mining">
                  <item>
                     <resource mime_type="application/pdf">https://ikcabstracts.com/index.php/ikc/article/download/2993/2993</resource>
                  </item>
               </collection>
            </doi_data>
         </conference_paper>
      </conference>
      <conference>
         <event_metadata>
            <conference_name>International Kimberlite Conference</conference_name>
         </event_metadata>
         <proceedings_metadata>
            <proceedings_title>International Kimberlite Conference Extended Abstracts: 2003</proceedings_title>
            <publisher>
               <publisher_name>University of Alberta</publisher_name>
            </publisher>
            <publication_date media_type="online">
               <month>06</month>
               <day>22</day>
               <year>2003</year>
            </publication_date>
            <isbn>978-1-55195-422-6</isbn>
         </proceedings_metadata>
         <conference_paper publication_type="full_text" metadata_distribution_opts="any">
            <titles>
               <title>India: geological setting and chemistry of kimberlite clan rocks in the Dharwar craton</title>
            </titles>
            <doi_data>
               <doi>10.29173/ikc2992</doi>
               <resource>https://ikcabstracts.com/index.php/ikc/article/view/2992</resource>
               <collection property="crawler-based">
                  <item crawler="iParadigms">
                     <resource>https://ikcabstracts.com/index.php/ikc/article/download/2992/2992</resource>
                  </item>
               </collection>
               <collection property="text-mining">
                  <item>
                     <resource mime_type="application/pdf">https://ikcabstracts.com/index.php/ikc/article/download/2992/2992</resource>
                  </item>
               </collection>
            </doi_data>
         </conference_paper>
      </conference>
      <conference>
         <event_metadata>
            <conference_name>International Kimberlite Conference</conference_name>
         </event_metadata>
         <proceedings_metadata>
            <proceedings_title>International Kimberlite Conference Extended Abstracts: 2003</proceedings_title>
            <publisher>
               <publisher_name>University of Alberta</publisher_name>
            </publisher>
            <publication_date media_type="online">
               <month>06</month>
               <day>22</day>
               <year>2003</year>
            </publication_date>
            <isbn>978-1-55195-422-6</isbn>
         </proceedings_metadata>
         <conference_paper publication_type="full_text" metadata_distribution_opts="any">
            <titles>
               <title>Late Vendian aerial alkaline volcanism in the Winter coast kimberlite area (Arkhangelsk diamondiferous province)</title>
            </titles>
            <doi_data>
               <doi>10.29173/ikc2991</doi>
               <resource>https://ikcabstracts.com/index.php/ikc/article/view/2991</resource>
               <collection property="crawler-based">
                  <item crawler="iParadigms">
                     <resource>https://ikcabstracts.com/index.php/ikc/article/download/2991/2991</resource>
                  </item>
               </collection>
               <collection property="text-mining">
                  <item>
                     <resource mime_type="application/pdf">https://ikcabstracts.com/index.php/ikc/article/download/2991/2991</resource>
                  </item>
               </collection>
            </doi_data>
         </conference_paper>
      </conference>
      <conference>
         <event_metadata>
            <conference_name>International Kimberlite Conference</conference_name>
         </event_metadata>
         <proceedings_metadata>
            <proceedings_title>International Kimberlite Conference Extended Abstracts: 2003</proceedings_title>
            <publisher>
               <publisher_name>University of Alberta</publisher_name>
            </publisher>
            <publication_date media_type="online">
               <month>06</month>
               <day>22</day>
               <year>2003</year>
            </publication_date>
            <isbn>978-1-55195-422-6</isbn>
         </proceedings_metadata>
         <conference_paper publication_type="full_text" metadata_distribution_opts="any">
            <titles>
               <title>Microinclusions in fibrous diamonds from Yubileinaya kimberlite pipe (Yakutia)</title>
            </titles>
            <doi_data>
               <doi>10.29173/ikc2990</doi>
               <resource>https://ikcabstracts.com/index.php/ikc/article/view/2990</resource>
               <collection property="crawler-based">
                  <item crawler="iParadigms">
                     <resource>https://ikcabstracts.com/index.php/ikc/article/download/2990/2990</resource>
                  </item>
               </collection>
               <collection property="text-mining">
                  <item>
                     <resource mime_type="application/pdf">https://ikcabstracts.com/index.php/ikc/article/download/2990/2990</resource>
                  </item>
               </collection>
            </doi_data>
         </conference_paper>
      </conference>
      <conference>
         <event_metadata>
            <conference_name>International Kimberlite Conference</conference_name>
         </event_metadata>
         <proceedings_metadata>
            <proceedings_title>International Kimberlite Conference Extended Abstracts: 2003</proceedings_title>
            <publisher>
               <publisher_name>University of Alberta</publisher_name>
            </publisher>
            <publication_date media_type="online">
               <month>06</month>
               <day>22</day>
               <year>2003</year>
            </publication_date>
            <isbn>978-1-55195-422-6</isbn>
         </proceedings_metadata>
         <conference_paper publication_type="full_text" metadata_distribution_opts="any">
            <titles>
               <title>Glacial dispersion study of kimberlitic material in Quaternary till from the Lahtojoki pipe, eastern Finland</title>
            </titles>
            <doi_data>
               <doi>10.29173/ikc2989</doi>
               <resource>https://ikcabstracts.com/index.php/ikc/article/view/2989</resource>
               <collection property="crawler-based">
                  <item crawler="iParadigms">
                     <resource>https://ikcabstracts.com/index.php/ikc/article/download/2989/2989</resource>
                  </item>
               </collection>
               <collection property="text-mining">
                  <item>
                     <resource mime_type="application/pdf">https://ikcabstracts.com/index.php/ikc/article/download/2989/2989</resource>
                  </item>
               </collection>
            </doi_data>
         </conference_paper>
      </conference>
      <conference>
         <event_metadata>
            <conference_name>International Kimberlite Conference</conference_name>
         </event_metadata>
         <proceedings_metadata>
            <proceedings_title>International Kimberlite Conference Extended Abstracts: 2003</proceedings_title>
            <publisher>
               <publisher_name>University of Alberta</publisher_name>
            </publisher>
            <publication_date media_type="online">
               <month>06</month>
               <day>22</day>
               <year>2003</year>
            </publication_date>
            <isbn>978-1-55195-422-6</isbn>
         </proceedings_metadata>
         <conference_paper publication_type="full_text" metadata_distribution_opts="any">
            <titles>
               <title>Garnet and ilmenite geochemical computer programs for exploration for diamonds</title>
            </titles>
            <doi_data>
               <doi>10.29173/ikc2988</doi>
               <resource>https://ikcabstracts.com/index.php/ikc/article/view/2988</resource>
               <collection property="crawler-based">
                  <item crawler="iParadigms">
                     <resource>https://ikcabstracts.com/index.php/ikc/article/download/2988/2988</resource>
                  </item>
               </collection>
               <collection property="text-mining">
                  <item>
                     <resource mime_type="application/pdf">https://ikcabstracts.com/index.php/ikc/article/download/2988/2988</resource>
                  </item>
               </collection>
            </doi_data>
         </conference_paper>
      </conference>
      <conference>
         <event_metadata>
            <conference_name>International Kimberlite Conference</conference_name>
         </event_metadata>
         <proceedings_metadata>
            <proceedings_title>International Kimberlite Conference Extended Abstracts: 2003</proceedings_title>
            <publisher>
               <publisher_name>University of Alberta</publisher_name>
            </publisher>
            <publication_date media_type="online">
               <month>06</month>
               <day>22</day>
               <year>2003</year>
            </publication_date>
            <isbn>978-1-55195-422-6</isbn>
         </proceedings_metadata>
         <conference_paper publication_type="full_text" metadata_distribution_opts="any">
            <titles>
               <title>Experimental studies at 6 - 12 GPa of the Ondermatje hypabyssal kimberlite</title>
            </titles>
            <doi_data>
               <doi>10.29173/ikc2987</doi>
               <resource>https://ikcabstracts.com/index.php/ikc/article/view/2987</resource>
               <collection property="crawler-based">
                  <item crawler="iParadigms">
                     <resource>https://ikcabstracts.com/index.php/ikc/article/download/2987/2987</resource>
                  </item>
               </collection>
               <collection property="text-mining">
                  <item>
                     <resource mime_type="application/pdf">https://ikcabstracts.com/index.php/ikc/article/download/2987/2987</resource>
                  </item>
               </collection>
            </doi_data>
         </conference_paper>
      </conference>
      <conference>
         <event_metadata>
            <conference_name>International Kimberlite Conference</conference_name>
         </event_metadata>
         <proceedings_metadata>
            <proceedings_title>International Kimberlite Conference Extended Abstracts: 2003</proceedings_title>
            <publisher>
               <publisher_name>University of Alberta</publisher_name>
            </publisher>
            <publication_date media_type="online">
               <month>06</month>
               <day>22</day>
               <year>2003</year>
            </publication_date>
            <isbn>978-1-55195-422-6</isbn>
         </proceedings_metadata>
         <conference_paper publication_type="full_text" metadata_distribution_opts="any">
            <titles>
               <title>Garnet-clinopyroxene and clinopyroxene geobarometry of deep mantle eclogites and peridotites</title>
            </titles>
            <doi_data>
               <doi>10.29173/ikc2986</doi>
               <resource>https://ikcabstracts.com/index.php/ikc/article/view/2986</resource>
               <collection property="crawler-based">
                  <item crawler="iParadigms">
                     <resource>https://ikcabstracts.com/index.php/ikc/article/download/2986/2986</resource>
                  </item>
               </collection>
               <collection property="text-mining">
                  <item>
                     <resource mime_type="application/pdf">https://ikcabstracts.com/index.php/ikc/article/download/2986/2986</resource>
                  </item>
               </collection>
            </doi_data>
         </conference_paper>
      </conference>
      <conference>
         <event_metadata>
            <conference_name>International Kimberlite Conference</conference_name>
         </event_metadata>
         <proceedings_metadata>
            <proceedings_title>International Kimberlite Conference Extended Abstracts: 2003</proceedings_title>
            <publisher>
               <publisher_name>University of Alberta</publisher_name>
            </publisher>
            <publication_date media_type="online">
               <month>06</month>
               <day>22</day>
               <year>2003</year>
            </publication_date>
            <isbn>978-1-55195-422-6</isbn>
         </proceedings_metadata>
         <conference_paper publication_type="full_text" metadata_distribution_opts="any">
            <titles>
               <title>The role of borehole geophysics in improving the geophysical imaging of kimberlites in a sedimentary setting: Alberta, Canada</title>
            </titles>
            <doi_data>
               <doi>10.29173/ikc2985</doi>
               <resource>https://ikcabstracts.com/index.php/ikc/article/view/2985</resource>
               <collection property="crawler-based">
                  <item crawler="iParadigms">
                     <resource>https://ikcabstracts.com/index.php/ikc/article/download/2985/2985</resource>
                  </item>
               </collection>
               <collection property="text-mining">
                  <item>
                     <resource mime_type="application/pdf">https://ikcabstracts.com/index.php/ikc/article/download/2985/2985</resource>
                  </item>
               </collection>
            </doi_data>
         </conference_paper>
      </conference>
      <conference>
         <event_metadata>
            <conference_name>International Kimberlite Conference</conference_name>
         </event_metadata>
         <proceedings_metadata>
            <proceedings_title>International Kimberlite Conference Extended Abstracts: 2003</proceedings_title>
            <publisher>
               <publisher_name>University of Alberta</publisher_name>
            </publisher>
            <publication_date media_type="online">
               <month>06</month>
               <day>22</day>
               <year>2003</year>
            </publication_date>
            <isbn>978-1-55195-422-6</isbn>
         </proceedings_metadata>
         <conference_paper publication_type="full_text" metadata_distribution_opts="any">
            <titles>
               <title>A harzburgite to garnet lherzolite transformation: the possible roles of strain and metasomatism</title>
            </titles>
            <doi_data>
               <doi>10.29173/ikc2984</doi>
               <resource>https://ikcabstracts.com/index.php/ikc/article/view/2984</resource>
               <collection property="crawler-based">
                  <item crawler="iParadigms">
                     <resource>https://ikcabstracts.com/index.php/ikc/article/download/2984/2984</resource>
                  </item>
               </collection>
               <collection property="text-mining">
                  <item>
                     <resource mime_type="application/pdf">https://ikcabstracts.com/index.php/ikc/article/download/2984/2984</resource>
                  </item>
               </collection>
            </doi_data>
         </conference_paper>
      </conference>
      <conference>
         <event_metadata>
            <conference_name>International Kimberlite Conference</conference_name>
         </event_metadata>
         <proceedings_metadata>
            <proceedings_title>International Kimberlite Conference Extended Abstracts: 2003</proceedings_title>
            <publisher>
               <publisher_name>University of Alberta</publisher_name>
            </publisher>
            <publication_date media_type="online">
               <month>06</month>
               <day>22</day>
               <year>2003</year>
            </publication_date>
            <isbn>978-1-55195-422-6</isbn>
         </proceedings_metadata>
         <conference_paper publication_type="full_text" metadata_distribution_opts="any">
            <titles>
               <title>A preliminary study of the mineral chemistry of selected Alberta kimberlites</title>
            </titles>
            <doi_data>
               <doi>10.29173/ikc2983</doi>
               <resource>https://ikcabstracts.com/index.php/ikc/article/view/2983</resource>
               <collection property="crawler-based">
                  <item crawler="iParadigms">
                     <resource>https://ikcabstracts.com/index.php/ikc/article/download/2983/2983</resource>
                  </item>
               </collection>
               <collection property="text-mining">
                  <item>
                     <resource mime_type="application/pdf">https://ikcabstracts.com/index.php/ikc/article/download/2983/2983</resource>
                  </item>
               </collection>
            </doi_data>
         </conference_paper>
      </conference>
      <conference>
         <event_metadata>
            <conference_name>International Kimberlite Conference</conference_name>
         </event_metadata>
         <proceedings_metadata>
            <proceedings_title>International Kimberlite Conference Extended Abstracts: 2003</proceedings_title>
            <publisher>
               <publisher_name>University of Alberta</publisher_name>
            </publisher>
            <publication_date media_type="online">
               <month>06</month>
               <day>22</day>
               <year>2003</year>
            </publication_date>
            <isbn>978-1-55195-422-6</isbn>
         </proceedings_metadata>
         <conference_paper publication_type="full_text" metadata_distribution_opts="any">
            <titles>
               <title>Origins of eclogites beneath the central Slave craton</title>
            </titles>
            <doi_data>
               <doi>10.29173/ikc2982</doi>
               <resource>https://ikcabstracts.com/index.php/ikc/article/view/2982</resource>
               <collection property="crawler-based">
                  <item crawler="iParadigms">
                     <resource>https://ikcabstracts.com/index.php/ikc/article/download/2982/2982</resource>
                  </item>
               </collection>
               <collection property="text-mining">
                  <item>
                     <resource mime_type="application/pdf">https://ikcabstracts.com/index.php/ikc/article/download/2982/2982</resource>
                  </item>
               </collection>
            </doi_data>
         </conference_paper>
      </conference>
      <conference>
         <event_metadata>
            <conference_name>International Kimberlite Conference</conference_name>
         </event_metadata>
         <proceedings_metadata>
            <proceedings_title>International Kimberlite Conference Extended Abstracts: 2003</proceedings_title>
            <publisher>
               <publisher_name>University of Alberta</publisher_name>
            </publisher>
            <publication_date media_type="online">
               <month>06</month>
               <day>22</day>
               <year>2003</year>
            </publication_date>
            <isbn>978-1-55195-422-6</isbn>
         </proceedings_metadata>
         <conference_paper publication_type="full_text" metadata_distribution_opts="any">
            <titles>
               <title>The lithospheric mantle beneath the Buffalo Head Terrane, Alberta: xenoliths from the Buffalo Hills kimberlites</title>
            </titles>
            <doi_data>
               <doi>10.29173/ikc2981</doi>
               <resource>https://ikcabstracts.com/index.php/ikc/article/view/2981</resource>
               <collection property="crawler-based">
                  <item crawler="iParadigms">
                     <resource>https://ikcabstracts.com/index.php/ikc/article/download/2981/2981</resource>
                  </item>
               </collection>
               <collection property="text-mining">
                  <item>
                     <resource mime_type="application/pdf">https://ikcabstracts.com/index.php/ikc/article/download/2981/2981</resource>
                  </item>
               </collection>
            </doi_data>
         </conference_paper>
      </conference>
      <conference>
         <event_metadata>
            <conference_name>International Kimberlite Conference</conference_name>
         </event_metadata>
         <proceedings_metadata>
            <proceedings_title>International Kimberlite Conference Extended Abstracts: 2003</proceedings_title>
            <publisher>
               <publisher_name>University of Alberta</publisher_name>
            </publisher>
            <publication_date media_type="online">
               <month>06</month>
               <day>22</day>
               <year>2003</year>
            </publication_date>
            <isbn>978-1-55195-422-6</isbn>
         </proceedings_metadata>
         <conference_paper publication_type="full_text" metadata_distribution_opts="any">
            <titles>
               <title>Characterization and geologic setting of the Elk Creek carbonatite, southeast Nebraska, USA</title>
            </titles>
            <doi_data>
               <doi>10.29173/ikc2980</doi>
               <resource>https://ikcabstracts.com/index.php/ikc/article/view/2980</resource>
               <collection property="crawler-based">
                  <item crawler="iParadigms">
                     <resource>https://ikcabstracts.com/index.php/ikc/article/download/2980/2980</resource>
                  </item>
               </collection>
               <collection property="text-mining">
                  <item>
                     <resource mime_type="application/pdf">https://ikcabstracts.com/index.php/ikc/article/download/2980/2980</resource>
                  </item>
               </collection>
            </doi_data>
         </conference_paper>
      </conference>
      <conference>
         <event_metadata>
            <conference_name>International Kimberlite Conference</conference_name>
         </event_metadata>
         <proceedings_metadata>
            <proceedings_title>International Kimberlite Conference Extended Abstracts: 2003</proceedings_title>
            <publisher>
               <publisher_name>University of Alberta</publisher_name>
            </publisher>
            <publication_date media_type="online">
               <month>06</month>
               <day>22</day>
               <year>2003</year>
            </publication_date>
            <isbn>978-1-55195-422-6</isbn>
         </proceedings_metadata>
         <conference_paper publication_type="full_text" metadata_distribution_opts="any">
            <titles>
               <title>The Sheahan-MDRU diamond &amp; mantle rock literature service</title>
            </titles>
            <doi_data>
               <doi>10.29173/ikc2979</doi>
               <resource>https://ikcabstracts.com/index.php/ikc/article/view/2979</resource>
               <collection property="crawler-based">
                  <item crawler="iParadigms">
                     <resource>https://ikcabstracts.com/index.php/ikc/article/download/2979/2979</resource>
                  </item>
               </collection>
               <collection property="text-mining">
                  <item>
                     <resource mime_type="application/pdf">https://ikcabstracts.com/index.php/ikc/article/download/2979/2979</resource>
                  </item>
               </collection>
            </doi_data>
         </conference_paper>
      </conference>
      <conference>
         <event_metadata>
            <conference_name>International Kimberlite Conference</conference_name>
         </event_metadata>
         <proceedings_metadata>
            <proceedings_title>International Kimberlite Conference Extended Abstracts: 2003</proceedings_title>
            <publisher>
               <publisher_name>University of Alberta</publisher_name>
            </publisher>
            <publication_date media_type="online">
               <month>06</month>
               <day>22</day>
               <year>2003</year>
            </publication_date>
            <isbn>978-1-55195-422-6</isbn>
         </proceedings_metadata>
         <conference_paper publication_type="full_text" metadata_distribution_opts="any">
            <titles>
               <title>The upper mantle heterogeneity: thermodynamic calculations and methods of mathematical statistics</title>
            </titles>
            <doi_data>
               <doi>10.29173/ikc2978</doi>
               <resource>https://ikcabstracts.com/index.php/ikc/article/view/2978</resource>
               <collection property="crawler-based">
                  <item crawler="iParadigms">
                     <resource>https://ikcabstracts.com/index.php/ikc/article/download/2978/2978</resource>
                  </item>
               </collection>
               <collection property="text-mining">
                  <item>
                     <resource mime_type="application/pdf">https://ikcabstracts.com/index.php/ikc/article/download/2978/2978</resource>
                  </item>
               </collection>
            </doi_data>
         </conference_paper>
      </conference>
      <conference>
         <event_metadata>
            <conference_name>International Kimberlite Conference</conference_name>
         </event_metadata>
         <proceedings_metadata>
            <proceedings_title>International Kimberlite Conference Extended Abstracts: 2003</proceedings_title>
            <publisher>
               <publisher_name>University of Alberta</publisher_name>
            </publisher>
            <publication_date media_type="online">
               <month>06</month>
               <day>22</day>
               <year>2003</year>
            </publication_date>
            <isbn>978-1-55195-422-6</isbn>
         </proceedings_metadata>
         <conference_paper publication_type="full_text" metadata_distribution_opts="any">
            <titles>
               <title>Mega Kalahari geology: challenges of kimberlite exploration in this medium</title>
            </titles>
            <doi_data>
               <doi>10.29173/ikc2977</doi>
               <resource>https://ikcabstracts.com/index.php/ikc/article/view/2977</resource>
               <collection property="crawler-based">
                  <item crawler="iParadigms">
                     <resource>https://ikcabstracts.com/index.php/ikc/article/download/2977/2977</resource>
                  </item>
               </collection>
               <collection property="text-mining">
                  <item>
                     <resource mime_type="application/pdf">https://ikcabstracts.com/index.php/ikc/article/download/2977/2977</resource>
                  </item>
               </collection>
            </doi_data>
         </conference_paper>
      </conference>
      <conference>
         <event_metadata>
            <conference_name>International Kimberlite Conference</conference_name>
         </event_metadata>
         <proceedings_metadata>
            <proceedings_title>International Kimberlite Conference Extended Abstracts: 2003</proceedings_title>
            <publisher>
               <publisher_name>University of Alberta</publisher_name>
            </publisher>
            <publication_date media_type="online">
               <month>06</month>
               <day>22</day>
               <year>2003</year>
            </publication_date>
            <isbn>978-1-55195-422-6</isbn>
         </proceedings_metadata>
         <conference_paper publication_type="full_text" metadata_distribution_opts="any">
            <titles>
               <title>A correlation between the distribution of nitrogen centers in diamonds and their internal structure and mechanism of growth</title>
            </titles>
            <doi_data>
               <doi>10.29173/ikc2976</doi>
               <resource>https://ikcabstracts.com/index.php/ikc/article/view/2976</resource>
               <collection property="crawler-based">
                  <item crawler="iParadigms">
                     <resource>https://ikcabstracts.com/index.php/ikc/article/download/2976/2976</resource>
                  </item>
               </collection>
               <collection property="text-mining">
                  <item>
                     <resource mime_type="application/pdf">https://ikcabstracts.com/index.php/ikc/article/download/2976/2976</resource>
                  </item>
               </collection>
            </doi_data>
         </conference_paper>
      </conference>
      <conference>
         <event_metadata>
            <conference_name>International Kimberlite Conference</conference_name>
         </event_metadata>
         <proceedings_metadata>
            <proceedings_title>International Kimberlite Conference Extended Abstracts: 2003</proceedings_title>
            <publisher>
               <publisher_name>University of Alberta</publisher_name>
            </publisher>
            <publication_date media_type="online">
               <month>06</month>
               <day>22</day>
               <year>2003</year>
            </publication_date>
            <isbn>978-1-55195-422-6</isbn>
         </proceedings_metadata>
         <conference_paper publication_type="full_text" metadata_distribution_opts="any">
            <titles>
               <title>Late Proterozoic kimberlites of Quaniamo, Venezuela: anomalous, ilmenite-free, mica kimberlites of isotopic transitional type</title>
            </titles>
            <doi_data>
               <doi>10.29173/ikc2975</doi>
               <resource>https://ikcabstracts.com/index.php/ikc/article/view/2975</resource>
               <collection property="crawler-based">
                  <item crawler="iParadigms">
                     <resource>https://ikcabstracts.com/index.php/ikc/article/download/2975/2975</resource>
                  </item>
               </collection>
               <collection property="text-mining">
                  <item>
                     <resource mime_type="application/pdf">https://ikcabstracts.com/index.php/ikc/article/download/2975/2975</resource>
                  </item>
               </collection>
            </doi_data>
         </conference_paper>
      </conference>
  </body>
</doi_batch>
