<?xml version="1.0" encoding="UTF-8"?>
<doi_batch xmlns="http://www.crossref.org/schema/4.3.6"
           xmlns:xsi="http://www.w3.org/2001/XMLSchema-instance"
           xmlns:jats="http://www.ncbi.nlm.nih.gov/JATS1"
           xmlns:ai="http://www.crossref.org/AccessIndicators.xsd"
           version="4.3.6"
           xsi:schemaLocation="http://www.crossref.org/schema/4.3.6 https://www.crossref.org/schemas/crossref4.3.6.xsd">
  <head>
      <doi_batch_id>_1553018085</doi_batch_id>
      <timestamp>1553018085</timestamp>
      <depositor>
         <depositor_name>University of Alberta Libraries</depositor_name>
         <email_address>ojshelp@ualberta.ca</email_address>
      </depositor>
      <registrant>University of Alberta</registrant>
  </head>
  <body>
      <conference>
         <event_metadata>
            <conference_name>International Kimberlite Conference</conference_name>
         </event_metadata>
         <proceedings_metadata>
            <proceedings_title>International Kimberlite Conference Extended Abstracts: 2003</proceedings_title>
            <publisher>
               <publisher_name>University of Alberta</publisher_name>
            </publisher>
            <publication_date media_type="online">
               <month>06</month>
               <day>22</day>
               <year>2003</year>
            </publication_date>
            <isbn>978-1-55195-422-6</isbn>
         </proceedings_metadata>
         <conference_paper publication_type="full_text" metadata_distribution_opts="any">
            <titles>
               <title>Welcome</title>
            </titles>
            <doi_data>
               <doi>10.29173/ikc3252</doi>
               <resource>https://ikcabstracts.com/index.php/ikc/article/view/3252</resource>
               <collection property="crawler-based">
                  <item crawler="iParadigms">
                     <resource>https://ikcabstracts.com/index.php/ikc/article/download/3252/3252</resource>
                  </item>
               </collection>
               <collection property="text-mining">
                  <item>
                     <resource mime_type="application/pdf">https://ikcabstracts.com/index.php/ikc/article/download/3252/3252</resource>
                  </item>
               </collection>
            </doi_data>
         </conference_paper>
      </conference>
      <conference>
         <event_metadata>
            <conference_name>International Kimberlite Conference</conference_name>
         </event_metadata>
         <proceedings_metadata>
            <proceedings_title>International Kimberlite Conference Extended Abstracts: 2003</proceedings_title>
            <publisher>
               <publisher_name>University of Alberta</publisher_name>
            </publisher>
            <publication_date media_type="online">
               <month>06</month>
               <day>22</day>
               <year>2003</year>
            </publication_date>
            <isbn>978-1-55195-422-6</isbn>
         </proceedings_metadata>
         <conference_paper publication_type="full_text" metadata_distribution_opts="any">
            <titles>
               <title>Organizing Committee</title>
            </titles>
            <doi_data>
               <doi>10.29173/ikc3251</doi>
               <resource>https://ikcabstracts.com/index.php/ikc/article/view/3251</resource>
               <collection property="crawler-based">
                  <item crawler="iParadigms">
                     <resource>https://ikcabstracts.com/index.php/ikc/article/download/3251/3251</resource>
                  </item>
               </collection>
               <collection property="text-mining">
                  <item>
                     <resource mime_type="application/pdf">https://ikcabstracts.com/index.php/ikc/article/download/3251/3251</resource>
                  </item>
               </collection>
            </doi_data>
         </conference_paper>
      </conference>
      <conference>
         <event_metadata>
            <conference_name>International Kimberlite Conference</conference_name>
         </event_metadata>
         <proceedings_metadata>
            <proceedings_title>International Kimberlite Conference Extended Abstracts: 2003</proceedings_title>
            <publisher>
               <publisher_name>University of Alberta</publisher_name>
            </publisher>
            <publication_date media_type="online">
               <month>06</month>
               <day>22</day>
               <year>2003</year>
            </publication_date>
            <isbn>978-1-55195-422-6</isbn>
         </proceedings_metadata>
         <conference_paper publication_type="full_text" metadata_distribution_opts="any">
            <titles>
               <title>Author Index</title>
            </titles>
            <doi_data>
               <doi>10.29173/ikc3250</doi>
               <resource>https://ikcabstracts.com/index.php/ikc/article/view/3250</resource>
               <collection property="crawler-based">
                  <item crawler="iParadigms">
                     <resource>https://ikcabstracts.com/index.php/ikc/article/download/3250/3250</resource>
                  </item>
               </collection>
               <collection property="text-mining">
                  <item>
                     <resource mime_type="application/pdf">https://ikcabstracts.com/index.php/ikc/article/download/3250/3250</resource>
                  </item>
               </collection>
            </doi_data>
         </conference_paper>
      </conference>
      <conference>
         <event_metadata>
            <conference_name>International Kimberlite Conference</conference_name>
         </event_metadata>
         <proceedings_metadata>
            <proceedings_title>International Kimberlite Conference Extended Abstracts: 2003</proceedings_title>
            <publisher>
               <publisher_name>University of Alberta</publisher_name>
            </publisher>
            <publication_date media_type="online">
               <month>06</month>
               <day>22</day>
               <year>2003</year>
            </publication_date>
            <isbn>978-1-55195-422-6</isbn>
         </proceedings_metadata>
         <conference_paper publication_type="full_text" metadata_distribution_opts="any">
            <titles>
               <title>Abstract Index</title>
            </titles>
            <doi_data>
               <doi>10.29173/ikc3249</doi>
               <resource>https://ikcabstracts.com/index.php/ikc/article/view/3249</resource>
               <collection property="crawler-based">
                  <item crawler="iParadigms">
                     <resource>https://ikcabstracts.com/index.php/ikc/article/download/3249/3249</resource>
                  </item>
               </collection>
               <collection property="text-mining">
                  <item>
                     <resource mime_type="application/pdf">https://ikcabstracts.com/index.php/ikc/article/download/3249/3249</resource>
                  </item>
               </collection>
            </doi_data>
         </conference_paper>
      </conference>
      <conference>
         <event_metadata>
            <conference_name>International Kimberlite Conference</conference_name>
         </event_metadata>
         <proceedings_metadata>
            <proceedings_title>International Kimberlite Conference Extended Abstracts: 2003</proceedings_title>
            <publisher>
               <publisher_name>University of Alberta</publisher_name>
            </publisher>
            <publication_date media_type="online">
               <month>06</month>
               <day>22</day>
               <year>2003</year>
            </publication_date>
            <isbn>978-1-55195-422-6</isbn>
         </proceedings_metadata>
         <conference_paper publication_type="full_text" metadata_distribution_opts="any">
            <titles>
               <title>Diamondiferous Archaean lamprophyres with komatiitic affinities from the Wawa area, Ontario, Canada</title>
            </titles>
            <doi_data>
               <doi>10.29173/ikc3248</doi>
               <resource>https://ikcabstracts.com/index.php/ikc/article/view/3248</resource>
               <collection property="crawler-based">
                  <item crawler="iParadigms">
                     <resource>https://ikcabstracts.com/index.php/ikc/article/download/3248/3248</resource>
                  </item>
               </collection>
               <collection property="text-mining">
                  <item>
                     <resource mime_type="application/pdf">https://ikcabstracts.com/index.php/ikc/article/download/3248/3248</resource>
                  </item>
               </collection>
            </doi_data>
         </conference_paper>
      </conference>
      <conference>
         <event_metadata>
            <conference_name>International Kimberlite Conference</conference_name>
         </event_metadata>
         <proceedings_metadata>
            <proceedings_title>International Kimberlite Conference Extended Abstracts: 2003</proceedings_title>
            <publisher>
               <publisher_name>University of Alberta</publisher_name>
            </publisher>
            <publication_date media_type="online">
               <month>06</month>
               <day>22</day>
               <year>2003</year>
            </publication_date>
            <isbn>978-1-55195-422-6</isbn>
         </proceedings_metadata>
         <conference_paper publication_type="full_text" metadata_distribution_opts="any">
            <titles>
               <title>Diamond formation and mantle metasomatism: a trace element perspective</title>
            </titles>
            <doi_data>
               <doi>10.29173/ikc3247</doi>
               <resource>https://ikcabstracts.com/index.php/ikc/article/view/3247</resource>
               <collection property="crawler-based">
                  <item crawler="iParadigms">
                     <resource>https://ikcabstracts.com/index.php/ikc/article/download/3247/3247</resource>
                  </item>
               </collection>
               <collection property="text-mining">
                  <item>
                     <resource mime_type="application/pdf">https://ikcabstracts.com/index.php/ikc/article/download/3247/3247</resource>
                  </item>
               </collection>
            </doi_data>
         </conference_paper>
      </conference>
      <conference>
         <event_metadata>
            <conference_name>International Kimberlite Conference</conference_name>
         </event_metadata>
         <proceedings_metadata>
            <proceedings_title>International Kimberlite Conference Extended Abstracts: 2003</proceedings_title>
            <publisher>
               <publisher_name>University of Alberta</publisher_name>
            </publisher>
            <publication_date media_type="online">
               <month>06</month>
               <day>22</day>
               <year>2003</year>
            </publication_date>
            <isbn>978-1-55195-422-6</isbn>
         </proceedings_metadata>
         <conference_paper publication_type="full_text" metadata_distribution_opts="any">
            <titles>
               <title>Petrophysics of kimberlites</title>
            </titles>
            <doi_data>
               <doi>10.29173/ikc3246</doi>
               <resource>https://ikcabstracts.com/index.php/ikc/article/view/3246</resource>
               <collection property="crawler-based">
                  <item crawler="iParadigms">
                     <resource>https://ikcabstracts.com/index.php/ikc/article/download/3246/3246</resource>
                  </item>
               </collection>
               <collection property="text-mining">
                  <item>
                     <resource mime_type="application/pdf">https://ikcabstracts.com/index.php/ikc/article/download/3246/3246</resource>
                  </item>
               </collection>
            </doi_data>
         </conference_paper>
      </conference>
      <conference>
         <event_metadata>
            <conference_name>International Kimberlite Conference</conference_name>
         </event_metadata>
         <proceedings_metadata>
            <proceedings_title>International Kimberlite Conference Extended Abstracts: 2003</proceedings_title>
            <publisher>
               <publisher_name>University of Alberta</publisher_name>
            </publisher>
            <publication_date media_type="online">
               <month>06</month>
               <day>22</day>
               <year>2003</year>
            </publication_date>
            <isbn>978-1-55195-422-6</isbn>
         </proceedings_metadata>
         <conference_paper publication_type="full_text" metadata_distribution_opts="any">
            <titles>
               <title>SHRIMP U-Pb dating of a perovskite inclusion in diamond: evidence for a syneruption age for diamond formation, Sytykanskaya kimberlite pipe, Yakutia region, Siberia</title>
            </titles>
            <doi_data>
               <doi>10.29173/ikc3245</doi>
               <resource>https://ikcabstracts.com/index.php/ikc/article/view/3245</resource>
               <collection property="crawler-based">
                  <item crawler="iParadigms">
                     <resource>https://ikcabstracts.com/index.php/ikc/article/download/3245/3245</resource>
                  </item>
               </collection>
               <collection property="text-mining">
                  <item>
                     <resource mime_type="application/pdf">https://ikcabstracts.com/index.php/ikc/article/download/3245/3245</resource>
                  </item>
               </collection>
            </doi_data>
         </conference_paper>
      </conference>
      <conference>
         <event_metadata>
            <conference_name>International Kimberlite Conference</conference_name>
         </event_metadata>
         <proceedings_metadata>
            <proceedings_title>International Kimberlite Conference Extended Abstracts: 2003</proceedings_title>
            <publisher>
               <publisher_name>University of Alberta</publisher_name>
            </publisher>
            <publication_date media_type="online">
               <month>06</month>
               <day>22</day>
               <year>2003</year>
            </publication_date>
            <isbn>978-1-55195-422-6</isbn>
         </proceedings_metadata>
         <conference_paper publication_type="full_text" metadata_distribution_opts="any">
            <titles>
               <title>Passive kimberlitic fluid emplacement into dilating dyke-fracture systems in South Africa</title>
            </titles>
            <doi_data>
               <doi>10.29173/ikc3244</doi>
               <resource>https://ikcabstracts.com/index.php/ikc/article/view/3244</resource>
               <collection property="crawler-based">
                  <item crawler="iParadigms">
                     <resource>https://ikcabstracts.com/index.php/ikc/article/download/3244/3244</resource>
                  </item>
               </collection>
               <collection property="text-mining">
                  <item>
                     <resource mime_type="application/pdf">https://ikcabstracts.com/index.php/ikc/article/download/3244/3244</resource>
                  </item>
               </collection>
            </doi_data>
         </conference_paper>
      </conference>
      <conference>
         <event_metadata>
            <conference_name>International Kimberlite Conference</conference_name>
         </event_metadata>
         <proceedings_metadata>
            <proceedings_title>International Kimberlite Conference Extended Abstracts: 2003</proceedings_title>
            <publisher>
               <publisher_name>University of Alberta</publisher_name>
            </publisher>
            <publication_date media_type="online">
               <month>06</month>
               <day>22</day>
               <year>2003</year>
            </publication_date>
            <isbn>978-1-55195-422-6</isbn>
         </proceedings_metadata>
         <conference_paper publication_type="full_text" metadata_distribution_opts="any">
            <titles>
               <title>Mutually consistent classification schemes for mantle-derived garnet and chromite, for use by diamond explorers</title>
            </titles>
            <doi_data>
               <doi>10.29173/ikc3243</doi>
               <resource>https://ikcabstracts.com/index.php/ikc/article/view/3243</resource>
               <collection property="crawler-based">
                  <item crawler="iParadigms">
                     <resource>https://ikcabstracts.com/index.php/ikc/article/download/3243/3243</resource>
                  </item>
               </collection>
               <collection property="text-mining">
                  <item>
                     <resource mime_type="application/pdf">https://ikcabstracts.com/index.php/ikc/article/download/3243/3243</resource>
                  </item>
               </collection>
            </doi_data>
         </conference_paper>
      </conference>
      <conference>
         <event_metadata>
            <conference_name>International Kimberlite Conference</conference_name>
         </event_metadata>
         <proceedings_metadata>
            <proceedings_title>International Kimberlite Conference Extended Abstracts: 2003</proceedings_title>
            <publisher>
               <publisher_name>University of Alberta</publisher_name>
            </publisher>
            <publication_date media_type="online">
               <month>06</month>
               <day>22</day>
               <year>2003</year>
            </publication_date>
            <isbn>978-1-55195-422-6</isbn>
         </proceedings_metadata>
         <conference_paper publication_type="full_text" metadata_distribution_opts="any">
            <titles>
               <title>Facial characteristics of kimberlite rocks from the northern and southern parts of the Yakutian kimberlite province (in the light of the Duken and Daldyn kimberlite fields)</title>
            </titles>
            <doi_data>
               <doi>10.29173/ikc3242</doi>
               <resource>https://ikcabstracts.com/index.php/ikc/article/view/3242</resource>
               <collection property="crawler-based">
                  <item crawler="iParadigms">
                     <resource>https://ikcabstracts.com/index.php/ikc/article/download/3242/3242</resource>
                  </item>
               </collection>
               <collection property="text-mining">
                  <item>
                     <resource mime_type="application/pdf">https://ikcabstracts.com/index.php/ikc/article/download/3242/3242</resource>
                  </item>
               </collection>
            </doi_data>
         </conference_paper>
      </conference>
      <conference>
         <event_metadata>
            <conference_name>International Kimberlite Conference</conference_name>
         </event_metadata>
         <proceedings_metadata>
            <proceedings_title>International Kimberlite Conference Extended Abstracts: 2003</proceedings_title>
            <publisher>
               <publisher_name>University of Alberta</publisher_name>
            </publisher>
            <publication_date media_type="online">
               <month>06</month>
               <day>22</day>
               <year>2003</year>
            </publication_date>
            <isbn>978-1-55195-422-6</isbn>
         </proceedings_metadata>
         <conference_paper publication_type="full_text" metadata_distribution_opts="any">
            <titles>
               <title>The origin of clinopyroxene in cratonic mantle</title>
            </titles>
            <doi_data>
               <doi>10.29173/ikc3241</doi>
               <resource>https://ikcabstracts.com/index.php/ikc/article/view/3241</resource>
               <collection property="crawler-based">
                  <item crawler="iParadigms">
                     <resource>https://ikcabstracts.com/index.php/ikc/article/download/3241/3241</resource>
                  </item>
               </collection>
               <collection property="text-mining">
                  <item>
                     <resource mime_type="application/pdf">https://ikcabstracts.com/index.php/ikc/article/download/3241/3241</resource>
                  </item>
               </collection>
            </doi_data>
         </conference_paper>
      </conference>
      <conference>
         <event_metadata>
            <conference_name>International Kimberlite Conference</conference_name>
         </event_metadata>
         <proceedings_metadata>
            <proceedings_title>International Kimberlite Conference Extended Abstracts: 2003</proceedings_title>
            <publisher>
               <publisher_name>University of Alberta</publisher_name>
            </publisher>
            <publication_date media_type="online">
               <month>06</month>
               <day>22</day>
               <year>2003</year>
            </publication_date>
            <isbn>978-1-55195-422-6</isbn>
         </proceedings_metadata>
         <conference_paper publication_type="full_text" metadata_distribution_opts="any">
            <titles>
               <title>Diamond evaluation of the Prairie Creek lamproite province, Arkansas, USA</title>
            </titles>
            <doi_data>
               <doi>10.29173/ikc3240</doi>
               <resource>https://ikcabstracts.com/index.php/ikc/article/view/3240</resource>
               <collection property="crawler-based">
                  <item crawler="iParadigms">
                     <resource>https://ikcabstracts.com/index.php/ikc/article/download/3240/3240</resource>
                  </item>
               </collection>
               <collection property="text-mining">
                  <item>
                     <resource mime_type="application/pdf">https://ikcabstracts.com/index.php/ikc/article/download/3240/3240</resource>
                  </item>
               </collection>
            </doi_data>
         </conference_paper>
      </conference>
      <conference>
         <event_metadata>
            <conference_name>International Kimberlite Conference</conference_name>
         </event_metadata>
         <proceedings_metadata>
            <proceedings_title>International Kimberlite Conference Extended Abstracts: 2003</proceedings_title>
            <publisher>
               <publisher_name>University of Alberta</publisher_name>
            </publisher>
            <publication_date media_type="online">
               <month>06</month>
               <day>22</day>
               <year>2003</year>
            </publication_date>
            <isbn>978-1-55195-422-6</isbn>
         </proceedings_metadata>
         <conference_paper publication_type="full_text" metadata_distribution_opts="any">
            <titles>
               <title>Generation and differentiation of group II kimberlites: constraints from high pressure experiments 10 GPa</title>
            </titles>
            <doi_data>
               <doi>10.29173/ikc3239</doi>
               <resource>https://ikcabstracts.com/index.php/ikc/article/view/3239</resource>
               <collection property="crawler-based">
                  <item crawler="iParadigms">
                     <resource>https://ikcabstracts.com/index.php/ikc/article/download/3239/3239</resource>
                  </item>
               </collection>
               <collection property="text-mining">
                  <item>
                     <resource mime_type="application/pdf">https://ikcabstracts.com/index.php/ikc/article/download/3239/3239</resource>
                  </item>
               </collection>
            </doi_data>
         </conference_paper>
      </conference>
      <conference>
         <event_metadata>
            <conference_name>International Kimberlite Conference</conference_name>
         </event_metadata>
         <proceedings_metadata>
            <proceedings_title>International Kimberlite Conference Extended Abstracts: 2003</proceedings_title>
            <publisher>
               <publisher_name>University of Alberta</publisher_name>
            </publisher>
            <publication_date media_type="online">
               <month>06</month>
               <day>22</day>
               <year>2003</year>
            </publication_date>
            <isbn>978-1-55195-422-6</isbn>
         </proceedings_metadata>
         <conference_paper publication_type="full_text" metadata_distribution_opts="any">
            <titles>
               <title>Evaluation of chromites derived from kimberlites and implications for diamond exploration programs</title>
            </titles>
            <doi_data>
               <doi>10.29173/ikc3238</doi>
               <resource>https://ikcabstracts.com/index.php/ikc/article/view/3238</resource>
               <collection property="crawler-based">
                  <item crawler="iParadigms">
                     <resource>https://ikcabstracts.com/index.php/ikc/article/download/3238/3238</resource>
                  </item>
               </collection>
               <collection property="text-mining">
                  <item>
                     <resource mime_type="application/pdf">https://ikcabstracts.com/index.php/ikc/article/download/3238/3238</resource>
                  </item>
               </collection>
            </doi_data>
         </conference_paper>
      </conference>
      <conference>
         <event_metadata>
            <conference_name>International Kimberlite Conference</conference_name>
         </event_metadata>
         <proceedings_metadata>
            <proceedings_title>International Kimberlite Conference Extended Abstracts: 2003</proceedings_title>
            <publisher>
               <publisher_name>University of Alberta</publisher_name>
            </publisher>
            <publication_date media_type="online">
               <month>06</month>
               <day>22</day>
               <year>2003</year>
            </publication_date>
            <isbn>978-1-55195-422-6</isbn>
         </proceedings_metadata>
         <conference_paper publication_type="full_text" metadata_distribution_opts="any">
            <titles>
               <title>Geology and diamond distribution of the 140/141 kimberlite, Fort à la Corne, central Saskatchewan, Canada</title>
            </titles>
            <doi_data>
               <doi>10.29173/ikc3237</doi>
               <resource>https://ikcabstracts.com/index.php/ikc/article/view/3237</resource>
               <collection property="crawler-based">
                  <item crawler="iParadigms">
                     <resource>https://ikcabstracts.com/index.php/ikc/article/download/3237/3237</resource>
                  </item>
               </collection>
               <collection property="text-mining">
                  <item>
                     <resource mime_type="application/pdf">https://ikcabstracts.com/index.php/ikc/article/download/3237/3237</resource>
                  </item>
               </collection>
            </doi_data>
         </conference_paper>
      </conference>
      <conference>
         <event_metadata>
            <conference_name>International Kimberlite Conference</conference_name>
         </event_metadata>
         <proceedings_metadata>
            <proceedings_title>International Kimberlite Conference Extended Abstracts: 2003</proceedings_title>
            <publisher>
               <publisher_name>University of Alberta</publisher_name>
            </publisher>
            <publication_date media_type="online">
               <month>06</month>
               <day>22</day>
               <year>2003</year>
            </publication_date>
            <isbn>978-1-55195-422-6</isbn>
         </proceedings_metadata>
         <conference_paper publication_type="full_text" metadata_distribution_opts="any">
            <titles>
               <title>The geology of the Misery kimberlite, Ekati diamond mine, Canada</title>
            </titles>
            <doi_data>
               <doi>10.29173/ikc3236</doi>
               <resource>https://ikcabstracts.com/index.php/ikc/article/view/3236</resource>
               <collection property="crawler-based">
                  <item crawler="iParadigms">
                     <resource>https://ikcabstracts.com/index.php/ikc/article/download/3236/3236</resource>
                  </item>
               </collection>
               <collection property="text-mining">
                  <item>
                     <resource mime_type="application/pdf">https://ikcabstracts.com/index.php/ikc/article/download/3236/3236</resource>
                  </item>
               </collection>
            </doi_data>
         </conference_paper>
      </conference>
      <conference>
         <event_metadata>
            <conference_name>International Kimberlite Conference</conference_name>
         </event_metadata>
         <proceedings_metadata>
            <proceedings_title>International Kimberlite Conference Extended Abstracts: 2003</proceedings_title>
            <publisher>
               <publisher_name>University of Alberta</publisher_name>
            </publisher>
            <publication_date media_type="online">
               <month>06</month>
               <day>22</day>
               <year>2003</year>
            </publication_date>
            <isbn>978-1-55195-422-6</isbn>
         </proceedings_metadata>
         <conference_paper publication_type="full_text" metadata_distribution_opts="any">
            <titles>
               <title>Garnet peridotite xenoliths from the Koffiefontein mine, South Africa</title>
            </titles>
            <doi_data>
               <doi>10.29173/ikc3235</doi>
               <resource>https://ikcabstracts.com/index.php/ikc/article/view/3235</resource>
               <collection property="crawler-based">
                  <item crawler="iParadigms">
                     <resource>https://ikcabstracts.com/index.php/ikc/article/download/3235/3235</resource>
                  </item>
               </collection>
               <collection property="text-mining">
                  <item>
                     <resource mime_type="application/pdf">https://ikcabstracts.com/index.php/ikc/article/download/3235/3235</resource>
                  </item>
               </collection>
            </doi_data>
         </conference_paper>
      </conference>
      <conference>
         <event_metadata>
            <conference_name>International Kimberlite Conference</conference_name>
         </event_metadata>
         <proceedings_metadata>
            <proceedings_title>International Kimberlite Conference Extended Abstracts: 2003</proceedings_title>
            <publisher>
               <publisher_name>University of Alberta</publisher_name>
            </publisher>
            <publication_date media_type="online">
               <month>06</month>
               <day>22</day>
               <year>2003</year>
            </publication_date>
            <isbn>978-1-55195-422-6</isbn>
         </proceedings_metadata>
         <conference_paper publication_type="full_text" metadata_distribution_opts="any">
            <titles>
               <title>Diamond potential in British Columbia, Canada?</title>
            </titles>
            <doi_data>
               <doi>10.29173/ikc3234</doi>
               <resource>https://ikcabstracts.com/index.php/ikc/article/view/3234</resource>
               <collection property="crawler-based">
                  <item crawler="iParadigms">
                     <resource>https://ikcabstracts.com/index.php/ikc/article/download/3234/3234</resource>
                  </item>
               </collection>
               <collection property="text-mining">
                  <item>
                     <resource mime_type="application/pdf">https://ikcabstracts.com/index.php/ikc/article/download/3234/3234</resource>
                  </item>
               </collection>
            </doi_data>
         </conference_paper>
      </conference>
      <conference>
         <event_metadata>
            <conference_name>International Kimberlite Conference</conference_name>
         </event_metadata>
         <proceedings_metadata>
            <proceedings_title>International Kimberlite Conference Extended Abstracts: 2003</proceedings_title>
            <publisher>
               <publisher_name>University of Alberta</publisher_name>
            </publisher>
            <publication_date media_type="online">
               <month>06</month>
               <day>22</day>
               <year>2003</year>
            </publication_date>
            <isbn>978-1-55195-422-6</isbn>
         </proceedings_metadata>
         <conference_paper publication_type="full_text" metadata_distribution_opts="any">
            <titles>
               <title>Quaternary geology of northern Alberta: implications for kimberlite exploration</title>
            </titles>
            <doi_data>
               <doi>10.29173/ikc3233</doi>
               <resource>https://ikcabstracts.com/index.php/ikc/article/view/3233</resource>
               <collection property="crawler-based">
                  <item crawler="iParadigms">
                     <resource>https://ikcabstracts.com/index.php/ikc/article/download/3233/3233</resource>
                  </item>
               </collection>
               <collection property="text-mining">
                  <item>
                     <resource mime_type="application/pdf">https://ikcabstracts.com/index.php/ikc/article/download/3233/3233</resource>
                  </item>
               </collection>
            </doi_data>
         </conference_paper>
      </conference>
      <conference>
         <event_metadata>
            <conference_name>International Kimberlite Conference</conference_name>
         </event_metadata>
         <proceedings_metadata>
            <proceedings_title>International Kimberlite Conference Extended Abstracts: 2003</proceedings_title>
            <publisher>
               <publisher_name>University of Alberta</publisher_name>
            </publisher>
            <publication_date media_type="online">
               <month>06</month>
               <day>22</day>
               <year>2003</year>
            </publication_date>
            <isbn>978-1-55195-422-6</isbn>
         </proceedings_metadata>
         <conference_paper publication_type="full_text" metadata_distribution_opts="any">
            <titles>
               <title>Underground geotechnical and geological investigation at the Ekati mine - Koala North case study</title>
            </titles>
            <doi_data>
               <doi>10.29173/ikc3232</doi>
               <resource>https://ikcabstracts.com/index.php/ikc/article/view/3232</resource>
               <collection property="crawler-based">
                  <item crawler="iParadigms">
                     <resource>https://ikcabstracts.com/index.php/ikc/article/download/3232/3232</resource>
                  </item>
               </collection>
               <collection property="text-mining">
                  <item>
                     <resource mime_type="application/pdf">https://ikcabstracts.com/index.php/ikc/article/download/3232/3232</resource>
                  </item>
               </collection>
            </doi_data>
         </conference_paper>
      </conference>
      <conference>
         <event_metadata>
            <conference_name>International Kimberlite Conference</conference_name>
         </event_metadata>
         <proceedings_metadata>
            <proceedings_title>International Kimberlite Conference Extended Abstracts: 2003</proceedings_title>
            <publisher>
               <publisher_name>University of Alberta</publisher_name>
            </publisher>
            <publication_date media_type="online">
               <month>06</month>
               <day>22</day>
               <year>2003</year>
            </publication_date>
            <isbn>978-1-55195-422-6</isbn>
         </proceedings_metadata>
         <conference_paper publication_type="full_text" metadata_distribution_opts="any">
            <titles>
               <title>Role of geology in project development</title>
            </titles>
            <doi_data>
               <doi>10.29173/ikc3231</doi>
               <resource>https://ikcabstracts.com/index.php/ikc/article/view/3231</resource>
               <collection property="crawler-based">
                  <item crawler="iParadigms">
                     <resource>https://ikcabstracts.com/index.php/ikc/article/download/3231/3231</resource>
                  </item>
               </collection>
               <collection property="text-mining">
                  <item>
                     <resource mime_type="application/pdf">https://ikcabstracts.com/index.php/ikc/article/download/3231/3231</resource>
                  </item>
               </collection>
            </doi_data>
         </conference_paper>
      </conference>
      <conference>
         <event_metadata>
            <conference_name>International Kimberlite Conference</conference_name>
         </event_metadata>
         <proceedings_metadata>
            <proceedings_title>International Kimberlite Conference Extended Abstracts: 2003</proceedings_title>
            <publisher>
               <publisher_name>University of Alberta</publisher_name>
            </publisher>
            <publication_date media_type="online">
               <month>06</month>
               <day>22</day>
               <year>2003</year>
            </publication_date>
            <isbn>978-1-55195-422-6</isbn>
         </proceedings_metadata>
         <conference_paper publication_type="full_text" metadata_distribution_opts="any">
            <titles>
               <title>Timing of kimberlite magmatism and different types of diamond-bearing complexes</title>
            </titles>
            <doi_data>
               <doi>10.29173/ikc3230</doi>
               <resource>https://ikcabstracts.com/index.php/ikc/article/view/3230</resource>
               <collection property="crawler-based">
                  <item crawler="iParadigms">
                     <resource>https://ikcabstracts.com/index.php/ikc/article/download/3230/3230</resource>
                  </item>
               </collection>
               <collection property="text-mining">
                  <item>
                     <resource mime_type="application/pdf">https://ikcabstracts.com/index.php/ikc/article/download/3230/3230</resource>
                  </item>
               </collection>
            </doi_data>
         </conference_paper>
      </conference>
      <conference>
         <event_metadata>
            <conference_name>International Kimberlite Conference</conference_name>
         </event_metadata>
         <proceedings_metadata>
            <proceedings_title>International Kimberlite Conference Extended Abstracts: 2003</proceedings_title>
            <publisher>
               <publisher_name>University of Alberta</publisher_name>
            </publisher>
            <publication_date media_type="online">
               <month>06</month>
               <day>22</day>
               <year>2003</year>
            </publication_date>
            <isbn>978-1-55195-422-6</isbn>
         </proceedings_metadata>
         <conference_paper publication_type="full_text" metadata_distribution_opts="any">
            <titles>
               <title>Overview of the geology and emplacement of the Jwaneng DK2 kimberlite, southern Botswana</title>
            </titles>
            <doi_data>
               <doi>10.29173/ikc3229</doi>
               <resource>https://ikcabstracts.com/index.php/ikc/article/view/3229</resource>
               <collection property="crawler-based">
                  <item crawler="iParadigms">
                     <resource>https://ikcabstracts.com/index.php/ikc/article/download/3229/3229</resource>
                  </item>
               </collection>
               <collection property="text-mining">
                  <item>
                     <resource mime_type="application/pdf">https://ikcabstracts.com/index.php/ikc/article/download/3229/3229</resource>
                  </item>
               </collection>
            </doi_data>
         </conference_paper>
      </conference>
      <conference>
         <event_metadata>
            <conference_name>International Kimberlite Conference</conference_name>
         </event_metadata>
         <proceedings_metadata>
            <proceedings_title>International Kimberlite Conference Extended Abstracts: 2003</proceedings_title>
            <publisher>
               <publisher_name>University of Alberta</publisher_name>
            </publisher>
            <publication_date media_type="online">
               <month>06</month>
               <day>22</day>
               <year>2003</year>
            </publication_date>
            <isbn>978-1-55195-422-6</isbn>
         </proceedings_metadata>
         <conference_paper publication_type="full_text" metadata_distribution_opts="any">
            <titles>
               <title>Diamond dissolution in kimberlite and lamproite melts at deep crustal conditions</title>
            </titles>
            <doi_data>
               <doi>10.29173/ikc3228</doi>
               <resource>https://ikcabstracts.com/index.php/ikc/article/view/3228</resource>
               <collection property="crawler-based">
                  <item crawler="iParadigms">
                     <resource>https://ikcabstracts.com/index.php/ikc/article/download/3228/3228</resource>
                  </item>
               </collection>
               <collection property="text-mining">
                  <item>
                     <resource mime_type="application/pdf">https://ikcabstracts.com/index.php/ikc/article/download/3228/3228</resource>
                  </item>
               </collection>
            </doi_data>
         </conference_paper>
      </conference>
      <conference>
         <event_metadata>
            <conference_name>International Kimberlite Conference</conference_name>
         </event_metadata>
         <proceedings_metadata>
            <proceedings_title>International Kimberlite Conference Extended Abstracts: 2003</proceedings_title>
            <publisher>
               <publisher_name>University of Alberta</publisher_name>
            </publisher>
            <publication_date media_type="online">
               <month>06</month>
               <day>22</day>
               <year>2003</year>
            </publication_date>
            <isbn>978-1-55195-422-6</isbn>
         </proceedings_metadata>
         <conference_paper publication_type="full_text" metadata_distribution_opts="any">
            <titles>
               <title>Petrology of kimberlite-lamproite-carbonatite rock association, east Prianabar'e (Russia)</title>
            </titles>
            <doi_data>
               <doi>10.29173/ikc3227</doi>
               <resource>https://ikcabstracts.com/index.php/ikc/article/view/3227</resource>
               <collection property="crawler-based">
                  <item crawler="iParadigms">
                     <resource>https://ikcabstracts.com/index.php/ikc/article/download/3227/3227</resource>
                  </item>
               </collection>
               <collection property="text-mining">
                  <item>
                     <resource mime_type="application/pdf">https://ikcabstracts.com/index.php/ikc/article/download/3227/3227</resource>
                  </item>
               </collection>
            </doi_data>
         </conference_paper>
      </conference>
      <conference>
         <event_metadata>
            <conference_name>International Kimberlite Conference</conference_name>
         </event_metadata>
         <proceedings_metadata>
            <proceedings_title>International Kimberlite Conference Extended Abstracts: 2003</proceedings_title>
            <publisher>
               <publisher_name>University of Alberta</publisher_name>
            </publisher>
            <publication_date media_type="online">
               <month>06</month>
               <day>22</day>
               <year>2003</year>
            </publication_date>
            <isbn>978-1-55195-422-6</isbn>
         </proceedings_metadata>
         <conference_paper publication_type="full_text" metadata_distribution_opts="any">
            <titles>
               <title>Clinopyroxene geotherms for the mantle columns beneath kimberlite pipes from Siberian craton</title>
            </titles>
            <doi_data>
               <doi>10.29173/ikc3226</doi>
               <resource>https://ikcabstracts.com/index.php/ikc/article/view/3226</resource>
               <collection property="crawler-based">
                  <item crawler="iParadigms">
                     <resource>https://ikcabstracts.com/index.php/ikc/article/download/3226/3226</resource>
                  </item>
               </collection>
               <collection property="text-mining">
                  <item>
                     <resource mime_type="application/pdf">https://ikcabstracts.com/index.php/ikc/article/download/3226/3226</resource>
                  </item>
               </collection>
            </doi_data>
         </conference_paper>
      </conference>
  </body>
</doi_batch>
