<?xml version="1.0" encoding="UTF-8"?><mods xmlns:xsi="http://www.w3.org/2001/XMLSchema-instance" xmlns="http://www.loc.gov/mods/v3" xsi:schemaLocation="http://www.loc.gov/mods/v3 http://www.loc.gov/standards/mods/v3/mods-3-4.xsd">
  <titleInfo usage="primary">
    <title>Programa Nosotros: febrero de 2010 Jasper Place High School Concert</title>
  </titleInfo>
  <name type="personal" usage="primary">
    <namePart>Bustos, Jimmy</namePart>
    <role>
      <roleTerm authority="marcrelator" type="code">cre</roleTerm>
      <roleTerm authority="marcrelator" type="text">Creator</roleTerm>
    </role>
  </name>
  <name type="personal">
    <namePart>Azocar, Medardo (Tio Lito)</namePart>
    <role>
      <roleTerm authority="marcrelator" type="code">ctb</roleTerm>
      <roleTerm authority="marcrelator" type="text">Contributor</roleTerm>
    </role>
  </name>
  <genre authority="pbcore" valueURI="http://pbcore.org/vocabularies/pbcoreGenre%23variety">Variety</genre>
  <genre authority="pbcore" valueURI="http://pbcore.org/vocabularies/pbcoreGenre%23community">Community</genre>
  <originInfo>
    <dateIssued encoding="edtf">2010-02-07</dateIssued>
    <dateCreated encoding="edtf">2010-02-07</dateCreated>
  </originInfo>
  <language>
    <languageTerm type="code">spa</languageTerm>
    <languageTerm type="text">Spanish</languageTerm>
  </language>
  
  
  <abstract>Tio Lito Azocar interviews Jorge Vargas, Spanish teacher at Jasper Place High School. Jorge talks about how he uses music to encourage his students to learn Spanish and discovering the musical talents of his students. Jorge Vargas and his Spanish students perform an eclectic collection Spanish-language folk and pop songs, including “Volare,” “Quien Sera (Sway),” “Vamos A La Playa,” “La Bamba,” “Cielito Lindo,” “Guantanamera,” “Besame Mucho,” and “Llego La Banda Trayendo Salsa.” One of the students, Connor McLean, performs an original song called "Someday." Jorge also performs an original song, "La Expresion La Palabra," which he wrote while living in Chile during the Pinochet dictatorship. The episode ends with a musical performance by Amaury.</abstract>
  <subject>
    <topic>Jasper Place High School students</topic>
  </subject>
  <subject>
    <topic>Spanish teachers</topic>
  </subject>
  <subject>
    <topic>Spanish students</topic>
  </subject>
  <subject>
    <topic>education</topic>
  </subject>
  <subject>
    <topic>latin music</topic>
  </subject>
  <subject>
    <topic>folksongs</topic>
  </subject>
  <subject>
    <topic>Amaury</topic>
  </subject>
  <subject>
    <topic>Vargas, Jorge</topic>
  </subject>
  <subject>
    <topic>Doell, Anne</topic>
  </subject>
  <subject>
    <topic>McLean, Connor</topic>
  </subject>
  <subject>
    <topic>Murray, Brennan</topic>
  </subject>
  <subject>
    <topic>Piercy, Addie</topic>
  </subject>
  <subject>
    <topic>Rhein, Sheldon</topic>
  </subject>
  <subject>
    <topic>Rubinov, Nelly</topic>
  </subject>
  <subject>
    <topic>Comunidad Salvadoreña en Edmonton</topic>
  </subject>
  <subject>
    <topic>Campos de refugiados--El Salvador--Fotografias</topic>
  </subject>
  <subject>
    <topic>Guerra civil salvadoreña</topic>
  </subject>
  <subject>
    <topic>Campo Monseñor Romero</topic>
  </subject>
  <subject>
    <topic>La Virtud, Honduras</topic>
  </subject>
  <subject>
    <topic>El Salvador, elecciones de 1982</topic>
  </subject>
  <subject>
    <topic>Xuc Salvadoreño, danza</topic>
  </subject>
  <subject>
    <topic>El carbonero, danza</topic>
  </subject>
  <subject>
    <topic>Frente Farabundo Martí para la Liberación Nacional, FMLN</topic>
  </subject>
  <subject>
    <topic>Frente Democrático Revolucionario, FDR</topic>
  </subject>
  <subject>
    <topic>Son Guanaco, danza</topic>
  </subject>
  <subject>
    <geographic>Edmonton</geographic>
  </subject>
  
  <accessCondition type="use and reproduction">http://creativecommons.org/licenses/by/4.0/</accessCondition>
  <recordInfo>
    <recordOrigin>Avalon Media System</recordOrigin>
    <recordContentSource>IEN</recordContentSource>
    <recordCreationDate>20180703</recordCreationDate>
    <recordChangeDate>2018-07-03T13:04:22-06:00</recordChangeDate>
    
    <languageOfCataloging>
      <languageTerm authority="iso639-2b" type="code">eng</languageTerm>
    </languageOfCataloging>
    <recordIdentifier source="Fedora">avalon:13848</recordIdentifier>
  </recordInfo>
<physicalDescription><internetMediaType>video/quicktime</internetMediaType></physicalDescription><location><url access="object in context"/></location></mods>