<?xml version="1.0" encoding="UTF-8"?><mods xmlns:xsi="http://www.w3.org/2001/XMLSchema-instance" xmlns="http://www.loc.gov/mods/v3" xsi:schemaLocation="http://www.loc.gov/mods/v3 http://www.loc.gov/standards/mods/v3/mods-3-4.xsd">
  <titleInfo usage="primary">
    <title>Programa Nosotros, 1982, El Salvador: campos de refugiados y danzas tradicionales</title>
  </titleInfo>
  <name type="personal" usage="primary">
    <namePart>Trautman, Dave</namePart>
    <role>
      <roleTerm authority="marcrelator" type="code">cre</roleTerm>
      <roleTerm authority="marcrelator" type="text">Creator</roleTerm>
    </role>
  </name>
  <name type="personal">
    <namePart>Star, Red</namePart>
    <role>
      <roleTerm authority="marcrelator" type="code">ctb</roleTerm>
      <roleTerm authority="marcrelator" type="text">Contributor</roleTerm>
    </role>
  </name>
  <name type="personal">
    <namePart>Maciel, Miguel</namePart>
    <role>
      <roleTerm authority="marcrelator" type="code">ctb</roleTerm>
      <roleTerm authority="marcrelator" type="text">Contributor</roleTerm>
    </role>
  </name>
  <genre authority="pbcore" valueURI="http://pbcore.org/vocabularies/pbcoreGenre%23variety">Variety</genre>
  <genre authority="pbcore" valueURI="http://pbcore.org/vocabularies/pbcoreGenre%23community">Community</genre>
  <originInfo>
    <dateIssued encoding="edtf">1982</dateIssued>
    <dateCreated encoding="edtf">1982</dateCreated>
  </originInfo>
  <language>
    <languageTerm type="code">spa</languageTerm>
    <languageTerm type="text">Spanish</languageTerm>
  </language>
  
  
  <abstract>Interview with Ana and Maribel who talk about the Salvadorean community in Edmonton and their activities in the city. Ana talks about the situation faced by refugees fleeing El Salvador, as well as the military government, supported by the USA, which controlled El Salvador at the time. Maribel introduces a group of dancers who perform the Guanaco Son, Salvadorean Xuc, and El Carbonero; all traditional Salvadorean dances. Interview with Roberto Aparicio, who discusses the political history of El Salvador and its people. Dancers: Ana Maria Rodriguez, Evelin Rodriguez, Marisel Hernandez, Guadalupe Hinares, Ana Alfaro</abstract>
  <subject>
    <topic>Refugeee camps--El Salvador--Photographs</topic>
  </subject>
  <subject>
    <topic>Salvadoran Civil War</topic>
  </subject>
  <subject>
    <topic>Monseñor Romero Camp</topic>
  </subject>
  <subject>
    <topic>El Salvador, 1982 elections</topic>
  </subject>
  <subject>
    <topic>dance--Son Guanaco</topic>
  </subject>
  <subject>
    <topic>dance--Salvadoran Xuc</topic>
  </subject>
  <subject>
    <topic>dance--El Carbonero</topic>
  </subject>
  <subject>
    <topic>Farabundo Martí National Liberation Front</topic>
  </subject>
  <subject>
    <topic>Revolutionary Democratic Front</topic>
  </subject>
  <subject>
    <topic>Alfaro, Ana</topic>
  </subject>
  <subject>
    <topic>Aparicio, Roberto</topic>
  </subject>
  <subject>
    <topic>Rodriguez, Maria Ana</topic>
  </subject>
  <subject>
    <topic>chilenos en Canadá</topic>
  </subject>
  <subject>
    <topic>cultura</topic>
  </subject>
  <subject>
    <topic>dictadura</topic>
  </subject>
  <subject>
    <topic>conmemoración</topic>
  </subject>
  <subject>
    <topic>Grupo de teatro Armando Discépolo</topic>
  </subject>
  <subject>
    <geographic>El Salvador</geographic>
  </subject>
  <relatedItem type="original">
    <identifier type="other">960474</identifier>
  </relatedItem>
  
  <accessCondition type="use and reproduction">http://creativecommons.org/licenses/by/4.0/</accessCondition>
  <recordInfo>
    <recordOrigin>Avalon Media System</recordOrigin>
    <recordContentSource>IEN</recordContentSource>
    <recordCreationDate>20180703</recordCreationDate>
    <recordChangeDate>2018-07-03T13:45:40-06:00</recordChangeDate>
    
    <languageOfCataloging>
      <languageTerm authority="iso639-2b" type="code">eng</languageTerm>
    </languageOfCataloging>
    <recordIdentifier source="Fedora">avalon:14022</recordIdentifier>
  </recordInfo>
<physicalDescription><internetMediaType>video/quicktime</internetMediaType></physicalDescription><location><url access="object in context"/></location></mods>