<?xml version="1.0" encoding="UTF-8"?><mods xmlns:xsi="http://www.w3.org/2001/XMLSchema-instance" xmlns="http://www.loc.gov/mods/v3" xsi:schemaLocation="http://www.loc.gov/mods/v3 http://www.loc.gov/standards/mods/v3/mods-3-4.xsd">
  <titleInfo usage="primary">
    <title>Programa Nosotros. Nosotros #1</title>
  </titleInfo>
  <name type="personal" usage="primary">
    <namePart>Contreras, Sergio</namePart>
    <role>
      <roleTerm authority="marcrelator" type="code">cre</roleTerm>
      <roleTerm authority="marcrelator" type="text">Creator</roleTerm>
    </role>
  </name>
  <name type="personal">
    <namePart>Azocar, Lito</namePart>
    <role>
      <roleTerm authority="marcrelator" type="code">ctb</roleTerm>
      <roleTerm authority="marcrelator" type="text">Contributor</roleTerm>
    </role>
  </name>
  <genre>Variety</genre>
  <genre>Community</genre>
  <genre>Interview</genre>
  <originInfo>
    <dateCreated encoding="edtf">1992-10-25</dateCreated>
    <dateIssued encoding="edtf">1992-10-25</dateIssued>
  </originInfo>
  <language>
    <languageTerm type="code">spa</languageTerm>
    <languageTerm type="text">Spanish</languageTerm>
  </language>
  
  
  <abstract>The show begins by talking about the 500th anniversary of Columbus discovering the New World and the reactions of the indigenous populations to this anniversary. This is done in a documentary called "500 anos despues." In July of 1990, more than 300 representatives from indigenous populations from all across the americas gathered in Quito, Peru for the Primer Encuentro Continental to protest the oppression that the indigenous populations face. The documentary features interviews with many different indigenous representatives which helps to paint a picture of the horrors that these populations have faced since the arrival of europeans. The program also features an interview with Dionicio Barrales and Carlos Pilquil of the Taller Indoamerica at Gabriela Mistral School - they talk about their programs aims to educate youth about the indigenous populations of latinamerica. As well, this episode lightly discusses the significance of and the circumstances surrounding Rigoberta Menchu's 1992 win of the Nobel Peace Prize. The episode ends with a sports segment with Jorge Rodriguez.</abstract>
  <subject>
    <topic>Cristobal Colon; Christopher Columbus; Rigoberta Menchu; Quinto centenario; 500th anniversary; luchas de los indigenas; indigenous struggles; premio Nobel de la paz; Nobel Peace Prize; Primer Encuentro Continental de los Pueblos Indios; First Continental Meeting of Indigenous Populations</topic>
  </subject>
  <subject>
    <geographic>Edmonton</geographic>
  </subject>
  <subject>
    <geographic>Alberta</geographic>
  </subject>
  <relatedItem type="original">
    <identifier type="local">programa-nosotros-57</identifier>
  </relatedItem>
  
  <accessCondition type="use and reproduction">http://creativecommons.org/licenses/by/4.0/</accessCondition>
  <recordInfo>
    <recordOrigin>Avalon Media System</recordOrigin>
    <recordContentSource>IEN</recordContentSource>
    <recordCreationDate>20160816</recordCreationDate>
    <recordChangeDate>2016-08-18T09:52:21-06:00</recordChangeDate>
    
    <languageOfCataloging>
      <languageTerm authority="iso639-2b" type="code">eng</languageTerm>
    </languageOfCataloging>
    <recordIdentifier source="Fedora">avalon:374</recordIdentifier>
  </recordInfo>
<physicalDescription><internetMediaType>video/quicktime</internetMediaType></physicalDescription><location><url access="object in context"/></location></mods>