<?xml version="1.0" encoding="UTF-8"?><mods xmlns:xsi="http://www.w3.org/2001/XMLSchema-instance" xmlns="http://www.loc.gov/mods/v3" xsi:schemaLocation="http://www.loc.gov/mods/v3 http://www.loc.gov/standards/mods/v3/mods-3-4.xsd">
  <titleInfo usage="primary">
    <title>Ernest C. Manning Oral History Collection: Interview 16</title>
  </titleInfo>
  <name type="personal" usage="primary">
    <namePart>Manning, Ernest C.</namePart>
    <role>
      <roleTerm authority="marcrelator" type="code">cre</roleTerm>
      <roleTerm authority="marcrelator" type="text">Creator</roleTerm>
    </role>
  </name>
  <name type="personal">
    <namePart>Semotuk, Lydia</namePart>
    <role>
      <roleTerm authority="marcrelator" type="code">ctb</roleTerm>
      <roleTerm authority="marcrelator" type="text">Contributor</roleTerm>
    </role>
  </name>
  <genre>Interview</genre>
  <genre>History</genre>
  <originInfo>
    <dateIssued encoding="edtf">1980-07-18</dateIssued>
  </originInfo>
  <language>
    <languageTerm type="code">eng</languageTerm>
    <languageTerm type="text">English</languageTerm>
  </language>
  
  
  <abstract>Interview of Ernest C. Manning by Lydia Semotuk</abstract>
  <subject>
    <topic>Politics and government</topic>
  </subject>
  <subject>
    <topic>Ernest Manning</topic>
  </subject>
  <subject>
    <topic>Social Credit Party</topic>
  </subject>
  <subject>
    <topic>Provincial legislation</topic>
  </subject>
  <subject>
    <geographic>Canada</geographic>
  </subject>
  <subject>
    <geographic>Alberta</geographic>
  </subject>
  <relatedItem type="original">
    <identifier type="local">1981-32-17</identifier>
    <identifier type="local">1981-32-18</identifier>
  </relatedItem>
  <relatedItem displayLabel="Transcript: Interview 16">
    <location>
      <url>https://discoverarchives.library.ualberta.ca/index.php/ernest-c-manning-oral-history-collection-transcript-of-interview-16</url>
    </location>
  </relatedItem>
  <relatedItem displayLabel="Archival Finding Aid: Interview 16 Tape 1">
    <location>
      <url>https://discoverarchives.library.ualberta.ca/index.php/ernest-c-manning-oral-history-collection-audio-recording-of-interview-16-tape-1</url>
    </location>
  </relatedItem>
  <relatedItem displayLabel="Archival Finding Aid: Interview 16 Tape 2">
    <location>
      <url>https://discoverarchives.library.ualberta.ca/index.php/ernest-c-manning-oral-history-collection-audio-recording-of-interview-16-tape-2</url>
    </location>
  </relatedItem>
  
  <accessCondition type="use and reproduction">http://creativecommons.org/licenses/by/4.0/</accessCondition>
  <recordInfo>
    <recordOrigin>Avalon Media System</recordOrigin>
    <recordContentSource>IEN</recordContentSource>
    <recordCreationDate>20161212</recordCreationDate>
    <recordChangeDate>2016-12-16T09:54:59-07:00</recordChangeDate>
    
    <languageOfCataloging>
      <languageTerm authority="iso639-2b" type="code">eng</languageTerm>
    </languageOfCataloging>
    <recordIdentifier source="Fedora">avalon:827</recordIdentifier>
  </recordInfo>
<physicalDescription><internetMediaType>audio/x-wav</internetMediaType></physicalDescription><location><url access="object in context"/></location></mods>