<?xml version="1.0" encoding="UTF-8"?><mods xmlns:xsi="http://www.w3.org/2001/XMLSchema-instance" xmlns="http://www.loc.gov/mods/v3" xsi:schemaLocation="http://www.loc.gov/mods/v3 http://www.loc.gov/standards/mods/v3/mods-3-4.xsd">
  <titleInfo usage="primary">
    <title>Programa Nosotros [raw footage], 5 de octubre de 2003, Salvador Allende Cup 2003 Extras</title>
  </titleInfo>
  <name type="personal">
    <namePart>Azocar, Medardo (Tio Lito)</namePart>
    <role>
      <roleTerm authority="marcrelator" type="code">ctb</roleTerm>
      <roleTerm authority="marcrelator" type="text">Contributor</roleTerm>
    </role>
  </name>
  <genre authority="pbcore" valueURI="http://pbcore.org/vocabularies/pbcoreGenre%23variety">Variety</genre>
  <genre authority="pbcore" valueURI="http://pbcore.org/vocabularies/pbcoreGenre%23community">Community</genre>
  <originInfo>
    <dateIssued encoding="edtf">2003-09-03</dateIssued>
    <dateCreated encoding="edtf">2003-10-05/2003-10-12</dateCreated>
  </originInfo>
  <language>
    <languageTerm type="code">spa</languageTerm>
    <languageTerm type="text">Spanish</languageTerm>
  </language>
  <language>
    <languageTerm type="code">eng</languageTerm>
    <languageTerm type="text">English</languageTerm>
  </language>
  
  
  <abstract>Footage from the soccer tournament to honour Salvador Allende with teams from Edmonton and Calgary, including the awards ceremony. Tio Lito Azocar speaks with attendees and some of the players in the tournament. // Related episode: Raw footage used in episode "Programa Nosotros, 5 de octubre de 2003, Salvador Allende Cup 2003." </abstract>
  <note type="local">No credits. Unedited footage. </note>
  <subject>
    <topic>Sol Latino</topic>
  </subject>
  <subject>
    <topic>Salvador Allende Cup</topic>
  </subject>
  <subject>
    <topic>sports</topic>
  </subject>
  <subject>
    <topic>Chilean Canadians</topic>
  </subject>
  <subject>
    <topic>deportes</topic>
  </subject>
  <subject>
    <topic>chilenos en Canadá</topic>
  </subject>
  <subject>
    <topic>Club Chile</topic>
  </subject>
  <subject>
    <topic>concierto musical</topic>
  </subject>
  <subject>
    <topic>Marito Rivera y su Grupo Bravo</topic>
  </subject>
  <subject>
    <geographic>Chile</geographic>
  </subject>
  <relatedItem type="original">
    <identifier type="other">960141</identifier>
  </relatedItem>
  
  <accessCondition type="use and reproduction">http://creativecommons.org/licenses/by/4.0/</accessCondition>
  <recordInfo>
    <recordOrigin>Avalon Media System</recordOrigin>
    <recordContentSource>IEN</recordContentSource>
    <recordCreationDate>20180703</recordCreationDate>
    <recordChangeDate>2018-07-03T13:28:07-06:00</recordChangeDate>
    
    <languageOfCataloging>
      <languageTerm authority="iso639-2b" type="code">eng</languageTerm>
    </languageOfCataloging>
    <recordIdentifier source="Fedora">avalon:13964</recordIdentifier>
  </recordInfo>
<physicalDescription><internetMediaType>video/quicktime</internetMediaType></physicalDescription><location><url access="object in context"/></location></mods>