<?xml version="1.0" encoding="UTF-8"?><mods xmlns:xsi="http://www.w3.org/2001/XMLSchema-instance" xmlns="http://www.loc.gov/mods/v3" xsi:schemaLocation="http://www.loc.gov/mods/v3 http://www.loc.gov/standards/mods/v3/mods-3-4.xsd">
  <titleInfo usage="primary">
    <title>Programa Nosotros, 25 de enero de 2004, Comité de Ayuda Latinoamericana\</title>
  </titleInfo>
  <name type="personal" usage="primary">
    <namePart>Azocar, Medardo (Tio Lito)</namePart>
    <role>
      <roleTerm authority="marcrelator" type="code">cre</roleTerm>
      <roleTerm authority="marcrelator" type="text">Creator</roleTerm>
    </role>
  </name>
  <genre authority="pbcore" valueURI="http://pbcore.org/vocabularies/pbcoreGenre%23variety">Variety</genre>
  <genre authority="pbcore" valueURI="http://pbcore.org/vocabularies/pbcoreGenre%23community">Community</genre>
  <originInfo>
    <dateIssued encoding="edtf">2004-01-25</dateIssued>
  </originInfo>
  <language>
    <languageTerm type="code">spa</languageTerm>
    <languageTerm type="text">Spanish</languageTerm>
  </language>
  
  
  <abstract>Tio Lito Azucar interviews members of the Comite de Ayuda Latinoamericana, Ana Farol and Miriam Belado, about their efforts to bring awareness of El Salvador’s upcoming election and inviting Los Guaraguao, a famous Venezuelan band, to play a concert in Edmonton because of the critical socio-economic messages in their music. The music of Los Guaraguao is featured as is a series of dance performances from an unknown concert.</abstract>
  <subject>
    <topic>Latinamerican folk dance</topic>
  </subject>
  <subject>
    <topic>Alfaro, Ana</topic>
  </subject>
  <subject>
    <topic>Belado, Miriam</topic>
  </subject>
  <subject>
    <topic>Chileno-Canadienses, segunda generación</topic>
  </subject>
  <subject>
    <topic>Trío musical, concierto</topic>
  </subject>
  <subject>
    <geographic>El Salvador</geographic>
  </subject>
  
  <accessCondition type="use and reproduction">http://creativecommons.org/licenses/by/4.0/</accessCondition>
  <recordInfo>
    <recordOrigin>Avalon Media System</recordOrigin>
    <recordContentSource>IEN</recordContentSource>
    <recordCreationDate>20180703</recordCreationDate>
    <recordChangeDate>2018-07-03T13:15:08-06:00</recordChangeDate>
    
    <languageOfCataloging>
      <languageTerm authority="iso639-2b" type="code">eng</languageTerm>
    </languageOfCataloging>
    <recordIdentifier source="Fedora">avalon:13890</recordIdentifier>
  </recordInfo>
<physicalDescription><internetMediaType>video/quicktime</internetMediaType></physicalDescription><location><url access="object in context"/></location></mods>