<?xml version="1.0" encoding="UTF-8"?><mods xmlns:xsi="http://www.w3.org/2001/XMLSchema-instance" xmlns="http://www.loc.gov/mods/v3" xsi:schemaLocation="http://www.loc.gov/mods/v3 http://www.loc.gov/standards/mods/v3/mods-3-4.xsd">
  <titleInfo usage="primary">
    <title>Programa Nosotros, Danzarte</title>
  </titleInfo>
  <name type="personal" usage="primary">
    <namePart>Azocar, Medardo (Tio Lito)</namePart>
    <role>
      <roleTerm authority="marcrelator" type="code">cre</roleTerm>
      <roleTerm authority="marcrelator" type="text">Creator</roleTerm>
    </role>
  </name>
  <name type="personal">
    <namePart>Azocar, Medardo (Tio Lito)</namePart>
    <role>
      <roleTerm authority="marcrelator" type="code">ctb</roleTerm>
      <roleTerm authority="marcrelator" type="text">Contributor</roleTerm>
    </role>
  </name>
  <genre authority="pbcore" valueURI="http://pbcore.org/vocabularies/pbcoreGenre%23variety">Variety</genre>
  <genre authority="pbcore" valueURI="http://pbcore.org/vocabularies/pbcoreGenre%23community">Community</genre>
  <originInfo>
    <dateIssued encoding="edtf">200u</dateIssued>
    <dateCreated encoding="edtf">200u</dateCreated>
  </originInfo>
  <language>
    <languageTerm type="code">spa</languageTerm>
    <languageTerm type="text">Spanish</languageTerm>
  </language>
  
  
  <abstract>Tio Lito Azocar speaks with Ariel Calderon, the director of the Chilean Cultural Society in Edmonton about the artists they have lined up for the Heritage Festival. Two performances by Danzarte are also shown: “Huesos, "Pascua" y "Mapuche” and a tribute to Violeta Parra and Patricia Verdugo. // Related episode: "Programa Nosotros, 23 de marzo de 2008, Día Internacional de la Mujer.</abstract>
  <note type="general">No end credits.</note>
  <subject>
    <topic>Chilean-Canadians</topic>
  </subject>
  <subject>
    <topic>International Women’s Day</topic>
  </subject>
  <subject>
    <topic>culture</topic>
  </subject>
  <subject>
    <topic>dance</topic>
  </subject>
  <subject>
    <topic>Calderon, Ariel</topic>
  </subject>
  <subject>
    <topic>politica</topic>
  </subject>
  <subject>
    <topic>concierto musical</topic>
  </subject>
  <subject>
    <topic>bailes</topic>
  </subject>
  <subject>
    <topic>cultura</topic>
  </subject>
  <subject>
    <geographic>Chile</geographic>
  </subject>
  <subject>
    <geographic>Edmonton</geographic>
  </subject>
  
  <accessCondition type="use and reproduction">http://creativecommons.org/licenses/by/4.0/</accessCondition>
  <recordInfo>
    <recordOrigin>Avalon Media System</recordOrigin>
    <recordContentSource>IEN</recordContentSource>
    <recordCreationDate>20180703</recordCreationDate>
    <recordChangeDate>2018-07-03T13:38:49-06:00</recordChangeDate>
    
    <languageOfCataloging>
      <languageTerm authority="iso639-2b" type="code">eng</languageTerm>
    </languageOfCataloging>
    <recordIdentifier source="Fedora">avalon:14004</recordIdentifier>
  </recordInfo>
<physicalDescription><internetMediaType>video/quicktime</internetMediaType></physicalDescription><location><url access="object in context"/></location></mods>