<?xml version="1.0" encoding="UTF-8"?><mods xmlns:xsi="http://www.w3.org/2001/XMLSchema-instance" xmlns="http://www.loc.gov/mods/v3" xsi:schemaLocation="http://www.loc.gov/mods/v3 http://www.loc.gov/standards/mods/v3/mods-3-4.xsd">
  <titleInfo usage="primary">
    <title>Programa Nosotros, 8 de abril de 2007, Los Iracundos</title>
  </titleInfo>
  <name type="personal" usage="primary">
    <namePart>Azocar, Medardo (Tio Lito)</namePart>
    <role>
      <roleTerm authority="marcrelator" type="code">cre</roleTerm>
      <roleTerm authority="marcrelator" type="text">Creator</roleTerm>
    </role>
  </name>
  <genre authority="pbcore" valueURI="http://pbcore.org/vocabularies/pbcoreGenre%23variety">Variety</genre>
  <genre authority="pbcore" valueURI="http://pbcore.org/vocabularies/pbcoreGenre%23community">Community</genre>
  <originInfo>
    <dateIssued encoding="edtf">2007-04-15</dateIssued>
  </originInfo>
  <language>
    <languageTerm type="code">spa</languageTerm>
    <languageTerm type="text">Spanish</languageTerm>
  </language>
  
  
  <abstract>Members of Los Iracundos, a popular Latin American band from the 1980s, are interviewed: Leonardo Franco (guitarist); Jorge Gatto (lead singer); Juan Carlos Velásquez (drummer). A series of music videos by Los Iracundos are shown for the following songs: “Pasión y vida,” “Y te has quedado sola,” “Cierra los ojos,” “Fábula,” “Y me quedé en el bar,” “Puerto Montt,” “El desengaño,” “Va cayendo una lágrima,” “Chiquillina,” “Marioneta de cartón,” “El triunfador,” “Con la misma moneda,” “La lluvia terminó,” “Soy un mamarracho,” and “Es la lluvia que cae.”</abstract>
  <subject>
    <topic>music concert</topic>
  </subject>
  <subject>
    <topic>musicians</topic>
  </subject>
  <subject>
    <topic>Franco, Leonardo</topic>
  </subject>
  <subject>
    <topic>Gatto, Jorge</topic>
  </subject>
  <subject>
    <topic>Velásquez, Juan Carlos</topic>
  </subject>
  <subject>
    <topic>Venezuela</topic>
  </subject>
  <subject>
    <topic>Colombia</topic>
  </subject>
  <subject>
    <topic>festival</topic>
  </subject>
  <subject>
    <topic>escuela de español</topic>
  </subject>
  <subject>
    <topic>bailes</topic>
  </subject>
  <subject>
    <topic>educación</topic>
  </subject>
  <subject>
    <topic>Rojo Fama Contrafama</topic>
  </subject>
  <subject>
    <topic>Latin Beats</topic>
  </subject>
  <subject>
    <topic>Cuban Beats</topic>
  </subject>
  <subject>
    <geographic>Uruguay</geographic>
  </subject>
  
  <accessCondition type="use and reproduction">http://creativecommons.org/licenses/by/4.0/</accessCondition>
  <recordInfo>
    <recordOrigin>Avalon Media System</recordOrigin>
    <recordContentSource>IEN</recordContentSource>
    <recordCreationDate>20180703</recordCreationDate>
    <recordChangeDate>2018-07-03T13:21:19-06:00</recordChangeDate>
    
    <languageOfCataloging>
      <languageTerm authority="iso639-2b" type="code">eng</languageTerm>
    </languageOfCataloging>
    <recordIdentifier source="Fedora">avalon:13926</recordIdentifier>
  </recordInfo>
<physicalDescription><internetMediaType>video/quicktime</internetMediaType></physicalDescription><location><url access="object in context"/></location></mods>