<?xml version="1.0" encoding="UTF-8"?><mods xmlns:xsi="http://www.w3.org/2001/XMLSchema-instance" xmlns="http://www.loc.gov/mods/v3" xsi:schemaLocation="http://www.loc.gov/mods/v3 http://www.loc.gov/standards/mods/v3/mods-3-4.xsd">
  <titleInfo usage="primary">
    <title>Programa Nosotros, 1995, Sociedad Azteca Mexico</title>
  </titleInfo>
  <name type="personal" usage="primary">
    <namePart>Olivares, Sergio</namePart>
    <role>
      <roleTerm authority="marcrelator" type="code">cre</roleTerm>
      <roleTerm authority="marcrelator" type="text">Creator</roleTerm>
    </role>
  </name>
  <name type="personal">
    <namePart>Azocar, Medardo (Tio Lito)</namePart>
    <role>
      <roleTerm authority="marcrelator" type="code">ctb</roleTerm>
      <roleTerm authority="marcrelator" type="text">Contributor</roleTerm>
    </role>
  </name>
  <name type="personal">
    <namePart>Paiz, Rosina</namePart>
    <role>
      <roleTerm authority="marcrelator" type="code">ctb</roleTerm>
      <roleTerm authority="marcrelator" type="text">Contributor</roleTerm>
    </role>
  </name>
  <name type="personal">
    <namePart>Chirino, Carol</namePart>
    <role>
      <roleTerm authority="marcrelator" type="code">ctb</roleTerm>
      <roleTerm authority="marcrelator" type="text">Contributor</roleTerm>
    </role>
  </name>
  <genre authority="pbcore" valueURI="http://pbcore.org/vocabularies/pbcoreGenre%23variety">Variety</genre>
  <genre authority="pbcore" valueURI="http://pbcore.org/vocabularies/pbcoreGenre%23community">Community</genre>
  <originInfo>
    <dateIssued encoding="edtf">1995</dateIssued>
  </originInfo>
  <language>
    <languageTerm type="code">spa</languageTerm>
    <languageTerm type="text">Spanish</languageTerm>
  </language>
  
  
  <abstract>This show features interview with members of Azteca Mexico International Cultural Association: Maria Dolores Lopez and Minerva Curoe, who talk about spreading awareness of Mexico’s unique cultural traditions. The members of Azteca Mexico share two video clips: “Noche de gala de los decanos adultos de la universidad de Guadalajara,” which showcases students of classical dance at the University of Guadalajara, and “Tenamaztli,” a dance performance done by children.</abstract>
  <subject>
    <topic>Azteca Mexico International Cultural Association</topic>
  </subject>
  <subject>
    <topic>folk dance</topic>
  </subject>
  <subject>
    <topic>Curoe, Minerva</topic>
  </subject>
  <subject>
    <topic>López, María Dolorez</topic>
  </subject>
  <subject>
    <topic>música tradicional, Chile</topic>
  </subject>
  <subject>
    <topic>cultura</topic>
  </subject>
  <subject>
    <topic>cueca, Chile</topic>
  </subject>
  <subject>
    <geographic>Mexico</geographic>
  </subject>
  
  <accessCondition type="use and reproduction">http://creativecommons.org/licenses/by/4.0/</accessCondition>
  <recordInfo>
    <recordOrigin>Avalon Media System</recordOrigin>
    <recordContentSource>IEN</recordContentSource>
    <recordCreationDate>20180703</recordCreationDate>
    <recordChangeDate>2018-07-03T13:20:36-06:00</recordChangeDate>
    
    <languageOfCataloging>
      <languageTerm authority="iso639-2b" type="code">eng</languageTerm>
    </languageOfCataloging>
    <recordIdentifier source="Fedora">avalon:13922</recordIdentifier>
  </recordInfo>
<physicalDescription><internetMediaType>video/quicktime</internetMediaType></physicalDescription><location><url access="object in context"/></location></mods>