<?xml version="1.0" encoding="UTF-8"?><mods xmlns:xsi="http://www.w3.org/2001/XMLSchema-instance" xmlns="http://www.loc.gov/mods/v3" xsi:schemaLocation="http://www.loc.gov/mods/v3 http://www.loc.gov/standards/mods/v3/mods-3-4.xsd">
  <titleInfo usage="primary">
    <title>Decade 2</title>
  </titleInfo>
  <name type="personal" usage="primary">
    <namePart>University of Alberta String Quartet</namePart>
    <role>
      <roleTerm authority="marcrelator" type="code">cre</roleTerm>
      <roleTerm authority="marcrelator" type="text">Creator</roleTerm>
    </role>
  </name>
  <name type="personal">
    <namePart>Nelson, Norman</namePart>
    <role>
      <roleTerm authority="marcrelator" type="code">ctb</roleTerm>
      <roleTerm authority="marcrelator" type="text">Contributor</roleTerm>
    </role>
  </name>
  <name type="personal">
    <namePart>Fisher, Lawrence</namePart>
    <role>
      <roleTerm authority="marcrelator" type="code">ctb</roleTerm>
      <roleTerm authority="marcrelator" type="text">Contributor</roleTerm>
    </role>
  </name>
  <name type="personal">
    <namePart>Bowie, Michael</namePart>
    <role>
      <roleTerm authority="marcrelator" type="code">ctb</roleTerm>
      <roleTerm authority="marcrelator" type="text">Contributor</roleTerm>
    </role>
  </name>
  <name type="personal">
    <namePart>Kenneson, Claude</namePart>
    <role>
      <roleTerm authority="marcrelator" type="code">ctb</roleTerm>
      <roleTerm authority="marcrelator" type="text">Contributor</roleTerm>
    </role>
  </name>
  <genre authority="pbcore" valueURI="http://pbcore.org/vocabularies/pbcoreGenre%23music">Music</genre>
  <originInfo>
    
  <dateIssued encoding="edtf">1980-01-21</dateIssued></originInfo>
  <language>
    <languageTerm type="code">zxx</languageTerm>
    <languageTerm type="text">No linguistic content</languageTerm>
  </language>
  
  
  <note type="general">This audiovisual content is being provided solely for educational use and research, pursuant to exceptions in the Canadian Copyright Act.  Further reproduction or distribution or other use may require additional permissions</note>
  <note type="venue">Performance location: Convocation Hall, University of Alberta</note>
  <note type="performers">Nelson, Norman, violin ; Fisher, Lawrence, violin ; Bowie, Michael, viola ; Kenneson, Claude, cello</note>
  <subject>
    <topic>Instrumental music</topic>
  </subject>
  <subject>
    <topic>String quartets</topic>
  </subject>
  
  
  <recordInfo>
    <recordOrigin>Avalon Media System</recordOrigin>
    <recordContentSource>IEN</recordContentSource>
    <recordCreationDate>20180530</recordCreationDate>
    <recordChangeDate>2018-06-22T09:24:26-06:00</recordChangeDate>
    
    <languageOfCataloging>
      <languageTerm authority="iso639-2b" type="code">eng</languageTerm>
    </languageOfCataloging>
    <recordIdentifier source="Fedora">avalon:4499</recordIdentifier>
  </recordInfo>
  <tableOfContents>Quartet in D major, K. 575 / Wolfgang Amadeus Mozart -- Quartet no. 3 / Barbara Pentland -- Quartet in F major / Maurice Ravel</tableOfContents>
<physicalDescription><internetMediaType>audio/x-wav</internetMediaType></physicalDescription></mods>