<?xml version="1.0" encoding="UTF-8"?><mods xmlns:xsi="http://www.w3.org/2001/XMLSchema-instance" xmlns="http://www.loc.gov/mods/v3" xsi:schemaLocation="http://www.loc.gov/mods/v3 http://www.loc.gov/standards/mods/v3/mods-3-4.xsd">
  <titleInfo usage="primary">
    <title>Programa Nosotros. Salud</title>
  </titleInfo>
  <name type="personal" usage="primary">
    <namePart>Contreras, Sergio</namePart>
    <role>
      <roleTerm authority="marcrelator" type="code">cre</roleTerm>
      <roleTerm authority="marcrelator" type="text">Creator</roleTerm>
    </role>
  </name>
  <name type="personal">
    <namePart>Calderon, Ariel</namePart>
    <role>
      <roleTerm authority="marcrelator" type="code">ctb</roleTerm>
      <roleTerm authority="marcrelator" type="text">Contributor</roleTerm>
    </role>
  </name>
  <genre authority="pbcore" valueURI="http://pbcore.org/vocabularies/pbcoreGenre%23variety">Variety</genre>
  <genre authority="pbcore" valueURI="http://pbcore.org/vocabularies/pbcoreGenre%23community">Community</genre>
  <originInfo>
    
    
  <dateIssued encoding="edtf">1990-04-29</dateIssued><dateCreated encoding="edtf">1990-03-10</dateCreated></originInfo>
  <language>
    <languageTerm type="code">spa</languageTerm>
    <languageTerm type="text">Spanish</languageTerm>
  </language>
  
  
  <abstract>Manuel Rozental, an exiled Colombian doctor, discusses the problems with the Colombian education system: specifically the faculty of medicine. He criticizes the achievements of professional success as distracting professionals from focusing on issues of social health; and discusses the problems of unequal access to healthcare. This segment also addresses the democratization of Latin America and the need to confront foreign debt through Latin American integration. The episode ends with the second part of the Festival of Victor Jara with dances from Rapa Nui.</abstract>
  <subject>
    <topic>medicina social; university; medicine; facultad de medicina; salud; culture; integración latinoamericana; Brazil; Chile; economy; folk dances; bailes Isla de Pascua; Manuel Rozental; Festival of Victor Jara; Rapa Nui</topic>
  </subject>
  <subject>
    <geographic>Edmonton</geographic>
  </subject>
  <subject>
    <geographic>Alberta</geographic>
  </subject>
  <relatedItem type="original">
    
  <identifier type="local">programa-nosotros-28</identifier></relatedItem>
  <relatedItem displayLabel="Transcription (PDF)">
    <location>
      <url>https://doi.org/10.7939/R34M91P03</url>
    </location>
  </relatedItem>
  
  <accessCondition type="use and reproduction">http://creativecommons.org/licenses/by/4.0/</accessCondition>
  <recordInfo>
    <recordOrigin>Avalon Media System</recordOrigin>
    <recordContentSource>IEN</recordContentSource>
    <recordCreationDate>20160816</recordCreationDate>
    <recordChangeDate>2017-05-04T14:51:36-06:00</recordChangeDate>
    
    <languageOfCataloging>
      <languageTerm authority="iso639-2b" type="code">eng</languageTerm>
    </languageOfCataloging>
    <recordIdentifier source="Fedora">avalon:316</recordIdentifier>
  </recordInfo>
<physicalDescription><internetMediaType>video/quicktime</internetMediaType></physicalDescription><location><url access="object in context"/></location></mods>