<?xml version="1.0" encoding="UTF-8"?><mods xmlns:xsi="http://www.w3.org/2001/XMLSchema-instance" xmlns="http://www.loc.gov/mods/v3" xsi:schemaLocation="http://www.loc.gov/mods/v3 http://www.loc.gov/standards/mods/v3/mods-3-4.xsd">
  <titleInfo usage="primary">
    <title>Programa Nosotros, 21 de diciembre de 2008, Excerpts from The Sweetest Embrace: Return to Afghanistan</title>
  </titleInfo>
  <name type="personal" usage="primary">
    <namePart>Azocar, Medardo (Tio Lito)</namePart>
    <role>
      <roleTerm authority="marcrelator" type="code">cre</roleTerm>
      <roleTerm authority="marcrelator" type="text">Creator</roleTerm>
    </role>
  </name>
  <name type="personal">
    <namePart>Azocar, Medardo (Tio Lito)</namePart>
    <role>
      <roleTerm authority="marcrelator" type="code">ctb</roleTerm>
      <roleTerm authority="marcrelator" type="text">Contributor</roleTerm>
    </role>
  </name>
  <genre authority="pbcore" valueURI="http://pbcore.org/vocabularies/pbcoreGenre%23variety">Variety</genre>
  <genre authority="pbcore" valueURI="http://pbcore.org/vocabularies/pbcoreGenre%23community">Community</genre>
  <originInfo>
    <dateIssued encoding="edtf">2008-12-28</dateIssued>
  </originInfo>
  <language>
    <languageTerm type="code">spa</languageTerm>
    <languageTerm type="text">Spanish</languageTerm>
  </language>
  
  
  <abstract>A showing of excerpts from the film “The Sweetest Embrace: Return to Afghanistan,” a documentary that one of the editors of Programa Nosotros, Jimmy Bustos, worked on as a cinematographer. Tio Lito Azocar interviews Jimmy Bustos at the Citadel theatre, before the showing of the film, about what it was like to work on his first project outside of Canada. Tio Lito then speaks with Soorgul Roy Sakai, one of the subjects of the documentary who returned to Afghanistan to search for his family after 16 years of exile, and with Najeeb Mirza, the director of the film. Bonnie Thompson, one of the producers from the National Film Board of Canada, also comments on the making of the documentary. In the second part, Tio Lito talks to owners of a local family-owned bakery. The couple shows viewers around their kitchen and demonstrate how they make their dough. Excerpts from the music concert at Nosotros' 27-year celebration play in between segments.</abstract>
  <subject>
    <topic>The Sweetest Embrace</topic>
  </subject>
  <subject>
    <topic>Afghanistan</topic>
  </subject>
  <subject>
    <topic>documentary</topic>
  </subject>
  <subject>
    <topic>National Film Board</topic>
  </subject>
  <subject>
    <topic>local business</topic>
  </subject>
  <subject>
    <topic>culture</topic>
  </subject>
  <subject>
    <topic>Christmas</topic>
  </subject>
  <subject>
    <topic>Chilean-Canadians</topic>
  </subject>
  <subject>
    <topic>Bustos, Jimmy</topic>
  </subject>
  <subject>
    <topic>Mirza, Najeeb</topic>
  </subject>
  <subject>
    <topic>Sakai, Soorgul Roy</topic>
  </subject>
  <subject>
    <topic>Thompson, Bonny</topic>
  </subject>
  <subject>
    <topic>dia de los padres</topic>
  </subject>
  <subject>
    <topic>cultura</topic>
  </subject>
  <subject>
    <topic>musica</topic>
  </subject>
  <subject>
    <geographic>Afghanistan</geographic>
  </subject>
  <subject>
    <geographic>Edmonton</geographic>
  </subject>
  <relatedItem type="original">
    <identifier type="other">960342</identifier>
  </relatedItem>
  
  <accessCondition type="use and reproduction">http://creativecommons.org/licenses/by/4.0/</accessCondition>
  <recordInfo>
    <recordOrigin>Avalon Media System</recordOrigin>
    <recordContentSource>IEN</recordContentSource>
    <recordCreationDate>20180703</recordCreationDate>
    <recordChangeDate>2018-07-03T13:24:47-06:00</recordChangeDate>
    
    <languageOfCataloging>
      <languageTerm authority="iso639-2b" type="code">eng</languageTerm>
    </languageOfCataloging>
    <recordIdentifier source="Fedora">avalon:13946</recordIdentifier>
  </recordInfo>
<physicalDescription><internetMediaType>video/quicktime</internetMediaType></physicalDescription><location><url access="object in context"/></location></mods>