<?xml version="1.0" encoding="UTF-8"?><mods xmlns:xsi="http://www.w3.org/2001/XMLSchema-instance" xmlns="http://www.loc.gov/mods/v3" xsi:schemaLocation="http://www.loc.gov/mods/v3 http://www.loc.gov/standards/mods/v3/mods-3-4.xsd">
  <titleInfo usage="primary">
    <title>Darkness and Light - MMus Choral Conducting Recital</title>
  </titleInfo>
  <name type="personal" usage="primary">
    <namePart>Mortensen, Tammy-Jo</namePart>
    <role>
      <roleTerm authority="marcrelator" type="code">cre</roleTerm>
      <roleTerm authority="marcrelator" type="text">Creator</roleTerm>
    </role>
  </name>
  <name type="personal">
    <namePart>Mortensen, Tammy-Jo</namePart>
    <role>
      <roleTerm authority="marcrelator" type="code">ctb</roleTerm>
      <roleTerm authority="marcrelator" type="text">Contributor</roleTerm>
    </role>
  </name>
  <genre authority="pbcore" valueURI="http://pbcore.org/vocabularies/pbcoreGenre%23music">Music</genre>
  <originInfo>
    <dateIssued encoding="edtf">2011-04-01</dateIssued>
  </originInfo>
  <language>
    <languageTerm type="code">lat</languageTerm>
    <languageTerm type="text">Latin</languageTerm>
  </language>
  <language>
    <languageTerm type="code">fre</languageTerm>
    <languageTerm type="text">French</languageTerm>
  </language>
  <language>
    <languageTerm type="code">ger</languageTerm>
    <languageTerm type="text">German</languageTerm>
  </language>
  
  
  <accessCondition type="use and reproduction">This audiovisual content is being provided solely for educational use and research, pursuant to exceptions in the Canadian Copyright Act.  Further reproduction or distribution or other use may require additional permissions</accessCondition>
  <subject>
    <topic>Choral music</topic>
  </subject>
  <subject>
    <topic>Vocal music</topic>
  </subject>
  <subject>
    <geographic>Robertson-Wesley United Church</geographic>
  </subject>
  <recordInfo>
    <recordOrigin>Avalon Media System</recordOrigin>
    <recordContentSource>IEN</recordContentSource>
    <recordCreationDate>20180531</recordCreationDate>
    <recordChangeDate>2018-05-31T09:28:18-06:00</recordChangeDate>
    
    <languageOfCataloging>
      <languageTerm authority="iso639-2b" type="code">eng</languageTerm>
    </languageOfCataloging>
    <recordIdentifier source="Fedora">avalon:5058</recordIdentifier>
  </recordInfo>
  <tableOfContents>Kyrie (Mass for Four Voices) / William Byrd (1540 - 1643) -- Requiem: Requiem aeternam I; Out of the Deep; And God Shall Wipe Away All Tears (Claire Rolheiser, soprano I; Caroline De Grave, soprano II; Patricia Paradis, alto I; Julie Golosky, alto II); In Remembrance; Requiem aeternam II; In Paradisum (Claire Rolheiser, soprano; Michael Kurschat, baritone; The Choir of Robertson-Wesley and Friends) / Eleanor Daley (b. 1955) -- Al lume de le stelle / Luca Marenzio (1553-1599) / Laudate Pueri, HWV 237: Laudate pueri Dominum; Sit nomen Domini; A solis ortu; Gloria Patri (Kimberley Taylor, soprano; Alison Norris, soprano; Abra Whitney, contralto; Sean McMann, tenor; Christa Eriksson, Oboe; Graduate Recital Chamber Orchestra) / G. F. Handel (1685-1759)</tableOfContents>
<physicalDescription><internetMediaType>video/mp4</internetMediaType></physicalDescription></mods>