<?xml version="1.0" encoding="UTF-8"?><mods xmlns:xsi="http://www.w3.org/2001/XMLSchema-instance" xmlns="http://www.loc.gov/mods/v3" xsi:schemaLocation="http://www.loc.gov/mods/v3 http://www.loc.gov/standards/mods/v3/mods-3-4.xsd">
  <titleInfo usage="primary">
    <title>Programa Nosotros, 5 de octubre de 2008, 35 aniversario del golpe de estado en Chile</title>
  </titleInfo>
  <name type="personal" usage="primary">
    <namePart>Vásquez, David</namePart>
    <role>
      <roleTerm authority="marcrelator" type="code">cre</roleTerm>
      <roleTerm authority="marcrelator" type="text">Creator</roleTerm>
    </role>
  </name>
  <name type="personal">
    <namePart>Vásquez, David</namePart>
    <role>
      <roleTerm authority="marcrelator" type="code">ctb</roleTerm>
      <roleTerm authority="marcrelator" type="text">Contributor</roleTerm>
    </role>
  </name>
  <genre authority="pbcore" valueURI="http://pbcore.org/vocabularies/pbcoreGenre%23variety">Variety</genre>
  <genre authority="pbcore" valueURI="http://pbcore.org/vocabularies/pbcoreGenre%23community">Community</genre>
  <originInfo>
    <dateIssued encoding="edtf">2008-10-12</dateIssued>
  </originInfo>
  <language>
    <languageTerm type="code">spa</languageTerm>
    <languageTerm type="text">Spanish</languageTerm>
  </language>
  
  
  <abstract>A commemoration of Chile’s Sept. 11, 1973, which marks the assassination of president Salvador Allende and the start of the military dictatorship, held at Edmonton Public Library. The event is centred around the efforts of the children of Chilean exiles to preserve the memory of their heritage and the political trauma that their parents and grandparents experienced. Litzy Baeza gives a talk about the importance of oral testimony in recalling the Chilean dictatorship. The work of various artists is featured at this event, including Gabriela Rosende and her series entitled “The Unmarked Graves,” and the People’s Poet, a spoken word and rap group. At the end, filmmaker Sergio Olivares introduces a full screening of his documentary "El 11" about the Chilean coup d'état in 1973 and the Chilean-Canadian community in Edmonton.</abstract>
  <subject>
    <topic>dictatorship</topic>
  </subject>
  <subject>
    <topic>Chilean-Canadians</topic>
  </subject>
  <subject>
    <topic>exiles</topic>
  </subject>
  <subject>
    <topic>oral tradition</topic>
  </subject>
  <subject>
    <topic>culture</topic>
  </subject>
  <subject>
    <topic>art and society</topic>
  </subject>
  <subject>
    <topic>politics</topic>
  </subject>
  <subject>
    <topic>The People’s Poet</topic>
  </subject>
  <subject>
    <topic>music concert</topic>
  </subject>
  <subject>
    <topic>Edmonton Public Library</topic>
  </subject>
  <subject>
    <topic>Baeza, Litzy</topic>
  </subject>
  <subject>
    <topic>Olivares, Sergio</topic>
  </subject>
  <subject>
    <topic>Rosende, Gabriela</topic>
  </subject>
  <subject>
    <topic>Gómez, Vladimir</topic>
  </subject>
  <subject>
    <topic>Loyola, Rodrigo</topic>
  </subject>
  <subject>
    <topic>Cousino, Christian</topic>
  </subject>
  <subject>
    <topic>politica</topic>
  </subject>
  <subject>
    <topic>salvadoreños en Canadá</topic>
  </subject>
  <subject>
    <topic>concierto musical</topic>
  </subject>
  <subject>
    <geographic>Chile</geographic>
  </subject>
  <subject>
    <geographic>Edmonton</geographic>
  </subject>
  
  <accessCondition type="use and reproduction">http://creativecommons.org/licenses/by/4.0/</accessCondition>
  <recordInfo>
    <recordOrigin>Avalon Media System</recordOrigin>
    <recordContentSource>IEN</recordContentSource>
    <recordCreationDate>20180703</recordCreationDate>
    <recordChangeDate>2018-07-03T13:37:24-06:00</recordChangeDate>
    
    <languageOfCataloging>
      <languageTerm authority="iso639-2b" type="code">eng</languageTerm>
    </languageOfCataloging>
    <recordIdentifier source="Fedora">avalon:14000</recordIdentifier>
  </recordInfo>
<physicalDescription><internetMediaType>video/quicktime</internetMediaType></physicalDescription><location><url access="object in context"/></location></mods>