<?xml version="1.0" encoding="UTF-8"?><mods xmlns:xsi="http://www.w3.org/2001/XMLSchema-instance" xmlns="http://www.loc.gov/mods/v3" xsi:schemaLocation="http://www.loc.gov/mods/v3 http://www.loc.gov/standards/mods/v3/mods-3-4.xsd">
  <titleInfo usage="primary">
    <title>Programa Nosotros, 13 de Julio de 2008, Tributo a Salvador Allende</title>
  </titleInfo>
  <name type="personal" usage="primary">
    <namePart>Unknown</namePart>
    <role>
      <roleTerm authority="marcrelator" type="code">cre</roleTerm>
      <roleTerm authority="marcrelator" type="text">Creator</roleTerm>
    </role>
  </name>
  <genre authority="pbcore" valueURI="http://pbcore.org/vocabularies/pbcoreGenre%23variety">Variety</genre>
  <genre authority="pbcore" valueURI="http://pbcore.org/vocabularies/pbcoreGenre%23community">Community</genre>
  <originInfo>
    <dateIssued encoding="edtf">2008-07-20</dateIssued>
  </originInfo>
  <language>
    <languageTerm type="code">spa</languageTerm>
    <languageTerm type="text">Spanish</languageTerm>
  </language>
  
  
  <abstract>Episode dedicated to the memory of Chile’s president Salvador Allende. It includes excerpts from a 2003 tribute concert celebrated at the Chilean National Stadium. The excerpts are interspersed with video footage, discourses, and images of Salvador Allende. The music acts shown are Tiro de Gracia, Daniel Viglietti, Sol y Lluvia, La Sonora de Tommy Rey, Julieta Venegas and Anita Tijoux, Los Prisioneros, Salvador Ojeda, and Shalil Shankar.</abstract>
  <subject>
    <topic>music concert</topic>
  </subject>
  <subject>
    <topic>culture</topic>
  </subject>
  <subject>
    <topic>Allende, Salvador</topic>
  </subject>
  <subject>
    <topic>Viglietti, Daniel</topic>
  </subject>
  <subject>
    <topic>Venegas, Julieta</topic>
  </subject>
  <subject>
    <topic>Tijoux, Anita</topic>
  </subject>
  <subject>
    <topic>Ojeda, Salvador</topic>
  </subject>
  <subject>
    <topic>Shankar, Shalil</topic>
  </subject>
  <subject>
    <topic>Parra, Lalo</topic>
  </subject>
  <subject>
    <topic>Bussi, Hortensia</topic>
  </subject>
  <subject>
    <topic>danza folklórica latinoamericana</topic>
  </subject>
  <subject>
    <topic>cultura latinoamericana</topic>
  </subject>
  <subject>
    <topic>concierto musical</topic>
  </subject>
  <subject>
    <topic>Grupo de la Tercera Edad Primavera</topic>
  </subject>
  <subject>
    <topic>Bailamos con Esperanza</topic>
  </subject>
  <subject>
    <topic>Sami and Linda</topic>
  </subject>
  <subject>
    <topic>La Mezza Luna</topic>
  </subject>
  <subject>
    <geographic>Chile</geographic>
  </subject>
  
  <accessCondition type="use and reproduction">http://creativecommons.org/licenses/by/4.0/</accessCondition>
  <recordInfo>
    <recordOrigin>Avalon Media System</recordOrigin>
    <recordContentSource>IEN</recordContentSource>
    <recordCreationDate>20180703</recordCreationDate>
    <recordChangeDate>2018-07-03T13:24:06-06:00</recordChangeDate>
    
    <languageOfCataloging>
      <languageTerm authority="iso639-2b" type="code">eng</languageTerm>
    </languageOfCataloging>
    <recordIdentifier source="Fedora">avalon:13942</recordIdentifier>
  </recordInfo>
<physicalDescription><internetMediaType>video/quicktime</internetMediaType></physicalDescription><location><url access="object in context"/></location></mods>