<?xml version="1.0" encoding="UTF-8"?><mods xmlns:xsi="http://www.w3.org/2001/XMLSchema-instance" xmlns="http://www.loc.gov/mods/v3" xsi:schemaLocation="http://www.loc.gov/mods/v3 http://www.loc.gov/standards/mods/v3/mods-3-4.xsd">
  <titleInfo usage="primary">
    <title>Programa Nosotros, 28 de julio de 2002, Peña Pro-Fondos para la revista Chileno de Corazón (parte 2)</title>
  </titleInfo>
  <name type="personal" usage="primary">
    <namePart>Sardinha, Andrea</namePart>
    <role>
      <roleTerm authority="marcrelator" type="code">cre</roleTerm>
      <roleTerm authority="marcrelator" type="text">Creator</roleTerm>
    </role>
  </name>
  <name type="personal">
    <namePart>San Martín, Tamara</namePart>
    <role>
      <roleTerm authority="marcrelator" type="code">ctb</roleTerm>
      <roleTerm authority="marcrelator" type="text">Contributor</roleTerm>
    </role>
  </name>
  <genre authority="pbcore" valueURI="http://pbcore.org/vocabularies/pbcoreGenre%23variety">Variety</genre>
  <genre authority="pbcore" valueURI="http://pbcore.org/vocabularies/pbcoreGenre%23community">Community</genre>
  <originInfo>
    <dateIssued encoding="edtf">2002-08-04</dateIssued>
  </originInfo>
  <language>
    <languageTerm type="code">spa</languageTerm>
    <languageTerm type="text">Spanish</languageTerm>
  </language>
  
  
  <abstract>A fundraising event at McCleod Community League Hall in celebration of Chileno de Corazon, a magazine published by the Chilean Canadian Cultural Society. A series of dance performances is performed at the event, including three tango performances from the founding couples of the different tango schools in Edmonton: Norma and Alfonso Calderon; Cindy and Vince Davis; and Cristina and Vicente Munoz, and traditional folk dances from Chile by the Víctor Jara group.</abstract>
  <note type="general">Sound breaks during tango dances.</note>
  <subject>
    <topic>Chilean Canadian Cultural Society</topic>
  </subject>
  <subject>
    <topic>Chileans in Canada</topic>
  </subject>
  <subject>
    <topic>traditional dance--Chile</topic>
  </subject>
  <subject>
    <topic>profesores de español</topic>
  </subject>
  <subject>
    <topic>estudiantes de español</topic>
  </subject>
  <subject>
    <topic>música latina</topic>
  </subject>
  <subject>
    <topic>música folklórica</topic>
  </subject>
  <subject>
    <geographic>Chile</geographic>
  </subject>
  
  <accessCondition type="use and reproduction">http://creativecommons.org/licenses/by/4.0/</accessCondition>
  <recordInfo>
    <recordOrigin>Avalon Media System</recordOrigin>
    <recordContentSource>IEN</recordContentSource>
    <recordCreationDate>20180703</recordCreationDate>
    <recordChangeDate>2018-07-03T13:15:27-06:00</recordChangeDate>
    
    <languageOfCataloging>
      <languageTerm authority="iso639-2b" type="code">eng</languageTerm>
    </languageOfCataloging>
    <recordIdentifier source="Fedora">avalon:13892</recordIdentifier>
  </recordInfo>
<physicalDescription><internetMediaType>video/quicktime</internetMediaType></physicalDescription><location><url access="object in context"/></location></mods>