<?xml version="1.0" encoding="UTF-8"?><mods xmlns:xsi="http://www.w3.org/2001/XMLSchema-instance" xmlns="http://www.loc.gov/mods/v3" xsi:schemaLocation="http://www.loc.gov/mods/v3 http://www.loc.gov/standards/mods/v3/mods-3-4.xsd">
  <titleInfo usage="primary">
    <title>Programa Nosotros [raw footage], 2003, Expo Latino 2003 In Calgary</title>
  </titleInfo>
  <genre authority="pbcore" valueURI="http://pbcore.org/vocabularies/pbcoreGenre%23variety">Variety</genre>
  <genre authority="pbcore" valueURI="http://pbcore.org/vocabularies/pbcoreGenre%23community">Community</genre>
  <originInfo>
    <dateIssued encoding="edtf">2003</dateIssued>
  </originInfo>
  <language>
    <languageTerm type="code">spa</languageTerm>
    <languageTerm type="text">Spanish</languageTerm>
  </language>
  
  
  <abstract>Highlights from the Expo Latino 2003 in Calgary, including a greeting from Monserrat Bustamante (popularly known as Mon Laferte) from the Chilean television program, Rojo Fama Contrafama. Professor Ana Maria Galindo from The Spanish School of Calgary Society talks about the courses available at the school. Carmen Galvez, president of the Hispanic Culture Society and the artistic director of Calgary's Expo Latino, talks about the guest lineup for 2003. Victor Gavilan, director of the Spanish School of Calgary, talks about how to register in the school's programs. A concert is featured at the end, including music performances by Latin Beats, Emilio Rios and Cuban Beats, and Monserrat Bustamante. Traditional dances from Venezuela and Colombia are also performed.</abstract>
  <note type="local">No credits. Information on coloured bars possibly innacurate or unrelated to this episode.</note>
  <subject>
    <topic>Bustamante, Monserrat</topic>
  </subject>
  <subject>
    <topic>Laferte, Mon</topic>
  </subject>
  <subject>
    <topic>Galindo, Ana María</topic>
  </subject>
  <subject>
    <topic>Gálvez, Carmen</topic>
  </subject>
  <subject>
    <topic>Gavilán, Víctor</topic>
  </subject>
  <subject>
    <topic>Ríos, Emilio</topic>
  </subject>
  <subject>
    <topic>Expo Latino</topic>
  </subject>
  <subject>
    <topic>Spanish School of Calgary</topic>
  </subject>
  <subject>
    <topic>Carmen Galvez</topic>
  </subject>
  <subject>
    <topic>Hispanic Culture Society</topic>
  </subject>
  <subject>
    <topic>music concert</topic>
  </subject>
  <subject>
    <topic>Venezuela</topic>
  </subject>
  <subject>
    <topic>Colombia</topic>
  </subject>
  <subject>
    <topic>festival</topic>
  </subject>
  <subject>
    <topic>escuela de español</topic>
  </subject>
  <subject>
    <topic>bailes</topic>
  </subject>
  <subject>
    <topic>educación</topic>
  </subject>
  <subject>
    <topic>Rojo Fama Contrafama</topic>
  </subject>
  <subject>
    <topic>Latin Beats</topic>
  </subject>
  <subject>
    <topic>Cuban Beats</topic>
  </subject>
  <subject>
    <geographic>Calgary</geographic>
  </subject>
  <subject>
    <geographic>Venezuela</geographic>
  </subject>
  <subject>
    <geographic>Colombia</geographic>
  </subject>
  <subject>
    <geographic>Chile</geographic>
  </subject>
  <relatedItem type="original">
    <identifier type="other">960159</identifier>
  </relatedItem>
  
  <accessCondition type="use and reproduction">http://creativecommons.org/licenses/by/4.0/</accessCondition>
  <recordInfo>
    <recordOrigin>Avalon Media System</recordOrigin>
    <recordContentSource>IEN</recordContentSource>
    <recordCreationDate>20180703</recordCreationDate>
    <recordChangeDate>2018-07-03T13:13:12-06:00</recordChangeDate>
    
    <languageOfCataloging>
      <languageTerm authority="iso639-2b" type="code">eng</languageTerm>
    </languageOfCataloging>
    <recordIdentifier source="Fedora">avalon:13882</recordIdentifier>
  </recordInfo>
<physicalDescription><internetMediaType>video/quicktime</internetMediaType></physicalDescription><location><url access="object in context"/></location></mods>