<?xml version="1.0" encoding="UTF-8"?><mods xmlns:xsi="http://www.w3.org/2001/XMLSchema-instance" xmlns="http://www.loc.gov/mods/v3" xsi:schemaLocation="http://www.loc.gov/mods/v3 http://www.loc.gov/standards/mods/v3/mods-3-4.xsd">
  <titleInfo usage="primary">
    <title>Programa Nosotros, 25 de marzo de 2007, Programa en honor a la folclorista María Elena Parra y reportaje sobre labores del SENCE en Chile (2003)</title>
  </titleInfo>
  <name type="personal" usage="primary">
    <namePart>Azocar, Medardo (Tio Lito)</namePart>
    <role>
      <roleTerm authority="marcrelator" type="code">cre</roleTerm>
      <roleTerm authority="marcrelator" type="text">Creator</roleTerm>
    </role>
  </name>
  <genre authority="pbcore" valueURI="http://pbcore.org/vocabularies/pbcoreGenre%23variety">Variety</genre>
  <genre authority="pbcore" valueURI="http://pbcore.org/vocabularies/pbcoreGenre%23community">Community</genre>
  <originInfo>
    <dateIssued encoding="edtf">2007-04-01</dateIssued>
  </originInfo>
  <language>
    <languageTerm type="code">spa</languageTerm>
    <languageTerm type="text">Spanish</languageTerm>
  </language>
  
  
  <abstract>Programa Nostros remembers folk singer Maria Elena Parra who helped spread an understanding of Chile’s cultural traditions, both in Chile and in Edmonton’s Chilean community, in honour of her death. An older appearance by Maria Elena Parra, along with Clarita Parra, on Programa Nosotros is replayed. An old performance by Maria Elena and Clarita Parra is also played. A letter written by Maria Elena Parra's eldest daughter is read.</abstract>
  <note type="general">Part of 2003 episode runs from 50:02</note>
  <subject>
    <topic>music concert</topic>
  </subject>
  <subject>
    <topic>folk music</topic>
  </subject>
  <subject>
    <topic>culture</topic>
  </subject>
  <subject>
    <topic>Parra, María Elena</topic>
  </subject>
  <subject>
    <topic>Parra, Clarita</topic>
  </subject>
  <subject>
    <topic>día de las madres</topic>
  </subject>
  <subject>
    <topic>Sary Bórquez, poesía</topic>
  </subject>
  <subject>
    <topic>DICOEX</topic>
  </subject>
  <subject>
    <topic>registro de chilenos en el exterior</topic>
  </subject>
  <subject>
    <topic>Mariachi Guadalupano</topic>
  </subject>
  <subject>
    <geographic>Chile</geographic>
  </subject>
  
  <accessCondition type="use and reproduction">http://creativecommons.org/licenses/by/4.0/</accessCondition>
  <recordInfo>
    <recordOrigin>Avalon Media System</recordOrigin>
    <recordContentSource>IEN</recordContentSource>
    <recordCreationDate>20180703</recordCreationDate>
    <recordChangeDate>2018-07-03T13:20:59-06:00</recordChangeDate>
    
    <languageOfCataloging>
      <languageTerm authority="iso639-2b" type="code">eng</languageTerm>
    </languageOfCataloging>
    <recordIdentifier source="Fedora">avalon:13924</recordIdentifier>
  </recordInfo>
<physicalDescription><internetMediaType>video/quicktime</internetMediaType></physicalDescription><location><url access="object in context"/></location></mods>