<?xml version="1.0" encoding="UTF-8"?><mods xmlns:xsi="http://www.w3.org/2001/XMLSchema-instance" xmlns="http://www.loc.gov/mods/v3" xsi:schemaLocation="http://www.loc.gov/mods/v3 http://www.loc.gov/standards/mods/v3/mods-3-4.xsd">
  <titleInfo usage="primary">
    <title>Both Sides Now: Two Lyrical Looks at Love</title>
  </titleInfo>
  <name type="personal" usage="primary">
    <namePart>Various</namePart>
    <role>
      <roleTerm authority="marcrelator" type="code">cre</roleTerm>
      <roleTerm authority="marcrelator" type="text">Creator</roleTerm>
    </role>
  </name>
  <genre authority="pbcore" valueURI="http://pbcore.org/vocabularies/pbcoreGenre%23music">Music</genre>
  <originInfo>
    <dateIssued encoding="edtf">2011-03-27</dateIssued>
  </originInfo>
  <language>
    <languageTerm type="code">spa</languageTerm>
    <languageTerm type="text">Spanish</languageTerm>
  </language>
  <language>
    <languageTerm type="code">eng</languageTerm>
    <languageTerm type="text">English</languageTerm>
  </language>
  <language>
    <languageTerm type="code">ger</languageTerm>
    <languageTerm type="text">German</languageTerm>
  </language>
  
  
  <accessCondition type="use and reproduction">This audiovisual content is being provided solely for educational use and research, pursuant to exceptions in the Canadian Copyright Act.  Further reproduction or distribution or other use may require additional permissions</accessCondition>
  <subject>
    <topic>Vocal music</topic>
  </subject>
  <subject>
    <geographic>Convocation Hall, University of Alberta</geographic>
  </subject>
  <recordInfo>
    <recordOrigin>Avalon Media System</recordOrigin>
    <recordContentSource>IEN</recordContentSource>
    <recordCreationDate>20180531</recordCreationDate>
    <recordChangeDate>2018-06-01T09:31:10-06:00</recordChangeDate>
    
    <languageOfCataloging>
      <languageTerm authority="iso639-2b" type="code">eng</languageTerm>
    </languageOfCataloging>
    <recordIdentifier source="Fedora">avalon:5047</recordIdentifier>
  </recordInfo>
  <tableOfContents>Love In Song -- Vos me Matásteis (No. 2 from Cuatros Madrigales Amatorios)(Ms. Abele) / J. Rodrigo  -- De los álamos vengo, madre (No. 4 from Cuatros Madrigales Amatorios)(Ms. Abele) / J. Rodrigo  -- Sweeter than Roses (from Pausanius)(Ms. Kerley) / H. Purcell arr. B. Britten -- Recit. &amp; Duet: Mein Freund ist mein! (No. 6 from Cantata No. 140, Wachet auf)(Ms. Kerley &amp; Mr. Ratzlaff) / J.S. Bach -- Á Chloris (Ms. Burgess) / R. Hahn -- Sérénade Italienne (Mr. Berg) / E. Chausson -- Chanson Romanesque (from Don Quichotte á Dulcinée)(Mr. Berg) / M. Ravel -- Liebst du um Schönheit (from Sechs Rückert Lieder)(Ms. Burgess) / G. Mahler -- Von ewige Liebe (Ms. Turnbull) / J. Brahms -- Liebeslieder Waltzer, Op. 52 (Ms. Kerley, Ms. Turnbull, Mr. Tessier &amp; Mr. Ratzlaff) / J. Brahms -- Love Goes Wrong -- ¿Con qué la lavaré? (No. 1 from Cuatros Madrigales Amatorios)(Ms. Abele) / J. Rodrigo -- ¿De dónde venis, amore? (No. 3 from Cuatros Madrigales Amatorios)(Ms. Abele) / J. Rodrigo -- Ye Banks and Braes (Ms. Turnbull) / R. Burns -- She Never Told Her Love (Ms. Burgess) / J. Haydn -- Ach weh, mir unglückenhaftem Mann (Mr. Berg) / R. Strauss -- I Hate Men! (from Kiss Me Kate!)(Ms. Burgess) / C. Porter -- I Was a Fool (to Let You Go)(Ms. Turnbull) / B. Manilow -- Liebesleid Lieder, Op. 20 (Ms. Abele, Ms. Burgess, Mr. Tessier &amp; Mr. Berg) / J. Greer - </tableOfContents>
<physicalDescription><internetMediaType>video/mp4</internetMediaType></physicalDescription></mods>