<?xml version="1.0" encoding="UTF-8"?><mods xmlns:xsi="http://www.w3.org/2001/XMLSchema-instance" xmlns="http://www.loc.gov/mods/v3" xsi:schemaLocation="http://www.loc.gov/mods/v3 http://www.loc.gov/standards/mods/v3/mods-3-4.xsd">
  <titleInfo usage="primary">
    <title>Grounding</title>
  </titleInfo>
  <name type="personal" usage="primary">
    <namePart>Ghostkeeper, Kim</namePart>
    <role>
      <roleTerm authority="marcrelator" type="code">cre</roleTerm>
      <roleTerm authority="marcrelator" type="text">Creator</roleTerm>
    </role>
  </name>
  <name type="personal" usage="primary">
    <namePart>de Vos, Pieter</namePart>
    <role>
      <roleTerm authority="marcrelator" type="code">cre</roleTerm>
      <roleTerm authority="marcrelator" type="text">Creator</roleTerm>
    </role>
  </name>
  <genre authority="pbcore" valueURI="http://pbcore.org/vocabularies/pbcoreGenre%23community">Community</genre>
  <originInfo>
    <dateIssued encoding="edtf">2017</dateIssued>
  </originInfo>
  <language>
    <languageTerm type="code">eng</languageTerm>
    <languageTerm type="text">English</languageTerm>
  </language>
  
  
  <abstract>Facilitators Kim Ghostkeeper and Pieter de Vos lead a reflection break, asking attendees to consider what they hope to learn at the conference. Amanda Lamothe, an Indigenous musician, performs traditional flute music during the reflection.</abstract>
  <subject>
    <topic>Reflection</topic>
  </subject>
  <subject>
    <topic>Meditation</topic>
  </subject>
  
  <accessCondition type="use and reproduction">http://creativecommons.org/licenses/by-nc-nd/4.0/</accessCondition>
  <recordInfo>
    <recordOrigin>Avalon Media System</recordOrigin>
    <recordContentSource>IEN</recordContentSource>
    <recordCreationDate>20180309</recordCreationDate>
    <recordChangeDate>2018-03-16T10:23:27-06:00</recordChangeDate>
    
    <languageOfCataloging>
      <languageTerm authority="iso639-2b" type="code">eng</languageTerm>
    </languageOfCataloging>
    <recordIdentifier source="Fedora">avalon:4265</recordIdentifier>
  </recordInfo>
<physicalDescription><internetMediaType>video/mp4</internetMediaType></physicalDescription><location><url access="object in context"/></location></mods>