<?xml version="1.0" encoding="UTF-8"?><mods xmlns:xsi="http://www.w3.org/2001/XMLSchema-instance" xmlns="http://www.loc.gov/mods/v3" xsi:schemaLocation="http://www.loc.gov/mods/v3 http://www.loc.gov/standards/mods/v3/mods-3-4.xsd">
  <titleInfo usage="primary">
    <title>University of Alberta Concert Choir</title>
  </titleInfo>
  <name type="personal" usage="primary">
    <namePart>University of Alberta Concert Choir</namePart>
    <role>
      <roleTerm authority="marcrelator" type="code">cre</roleTerm>
      <roleTerm authority="marcrelator" type="text">Creator</roleTerm>
    </role>
  </name>
  <name type="personal">
    <namePart>Cook, Larry</namePart>
    <role>
      <roleTerm authority="marcrelator" type="code">ctb</roleTerm>
      <roleTerm authority="marcrelator" type="text">Contributor</roleTerm>
    </role>
  </name>
  <genre authority="pbcore" valueURI="http://pbcore.org/vocabularies/pbcoreGenre%23music">Music</genre>
  <originInfo>
    
  <dateIssued encoding="edtf">1980-03-28</dateIssued></originInfo>
  <language>
    <languageTerm type="code">lat</languageTerm>
    <languageTerm type="text">Latin</languageTerm>
  </language>
  <language>
    <languageTerm type="code">eng</languageTerm>
    <languageTerm type="text">English</languageTerm>
  </language>
  <language>
    <languageTerm type="code">ger</languageTerm>
    <languageTerm type="text">German</languageTerm>
  </language>
  
  
  <note type="general">This audiovisual content is being provided solely for educational use and research, pursuant to exceptions in the Canadian Copyright Act.  Further reproduction or distribution or other use may require additional permissions</note>
  <note type="venue">Performance location: Convocation Hall, University of Alberta</note>
  <note type="general">Performers: University of Alberta Concert Choir ; Cook, Larry, conductor</note>
  <subject>
    <topic>Vocal music</topic>
  </subject>
  <subject>
    <topic>Choral music</topic>
  </subject>
  
  
  <recordInfo>
    <recordOrigin>Avalon Media System</recordOrigin>
    <recordContentSource>IEN</recordContentSource>
    <recordCreationDate>20180530</recordCreationDate>
    <recordChangeDate>2018-06-21T09:39:06-06:00</recordChangeDate>
    
    <languageOfCataloging>
      <languageTerm authority="iso639-2b" type="code">eng</languageTerm>
    </languageOfCataloging>
    <recordIdentifier source="Fedora">avalon:4537</recordIdentifier>
  </recordInfo>
  <tableOfContents>Ave Maria, gratia plena / Josquin Desprez -- Cantate domino / Schütz, Heinrich -- Gloria Deo per immensa saecula / Healey Willan -- Vexilla regis prodeunt / Anton Bruckner -- Ave verum corpus / William Byrd -- O be joyful in the Lord (Jachzet dem Herrn alle Welt), op. 69, no. 2 / Felix Mendelssohn -- I waited for the Lord (from Three motets, op. 70) / Barrie Cabena -- Te deum / Gerhard Krapf -- Jesus and the traders (Jézus és a kufárok, 1927) / Zoltán Kodály -- Fünf deutsche lieder, op. 104 / Johannes Brahms -- A little nonsense / Robert Starer -- Two Newfoundland folk songs for male choir / Violet Archer -- Two Canadian folk songs / Keith Bissell</tableOfContents>
<physicalDescription><internetMediaType>audio/x-wav</internetMediaType></physicalDescription></mods>