<?xml version="1.0" encoding="UTF-8"?><mods xmlns:xsi="http://www.w3.org/2001/XMLSchema-instance" xmlns="http://www.loc.gov/mods/v3" xsi:schemaLocation="http://www.loc.gov/mods/v3 http://www.loc.gov/standards/mods/v3/mods-3-4.xsd">
  <titleInfo usage="primary">
    <title>Course Design with OER Panel</title>
  </titleInfo>
  <genre authority="pbcore" valueURI="http://pbcore.org/vocabularies/pbcoreGenre%23event">Event</genre>
  <originInfo>
    
  <dateIssued encoding="edtf">2017-05-11</dateIssued></originInfo>
  <language>
    <languageTerm type="code">eng</languageTerm>
    <languageTerm type="text">English</languageTerm>
  </language>
  
  
  <abstract>Facilitated question/answer panel with ABOER grant recipients who will share their experience adapting existing open resources and re-designing their courses for OER integration. Avoid the usual speed bumps in adapting existing resources and prepping for course design. Panelists: Farook Al-Shamali (Athabasca University), Shauna Reckseidler-Zenteno (Athabasca University), Maria Torres (Athabasca University),  Adien Dubbelboer (Athabasca University), Linda McCloud-Bondoc (Athabasca University), Dietmar Kennepohl (Athabasca University). Facilitator: James Park (Faculty of Education, University of Alberta).</abstract>
  <note type="general">"The Campus Alberta Open Educational Resources (ABOER) Initiative is made possible through an investment from the Alberta government."</note>
  <subject>
    <topic>Open Educational Resources</topic>
  </subject>
  <subject>
    <topic>Alberta OER</topic>
  </subject>
  <subject>
    <topic>course design</topic>
  </subject>
  
  <accessCondition type="use and reproduction">http://creativecommons.org/licenses/by/4.0/</accessCondition>
  <accessCondition type="use and reproduction">http://creativecommons.org/licenses/by/4.0/</accessCondition>
  <recordInfo>
    <recordOrigin>Avalon Media System</recordOrigin>
    <recordContentSource>IEN</recordContentSource>
    <recordCreationDate>20170710</recordCreationDate>
    <recordChangeDate>2017-08-02T11:37:44-06:00</recordChangeDate>
    
    <languageOfCataloging>
      <languageTerm authority="iso639-2b" type="code">eng</languageTerm>
    </languageOfCataloging>
    <recordIdentifier source="Fedora">avalon:3344</recordIdentifier>
  </recordInfo>
<physicalDescription><internetMediaType>video/mp4</internetMediaType></physicalDescription><location><url access="object in context"/></location></mods>