<?xml version="1.0" encoding="UTF-8"?><mods xmlns:xsi="http://www.w3.org/2001/XMLSchema-instance" xmlns="http://www.loc.gov/mods/v3" xsi:schemaLocation="http://www.loc.gov/mods/v3 http://www.loc.gov/standards/mods/v3/mods-3-4.xsd">
  <titleInfo usage="primary">
    <title>Programa Nosotros [raw footage], 4 de mayo de 2008, May Day Concert</title>
  </titleInfo>
  <genre authority="pbcore" valueURI="http://pbcore.org/vocabularies/pbcoreGenre%23variety">Variety</genre>
  <genre authority="pbcore" valueURI="http://pbcore.org/vocabularies/pbcoreGenre%23community">Community</genre>
  <originInfo>
    <dateIssued encoding="edtf">2008-05-04</dateIssued>
    <dateCreated encoding="edtf">2008-05-04</dateCreated>
  </originInfo>
  <language>
    <languageTerm type="code">spa</languageTerm>
    <languageTerm type="text">Spanish</languageTerm>
  </language>
  
  
  <abstract>A concert celebration of May Day, which honours the international rights of workers. This video features a series of music and dance performances. In between the music and dances, different labour movements are discussed, providing historic examples of when worker's rights were exploited for the purpose of resource extraction. The concert ends with a performance of the Santa María de Iquique cantata, which recounts the massacre of striking Chilean mine workers in 1907.</abstract>
  <subject>
    <topic>Mario</topic>
  </subject>
  <subject>
    <topic>de Jiménez, Donna Cameron </topic>
  </subject>
  <subject>
    <topic>Acuña, Ricardo</topic>
  </subject>
  <subject>
    <topic>May Day</topic>
  </subject>
  <subject>
    <topic>music concert</topic>
  </subject>
  <subject>
    <topic>dance</topic>
  </subject>
  <subject>
    <topic>labour relations</topic>
  </subject>
  <subject>
    <topic>Parkland Institute</topic>
  </subject>
  <subject>
    <topic>concierto musical</topic>
  </subject>
  <subject>
    <topic>relaciones laborales</topic>
  </subject>
  <subject>
    <topic>hip hop protesta</topic>
  </subject>
  <subject>
    <topic>Sociedad Primavera</topic>
  </subject>
  <subject>
    <topic>Notre Dame des Bananes Choir</topic>
  </subject>
  <subject>
    <topic>People's Poets</topic>
  </subject>
  <subject>
    <topic>Cindy and Vince</topic>
  </subject>
  <subject>
    <topic>Balet Folklórico México of Edmonton</topic>
  </subject>
  <subject>
    <topic>chilenos en Canadá</topic>
  </subject>
  <subject>
    <topic>danza tradicional, Chile</topic>
  </subject>
  <subject>
    <topic>Chileno de Corazón, revista</topic>
  </subject>
  <subject>
    <topic>Grupo Víctor Jara</topic>
  </subject>
  <subject>
    <geographic>Latin America</geographic>
  </subject>
  <subject>
    <geographic>Chile</geographic>
  </subject>
  <subject>
    <geographic>Edmonton</geographic>
  </subject>
  <relatedItem type="original">
    <identifier type="other">03-10-95-I</identifier>
  </relatedItem>
  
  <accessCondition type="use and reproduction">http://creativecommons.org/licenses/by/4.0/</accessCondition>
  <recordInfo>
    <recordOrigin>Avalon Media System</recordOrigin>
    <recordContentSource>IEN</recordContentSource>
    <recordCreationDate>20180703</recordCreationDate>
    <recordChangeDate>2018-07-03T13:23:01-06:00</recordChangeDate>
    
    <languageOfCataloging>
      <languageTerm authority="iso639-2b" type="code">eng</languageTerm>
    </languageOfCataloging>
    <recordIdentifier source="Fedora">avalon:13936</recordIdentifier>
  </recordInfo>
<physicalDescription><internetMediaType>video/quicktime</internetMediaType></physicalDescription><location><url access="object in context"/></location></mods>