<?xml version="1.0" encoding="UTF-8"?><mods xmlns:xsi="http://www.w3.org/2001/XMLSchema-instance" xmlns="http://www.loc.gov/mods/v3" xsi:schemaLocation="http://www.loc.gov/mods/v3 http://www.loc.gov/standards/mods/v3/mods-3-4.xsd">
  <titleInfo usage="primary">
    <title>(Dis)placed : Indigenous youth and the child welfare system</title>
  </titleInfo>
  <titleInfo type="alternative">
    <title>Displaced</title>
  </titleInfo>
  <name type="personal" usage="primary">
    <namePart>Brittain, Melisa</namePart>
    <role>
      <roleTerm authority="marcrelator" type="code">cre</roleTerm>
      <roleTerm authority="marcrelator" type="text">Creator</roleTerm>
    </role>
  </name>
  <name type="personal">
    <namePart>Brittain, Melisa</namePart>
    <role>
      <roleTerm authority="marcrelator" type="code">ctb</roleTerm>
      <roleTerm authority="marcrelator" type="text">Contributor</roleTerm>
    </role>
  </name>
  <name type="personal">
    <namePart>Navia, Daniela</namePart>
    <role>
      <roleTerm authority="marcrelator" type="code">ctb</roleTerm>
      <roleTerm authority="marcrelator" type="text">Contributor</roleTerm>
    </role>
  </name>
  <name type="personal">
    <namePart>KingCrip Productions.</namePart>
    <role>
      <roleTerm authority="marcrelator" type="code">ctb</roleTerm>
      <roleTerm authority="marcrelator" type="text">Contributor</roleTerm>
    </role>
  </name>
  <name type="personal">
    <namePart>First Nations Children's Action Research and Education Service</namePart>
    <role>
      <roleTerm authority="marcrelator" type="code">ctb</roleTerm>
      <roleTerm authority="marcrelator" type="text">Contributor</roleTerm>
    </role>
  </name>
  <name type="personal">
    <namePart>Urban Aboriginal Knowledge Network</namePart>
    <role>
      <roleTerm authority="marcrelator" type="code">ctb</roleTerm>
      <roleTerm authority="marcrelator" type="text">Contributor</roleTerm>
    </role>
  </name>
  <name type="personal">
    <namePart>University of Alberta. Faculty of Extension</namePart>
    <role>
      <roleTerm authority="marcrelator" type="code">ctb</roleTerm>
      <roleTerm authority="marcrelator" type="text">Contributor</roleTerm>
    </role>
  </name>
  <name type="personal">
    <namePart>Voices Against Violence : Youth Stories Create Change</namePart>
    <role>
      <roleTerm authority="marcrelator" type="code">ctb</roleTerm>
      <roleTerm authority="marcrelator" type="text">Contributor</roleTerm>
    </role>
  </name>
  <genre authority="pbcore" valueURI="http://pbcore.org/vocabularies/pbcoreGenre%23documentary">Documentary</genre>
  <originInfo>
    <place>
      <placeTerm type="code" authority="marccountry">abc</placeTerm>
    </place>
    
    <copyrightDate encoding="iso8601">2016</copyrightDate>
    <issuance>monographic</issuance>
    <place>
      <placeTerm type="text">Edmonton, Alta]</placeTerm>
    </place>
    
  <dateIssued encoding="edtf">2016</dateIssued><publisher>KingCrip Productions</publisher></originInfo>
  <language>
    <languageTerm type="code">eng</languageTerm>
    <languageTerm type="text">English</languageTerm>
  </language>
  
  
  <note type="statement of responsibility">KingCrip Productions presents / a film by Melisa Brittain.</note>
  <note type="general">"This film began as a way to record stories Indigenous youth in Calgary, Alberta, shared during their work on the collaborative research project "Uncovering Colonial Legacies: Voice of Indigenous Youth in Child Welfare (dis)Placements" by Daniela Navia".</note>
  <note type="creation/production credits">Film editor, Melisa Brittain ; Producers/Cameras, Melisa Brittain and Daniela Navia ; Music, Cris Derksen and Donovan Waskahat ; Paintings, Tyler Blackface ; Poem, Tia Ledesma.</note>
  <note type="language">In English.</note>
  <subject>
    <topic>Indigenous youth</topic>
  </subject>
  <subject>
    <topic>Social conditions</topic>
  </subject>
  <subject>
    <geographic>Alberta</geographic>
  </subject>
  <subject>
    <geographic>Calgary</geographic>
  </subject>
  <relatedItem type="original">
    <physicalDescription>
      <form authority="marccategory">electronic resource</form>
      <form authority="marcsmd">remote</form>
      
      <form type="media" authority="rdamedia">computer</form>
      <form type="carrier" authority="rdacarrier">online resource</form>
    </physicalDescription>
  <physicalDescription><extent>1 online resource (42 min.) : sound, color</extent></physicalDescription><identifier type="local">7846624</identifier></relatedItem>
  <location>
    <url displayLabel="University of Alberta Access" usage="primary display">https://era-av.library.ualberta.ca/media_objects/avalon:1229</url>
  </location>
  
  
  
  <accessCondition type="use and reproduction">5-year license with V Tape (vtape.org) commencing 2017-03-01. License expires 2022-03-01.</accessCondition>
  <recordInfo>
    <descriptionStandard>rda</descriptionStandard>
    <recordContentSource authority="marcorg">UAB</recordContentSource>
    <recordCreationDate encoding="edtf">170509</recordCreationDate>
    <recordChangeDate encoding="iso8601">2017-10-31T09:38:25-06:00</recordChangeDate>
    
    <recordOrigin>Converted from MARCXML to MODS version 3.5 using MARC21slim2MODS3-5.xsl (Revision 1.106
				2014/12/19), customized for the Avalon Media System (last revised 2014/12/26)</recordOrigin>
    <languageOfCataloging>
      <languageTerm authority="iso639-2b" type="code">eng</languageTerm>
    </languageOfCataloging>
  <recordIdentifier source="Fedora">avalon:1229</recordIdentifier><recordIdentifier source="local">7846624</recordIdentifier></recordInfo>
  <classification authority="lcc">E98.Y68 D57 2016</classification>
<physicalDescription><internetMediaType>video/quicktime</internetMediaType></physicalDescription><location><url access="object in context"/></location></mods>