<?xml version="1.0" encoding="UTF-8"?><mods xmlns:xsi="http://www.w3.org/2001/XMLSchema-instance" xmlns="http://www.loc.gov/mods/v3" xsi:schemaLocation="http://www.loc.gov/mods/v3 http://www.loc.gov/standards/mods/v3/mods-3-4.xsd">
  <titleInfo usage="primary">
    <title>Programa Nosotros, 7 de noviembre de 2004, La pérgola de las flores por Francisco Flores del Campo</title>
  </titleInfo>
  <name type="personal" usage="primary">
    <namePart>Azocar, Medardo (Tio Lito)</namePart>
    <role>
      <roleTerm authority="marcrelator" type="code">cre</roleTerm>
      <roleTerm authority="marcrelator" type="text">Creator</roleTerm>
    </role>
  </name>
  <name type="personal">
    <namePart>Bustos, Jimmy</namePart>
    <role>
      <roleTerm authority="marcrelator" type="code">ctb</roleTerm>
      <roleTerm authority="marcrelator" type="text">Contributor</roleTerm>
    </role>
  </name>
  <genre authority="pbcore" valueURI="http://pbcore.org/vocabularies/pbcoreGenre%23variety">Variety</genre>
  <genre authority="pbcore" valueURI="http://pbcore.org/vocabularies/pbcoreGenre%23community">Community</genre>
  <originInfo>
    <dateIssued encoding="edtf">2004-11-14</dateIssued>
  </originInfo>
  <language>
    <languageTerm type="code">spa</languageTerm>
    <languageTerm type="text">Spanish</languageTerm>
  </language>
  
  
  <abstract>A look back at the Chilean independence celebrations in Edmonton. The folkloric group Alturas performs “La pérgola de las flores,” an operetta by Chilean composer Francisco Flores del Campo.</abstract>
  <subject>
    <topic>folk dance group--Alturas</topic>
  </subject>
  <subject>
    <topic>independence</topic>
  </subject>
  <subject>
    <topic>culture</topic>
  </subject>
  <subject>
    <topic>music concert</topic>
  </subject>
  <subject>
    <topic>dance</topic>
  </subject>
  <subject>
    <topic>del Campo, Francisco Flores</topic>
  </subject>
  <subject>
    <topic>politica</topic>
  </subject>
  <subject>
    <topic>socialismo</topic>
  </subject>
  <subject>
    <topic>documental</topic>
  </subject>
  <subject>
    <topic>“Chile: Los héroes están fatigados”</topic>
  </subject>
  <subject>
    <geographic>Chile</geographic>
  </subject>
  <subject>
    <geographic>Edmonton</geographic>
  </subject>
  
  <accessCondition type="use and reproduction">http://creativecommons.org/licenses/by/4.0/</accessCondition>
  <recordInfo>
    <recordOrigin>Avalon Media System</recordOrigin>
    <recordContentSource>IEN</recordContentSource>
    <recordCreationDate>20180703</recordCreationDate>
    <recordChangeDate>2018-07-03T13:34:40-06:00</recordChangeDate>
    
    <languageOfCataloging>
      <languageTerm authority="iso639-2b" type="code">eng</languageTerm>
    </languageOfCataloging>
    <recordIdentifier source="Fedora">avalon:13992</recordIdentifier>
  </recordInfo>
<physicalDescription><internetMediaType>video/quicktime</internetMediaType></physicalDescription><location><url access="object in context"/></location></mods>