<?xml version="1.0" encoding="UTF-8"?><mods xmlns:xsi="http://www.w3.org/2001/XMLSchema-instance" xmlns="http://www.loc.gov/mods/v3" xsi:schemaLocation="http://www.loc.gov/mods/v3 http://www.loc.gov/standards/mods/v3/mods-3-4.xsd">
  <titleInfo usage="primary">
    <title>Programa Nosotros. Music &amp; Dances from Mexico</title>
  </titleInfo>
  <name type="personal" usage="primary">
    <namePart>Contreras, Sergio</namePart>
    <role>
      <roleTerm authority="marcrelator" type="code">cre</roleTerm>
      <roleTerm authority="marcrelator" type="text">Creator</roleTerm>
    </role>
  </name>
  <name type="personal">
    <namePart>Calderon, Ariel</namePart>
    <role>
      <roleTerm authority="marcrelator" type="code">ctb</roleTerm>
      <roleTerm authority="marcrelator" type="text">Contributor</roleTerm>
    </role>
  </name>
  <genre>Variety</genre>
  <genre>Community</genre>
  <genre>Performance</genre>
  <genre>Interview</genre>
  <originInfo>
    <dateCreated encoding="edtf">1990-05-26</dateCreated>
    <dateIssued encoding="edtf">1990-05-27</dateIssued>
  </originInfo>
  <language>
    <languageTerm type="code">spa</languageTerm>
    <languageTerm type="text">Spanish</languageTerm>
  </language>
  
  
  <abstract>The episode begins with an interview by Mario Allende with the honourable Bernardo Vargas, the general secretary of the Exiled Chilean community, a member of the socialist party in Chile as well as an advocate for worker's rights. His interview discusses the politics of Chile, especially the leadership of Pinochet who transferred power in March 1990 to a democratic leader. The new leader in Chile, left him with many thoughts on military and government relations, military coups, democracy, and workers laws and their place in the government, such as minimum wage. He also speaks of his position as an exile of Chile and the lifestyle him and his wife have adapted to. After, there is a presentation of the first "festival folklorico de Victor Jara" with "Grupo Andino" and "Grupo Bagual" dancing to traditional chilean and argentinian music.</abstract>
  <subject>
    <topic>Pinochet; Chile; trabajadores chileanos; derechos humanos; salario minimo; golpe militar; socialismo; baile folkloríco; chiliean workers; humans rights; minimum wage; military coup; socialism; folk dance</topic>
  </subject>
  <subject>
    <geographic>Edmonton</geographic>
  </subject>
  <subject>
    <geographic>Alberta</geographic>
  </subject>
  <relatedItem type="original">
    <identifier type="local">programa-nosotros-33</identifier>
  </relatedItem>
  
  <accessCondition type="use and reproduction">http://creativecommons.org/licenses/by/4.0/</accessCondition>
  <recordInfo>
    <recordOrigin>Avalon Media System</recordOrigin>
    <recordContentSource>IEN</recordContentSource>
    <recordCreationDate>20160816</recordCreationDate>
    <recordChangeDate>2016-08-18T09:52:16-06:00</recordChangeDate>
    
    <languageOfCataloging>
      <languageTerm authority="iso639-2b" type="code">eng</languageTerm>
    </languageOfCataloging>
    <recordIdentifier source="Fedora">avalon:326</recordIdentifier>
  </recordInfo>
<physicalDescription><internetMediaType>video/quicktime</internetMediaType></physicalDescription><location><url access="object in context"/></location></mods>