<?xml version="1.0" encoding="UTF-8"?><mods xmlns:xsi="http://www.w3.org/2001/XMLSchema-instance" xmlns="http://www.loc.gov/mods/v3" xsi:schemaLocation="http://www.loc.gov/mods/v3 http://www.loc.gov/standards/mods/v3/mods-3-4.xsd">
  <titleInfo usage="primary">
    <title>Tragic Heroines - MMus Recital, Janice Marple, soprano</title>
  </titleInfo>
  <name type="personal" usage="primary">
    <namePart>Marple, Janice</namePart>
    <role>
      <roleTerm authority="marcrelator" type="code">cre</roleTerm>
      <roleTerm authority="marcrelator" type="text">Creator</roleTerm>
    </role>
  </name>
  <genre authority="pbcore" valueURI="http://pbcore.org/vocabularies/pbcoreGenre%23music">Music</genre>
  <originInfo>
    <dateIssued encoding="edtf">2011-09-17</dateIssued>
  </originInfo>
  <language>
    <languageTerm type="code">ita</languageTerm>
    <languageTerm type="text">Italian</languageTerm>
  </language>
  <language>
    <languageTerm type="code">fre</languageTerm>
    <languageTerm type="text">French</languageTerm>
  </language>
  <language>
    <languageTerm type="code">eng</languageTerm>
    <languageTerm type="text">English</languageTerm>
  </language>
  <language>
    <languageTerm type="code">ger</languageTerm>
    <languageTerm type="text">German</languageTerm>
  </language>
  <language>
    <languageTerm type="code">cze</languageTerm>
    <languageTerm type="text">Czech</languageTerm>
  </language>
  
  
  <accessCondition type="use and reproduction">This audiovisual content is being provided solely for educational use and research, pursuant to exceptions in the Canadian Copyright Act.  Further reproduction or distribution or other use may require additional permissions</accessCondition>
  <subject>
    <topic>Vocal music</topic>
  </subject>
  <subject>
    <geographic>Convocation Hall, University of Alberta</geographic>
  </subject>
  <recordInfo>
    <recordOrigin>Avalon Media System</recordOrigin>
    <recordContentSource>IEN</recordContentSource>
    <recordCreationDate>20180531</recordCreationDate>
    <recordChangeDate>2018-05-31T09:35:58-06:00</recordChangeDate>
    
    <languageOfCataloging>
      <languageTerm authority="iso639-2b" type="code">eng</languageTerm>
    </languageOfCataloging>
    <recordIdentifier source="Fedora">avalon:5087</recordIdentifier>
  </recordInfo>
  <tableOfContents>In quali eccessi, o Numi… Mi tradí quell'alma ingrata (from Don Giovanni) / W. A. Mozart (1756-1791) -- Tu che di gel sei cinta (from Turandot) / Giacomo Puccini (1858-1924) -- La mort d'Ophélie (from Tristia, Op. 18, No. 11) / Hector Berlioz (1803-1869) -- Try Me, Good King: The Last Words of the Wives of Henry VIII: 1. Katherine of Aragon; 2. Anne Boleyn; 3. Jane Seymour; 4. Anne of Cleves; 5. Katherine Howard / Libby Larsen (1950-) -- Mignon Lieder (from Wilhelm Meister, Op. 98A): 1. Kennst du das Land; 3. Nur wer die Sehnsucht kennt; 5. Heiss' mich nicht reden; 9. So lasst mich scheinen / Robert Schumann (1810-1856) - Drei Lieder der Ophelia (Op. 67): 1. Wie erkenn ich mein Treulieb vor andern nun?; 2. Guten Morgan, 's ist Sankt Valentinstag; 3. Sie trugen ihn auf der Bahre bloß / Richard Strauss (1864-1949) -- Měsíčku na nebi hlubokém (from Rusalka) / Antonín Dvořák (1841-1904) -- George / William Bolcom (1938-)</tableOfContents>
<physicalDescription><internetMediaType>video/mp4</internetMediaType></physicalDescription></mods>