<?xml version="1.0" encoding="UTF-8"?><mods xmlns:xsi="http://www.w3.org/2001/XMLSchema-instance" xmlns="http://www.loc.gov/mods/v3" xsi:schemaLocation="http://www.loc.gov/mods/v3 http://www.loc.gov/standards/mods/v3/mods-3-4.xsd">
  <titleInfo usage="primary">
    <title>Programa Nosotros, 15 de noviembre de 2009, Chile 1810-2010: La cultura nos une en nuestro bicentenario (parte 2)</title>
  </titleInfo>
  <name type="personal" usage="primary">
    <namePart>Azocar, Medardo (Tio Lito)</namePart>
    <role>
      <roleTerm authority="marcrelator" type="code">cre</roleTerm>
      <roleTerm authority="marcrelator" type="text">Creator</roleTerm>
    </role>
  </name>
  <genre authority="pbcore" valueURI="http://pbcore.org/vocabularies/pbcoreGenre%23variety">Variety</genre>
  <genre authority="pbcore" valueURI="http://pbcore.org/vocabularies/pbcoreGenre%23community">Community</genre>
  <originInfo>
    <dateIssued encoding="edtf">2009-11-22</dateIssued>
    <dateCreated encoding="edtf">2009-10-17</dateCreated>
  </originInfo>
  <language>
    <languageTerm type="code">spa</languageTerm>
    <languageTerm type="text">Spanish</languageTerm>
  </language>
  
  
  <abstract>The second part of the Chilean-Canadian community's bicentennial celebration of Chile’s independence. A series of music and dance performances are shown. The dances include Gabriel Cabrioleri performing the cueca, Aucamapu showcasing a series of central Chilean dances. The music performances include the band De Menor a Mayor, and two artists who traveled from Chile to perform, Cecilia Echenique and Eduardo Peralta. // Related episode: "Programa Nosotros, 1 de noviembre de 2009, Bicentenario de Chile (parte 1).</abstract>
  <subject>
    <topic>Chilean-Canadians</topic>
  </subject>
  <subject>
    <topic>music concert</topic>
  </subject>
  <subject>
    <topic>dance</topic>
  </subject>
  <subject>
    <topic>culture</topic>
  </subject>
  <subject>
    <topic>Aucamapu</topic>
  </subject>
  <subject>
    <topic>Acuña, Ricardo</topic>
  </subject>
  <subject>
    <topic>Cabrioleri, Gabriel</topic>
  </subject>
  <subject>
    <topic>Echenique, Cecilia</topic>
  </subject>
  <subject>
    <topic>Peralta, Eduardo</topic>
  </subject>
  <subject>
    <topic>salvadoreños en Canadá</topic>
  </subject>
  <subject>
    <topic>concierto musical</topic>
  </subject>
  <subject>
    <topic>cultura</topic>
  </subject>
  <subject>
    <topic>música folklórica</topic>
  </subject>
  <subject>
    <geographic>Chile</geographic>
  </subject>
  
  <accessCondition type="use and reproduction">http://creativecommons.org/licenses/by/4.0/</accessCondition>
  <recordInfo>
    <recordOrigin>Avalon Media System</recordOrigin>
    <recordContentSource>IEN</recordContentSource>
    <recordCreationDate>20180703</recordCreationDate>
    <recordChangeDate>2018-07-03T13:45:06-06:00</recordChangeDate>
    
    <languageOfCataloging>
      <languageTerm authority="iso639-2b" type="code">eng</languageTerm>
    </languageOfCataloging>
    <recordIdentifier source="Fedora">avalon:14020</recordIdentifier>
  </recordInfo>
<physicalDescription><internetMediaType>video/quicktime</internetMediaType></physicalDescription><location><url access="object in context"/></location></mods>