<?xml version="1.0" encoding="UTF-8"?><mods xmlns:xsi="http://www.w3.org/2001/XMLSchema-instance" xmlns="http://www.loc.gov/mods/v3" xsi:schemaLocation="http://www.loc.gov/mods/v3 http://www.loc.gov/standards/mods/v3/mods-3-4.xsd">
  <titleInfo usage="primary">
    <title>Programa Nosotros, 6 de diciembre de 2009, Huracán Ida</title>
  </titleInfo>
  <name type="personal" usage="primary">
    <namePart>Azocar, Medardo (Tio Lito)</namePart>
    <role>
      <roleTerm authority="marcrelator" type="code">cre</roleTerm>
      <roleTerm authority="marcrelator" type="text">Creator</roleTerm>
    </role>
  </name>
  <name type="personal">
    <namePart>Azocar, Medardo (Tio Lito)</namePart>
    <role>
      <roleTerm authority="marcrelator" type="code">ctb</roleTerm>
      <roleTerm authority="marcrelator" type="text">Contributor</roleTerm>
    </role>
  </name>
  <genre authority="pbcore" valueURI="http://pbcore.org/vocabularies/pbcoreGenre%23variety">Variety</genre>
  <genre authority="pbcore" valueURI="http://pbcore.org/vocabularies/pbcoreGenre%23community">Community</genre>
  <originInfo>
    <dateIssued encoding="edtf">2009-12-13</dateIssued>
  </originInfo>
  <language>
    <languageTerm type="code">spa</languageTerm>
    <languageTerm type="text">Spanish</languageTerm>
  </language>
  
  
  <abstract>A charity event in Edmonton to aid people in El Salvador impacted by the effects of Hurricane Ida. This episode features an interview with Dora Aldana, a representative from the Salvadoran government, who talks about how her visit and work in Canada has changed due to the emergency. Edwin Viscarra, Edmonton’s representative from Frente Farabundo Martí Liberación Nacional (FMLN), gives a speech. Two music performances are shown, including Papita del Barrio.</abstract>
  <subject>
    <topic>Hurricane Ida</topic>
  </subject>
  <subject>
    <topic>Salvadorean-Canadians</topic>
  </subject>
  <subject>
    <topic>Frente Farabundo Marti Liberacion Nacional</topic>
  </subject>
  <subject>
    <topic>FMLN</topic>
  </subject>
  <subject>
    <topic>politics</topic>
  </subject>
  <subject>
    <topic>culture</topic>
  </subject>
  <subject>
    <topic>music concert</topic>
  </subject>
  <subject>
    <topic>Aldana, Dora</topic>
  </subject>
  <subject>
    <topic>Viscara, Edwin</topic>
  </subject>
  <subject>
    <topic>del Barrio, Papita</topic>
  </subject>
  <subject>
    <topic>Eggen, David</topic>
  </subject>
  <subject>
    <topic>Alfaro, Ana</topic>
  </subject>
  <subject>
    <geographic>El Salvador</geographic>
  </subject>
  <relatedItem type="original">
    <identifier type="other">00270</identifier>
  </relatedItem>
  
  <accessCondition type="use and reproduction">http://creativecommons.org/licenses/by/4.0/</accessCondition>
  <recordInfo>
    <recordOrigin>Avalon Media System</recordOrigin>
    <recordContentSource>IEN</recordContentSource>
    <recordCreationDate>20180703</recordCreationDate>
    <recordChangeDate>2018-07-03T13:35:56-06:00</recordChangeDate>
    
    <languageOfCataloging>
      <languageTerm authority="iso639-2b" type="code">eng</languageTerm>
    </languageOfCataloging>
    <recordIdentifier source="Fedora">avalon:13996</recordIdentifier>
  </recordInfo>
<physicalDescription><internetMediaType>video/quicktime</internetMediaType></physicalDescription><location><url access="object in context"/></location></mods>