<?xml version="1.0" encoding="UTF-8"?><mods xmlns:xsi="http://www.w3.org/2001/XMLSchema-instance" xmlns="http://www.loc.gov/mods/v3" xsi:schemaLocation="http://www.loc.gov/mods/v3 http://www.loc.gov/standards/mods/v3/mods-3-4.xsd">
  <titleInfo usage="primary">
    <title>Programa Nosotros, 7 de diciembre de 2008, 27 Años de Programa Nosotros</title>
  </titleInfo>
  <name type="personal" usage="primary">
    <namePart>Amigas</namePart>
    <role>
      <roleTerm authority="marcrelator" type="code">cre</roleTerm>
      <roleTerm authority="marcrelator" type="text">Creator</roleTerm>
    </role>
  </name>
  <name type="personal">
    <namePart>Amigas</namePart>
    <role>
      <roleTerm authority="marcrelator" type="code">ctb</roleTerm>
      <roleTerm authority="marcrelator" type="text">Contributor</roleTerm>
    </role>
  </name>
  <genre authority="pbcore" valueURI="http://pbcore.org/vocabularies/pbcoreGenre%23variety">Variety</genre>
  <genre authority="pbcore" valueURI="http://pbcore.org/vocabularies/pbcoreGenre%23community">Community</genre>
  <originInfo>
    <dateIssued encoding="edtf">2008-12-12</dateIssued>
  </originInfo>
  <language>
    <languageTerm type="code">spa</languageTerm>
    <languageTerm type="text">Spanish</languageTerm>
  </language>
  
  
  <abstract>A celebration of Programa Nosotros' 27 years on air, hosted by Amigas. People give thanks to the Programa Nosotros team and members of the crew talk about their involvement in the show. The event also includes a concert of Andean music.</abstract>
  <subject>
    <topic>music concert</topic>
  </subject>
  <subject>
    <topic>folk music</topic>
  </subject>
  <subject>
    <topic>culture</topic>
  </subject>
  <subject>
    <topic>community broadcasting</topic>
  </subject>
  <subject>
    <topic>Shaw cable</topic>
  </subject>
  <subject>
    <topic>Azocar, Lito</topic>
  </subject>
  <subject>
    <topic>Reyes, Enrique</topic>
  </subject>
  <subject>
    <topic>comida</topic>
  </subject>
  <subject>
    <topic>cultura</topic>
  </subject>
  <subject>
    <topic>concierto musical</topic>
  </subject>
  <subject>
    <topic>Periódico Alternativa Latinoamericana</topic>
  </subject>
  <subject>
    <topic>Buscando América, programa de radio</topic>
  </subject>
  <subject>
    <topic>The Spanish School of Calgary Society</topic>
  </subject>
  <subject>
    <topic>Salvadorean Canadian Association of Calgary</topic>
  </subject>
  <subject>
    <topic>Expo Latino</topic>
  </subject>
  <subject>
    <geographic>Edmonton</geographic>
  </subject>
  <subject>
    <geographic>Andes</geographic>
  </subject>
  
  <accessCondition type="use and reproduction">http://creativecommons.org/licenses/by/4.0/</accessCondition>
  <recordInfo>
    <recordOrigin>Avalon Media System</recordOrigin>
    <recordContentSource>IEN</recordContentSource>
    <recordCreationDate>20180703</recordCreationDate>
    <recordChangeDate>2018-07-03T13:24:26-06:00</recordChangeDate>
    
    <languageOfCataloging>
      <languageTerm authority="iso639-2b" type="code">eng</languageTerm>
    </languageOfCataloging>
    <recordIdentifier source="Fedora">avalon:13944</recordIdentifier>
  </recordInfo>
<physicalDescription><internetMediaType>video/quicktime</internetMediaType></physicalDescription><location><url access="object in context"/></location></mods>