<?xml version="1.0" encoding="UTF-8"?><mods xmlns:xsi="http://www.w3.org/2001/XMLSchema-instance" xmlns="http://www.loc.gov/mods/v3" xsi:schemaLocation="http://www.loc.gov/mods/v3 http://www.loc.gov/standards/mods/v3/mods-3-4.xsd">
  <titleInfo usage="primary">
    <title>Programa Nosotros, 19 de marzo de 1996, The Artif Factory</title>
  </titleInfo>
  <name type="personal" usage="primary">
    <namePart>Olivares, Sergio</namePart>
    <role>
      <roleTerm authority="marcrelator" type="code">cre</roleTerm>
      <roleTerm authority="marcrelator" type="text">Creator</roleTerm>
    </role>
  </name>
  <name type="personal">
    <namePart>Azocar, Medardo (Tio Lito)</namePart>
    <role>
      <roleTerm authority="marcrelator" type="code">ctb</roleTerm>
      <roleTerm authority="marcrelator" type="text">Contributor</roleTerm>
    </role>
  </name>
  <name type="personal">
    <namePart>Chirino, Carol</namePart>
    <role>
      <roleTerm authority="marcrelator" type="code">ctb</roleTerm>
      <roleTerm authority="marcrelator" type="text">Contributor</roleTerm>
    </role>
  </name>
  <name type="personal">
    <namePart>Paiz, Rosina</namePart>
    <role>
      <roleTerm authority="marcrelator" type="code">ctb</roleTerm>
      <roleTerm authority="marcrelator" type="text">Contributor</roleTerm>
    </role>
  </name>
  <genre authority="pbcore" valueURI="http://pbcore.org/vocabularies/pbcoreGenre%23variety">Variety</genre>
  <genre authority="pbcore" valueURI="http://pbcore.org/vocabularies/pbcoreGenre%23community">Community</genre>
  <originInfo>
    <dateIssued encoding="edtf">1996-03-21</dateIssued>
    <dateCreated encoding="edtf">1996-03-17</dateCreated>
  </originInfo>
  <language>
    <languageTerm type="code">spa</languageTerm>
    <languageTerm type="text">Spanish</languageTerm>
  </language>
  
  
  <abstract>Rosina Paiz talks to workers at Artif, a furniture manufacturer in Edmonton, about what they make and how their factories operate. This episode features interviews with members of Artif's administration: Diana Nesdoly, marketing and customer service manager; Robert Comea, quality assurance manager and human resources; Gary Fitzmartin, the president and C.E.O. of Artif. Workers on the factory floor explain what they do.</abstract>
  <subject>
    <topic>labour relations</topic>
  </subject>
  <subject>
    <topic>community</topic>
  </subject>
  <subject>
    <topic>industry</topic>
  </subject>
  <subject>
    <topic>Artif</topic>
  </subject>
  <subject>
    <topic>Nesdoly, Diana</topic>
  </subject>
  <subject>
    <topic>Comea, Robert</topic>
  </subject>
  <subject>
    <topic>Fitzmartin, Gary</topic>
  </subject>
  <subject>
    <topic>danza folklórica</topic>
  </subject>
  <subject>
    <geographic>Edmonton</geographic>
  </subject>
  <relatedItem type="original">
    <identifier type="other">950720</identifier>
  </relatedItem>
  
  <accessCondition type="use and reproduction">http://creativecommons.org/licenses/by/4.0/</accessCondition>
  <recordInfo>
    <recordOrigin>Avalon Media System</recordOrigin>
    <recordContentSource>IEN</recordContentSource>
    <recordCreationDate>20180703</recordCreationDate>
    <recordChangeDate>2018-07-03T13:18:53-06:00</recordChangeDate>
    
    <languageOfCataloging>
      <languageTerm authority="iso639-2b" type="code">eng</languageTerm>
    </languageOfCataloging>
    <recordIdentifier source="Fedora">avalon:13912</recordIdentifier>
  </recordInfo>
<physicalDescription><internetMediaType>video/quicktime</internetMediaType></physicalDescription><location><url access="object in context"/></location></mods>