<?xml version="1.0" encoding="UTF-8"?><mods xmlns:xsi="http://www.w3.org/2001/XMLSchema-instance" xmlns="http://www.loc.gov/mods/v3" xsi:schemaLocation="http://www.loc.gov/mods/v3 http://www.loc.gov/standards/mods/v3/mods-3-4.xsd">
  <titleInfo usage="primary">
    <title>On the Shoulders of Giants</title>
  </titleInfo>
  <name type="personal" usage="primary">
    <namePart>Bailey and Soda Films</namePart>
    <role>
      <roleTerm authority="marcrelator" type="code">cre</roleTerm>
      <roleTerm authority="marcrelator" type="text">Creator</roleTerm>
    </role>
  </name>
  <genre authority="pbcore" valueURI="http://pbcore.org/vocabularies/pbcoreGenre%23documentary">Documentary</genre>
  <originInfo>
    
    
  <dateIssued encoding="edtf">2017-11</dateIssued></originInfo>
  <language>
    <languageTerm type="code">eng</languageTerm>
    <languageTerm type="text">English</languageTerm>
  </language>
  
  
  <abstract>On the Shoulders of Giants is a true Alberta story about three doctors from the prairies who worked tirelessly and selflessly to improve the conditions of health care and education in the province of Alberta by founding what is now the world renowned Division of Gastroenterology at the University of Alberta.

As told by the Division’s visionary founders, Dr. Richard Sherbaniuk, Dr. Ronald Wensel and Dr. Wilfred Weinstein, this meaningful story sheds light on the changing face of health care in Alberta.

This video is for educational and research purposes only. For public viewings contact Bailey and Soda Films - http://www.baileyandsoda.com/</abstract>
  <subject>
    <topic>Division of Gastroenterology</topic>
  </subject>
  <subject>
    <topic>Health care and education </topic>
  </subject>
  <subject>
    <topic>Oral history</topic>
  </subject>
  <subject>
    <topic>Alberta</topic>
  </subject>
  <relatedItem type="original">
    
  <physicalDescription><extent>1 online resource (62 min): sound, colour</extent></physicalDescription></relatedItem>
  
  
  <accessCondition type="use and reproduction">This video is for educational and research purposes only. For public viewings contact Bailey and Soda Films - http://www.baileyandsoda.com/</accessCondition>
  <recordInfo>
    <recordOrigin>Avalon Media System</recordOrigin>
    <recordContentSource>IEN</recordContentSource>
    <recordCreationDate>20180420</recordCreationDate>
    <recordChangeDate>2018-04-20T13:05:49-06:00</recordChangeDate>
    
    <languageOfCataloging>
      <languageTerm authority="iso639-2b" type="code">eng</languageTerm>
    </languageOfCataloging>
    <recordIdentifier source="Fedora">avalon:4429</recordIdentifier>
  </recordInfo>
<physicalDescription><internetMediaType>video/mp4</internetMediaType></physicalDescription><location><url access="object in context"/></location></mods>