<?xml version="1.0" encoding="UTF-8"?><mods xmlns:xsi="http://www.w3.org/2001/XMLSchema-instance" xmlns="http://www.loc.gov/mods/v3" xsi:schemaLocation="http://www.loc.gov/mods/v3 http://www.loc.gov/standards/mods/v3/mods-3-4.xsd">
  <titleInfo usage="primary">
    <title>Programa Nosotros. Latin American film Festival</title>
  </titleInfo>
  <name type="personal" usage="primary">
    <namePart>Contreras, Sergio</namePart>
    <role>
      <roleTerm authority="marcrelator" type="code">cre</roleTerm>
      <roleTerm authority="marcrelator" type="text">Creator</roleTerm>
    </role>
  </name>
  <name type="personal">
    <namePart>Contreras, Sergio</namePart>
    <role>
      <roleTerm authority="marcrelator" type="code">ctb</roleTerm>
      <roleTerm authority="marcrelator" type="text">Contributor</roleTerm>
    </role>
  </name>
  <genre>Variety</genre>
  <genre>Community</genre>
  <genre>Performance</genre>
  <genre>Interview</genre>
  <originInfo>
    <dateCreated encoding="edtf">1990-10-27</dateCreated>
    <dateIssued encoding="edtf">1991-01-13</dateIssued>
  </originInfo>
  <language>
    <languageTerm type="code">spa</languageTerm>
    <languageTerm type="text">Spanish</languageTerm>
  </language>
  
  
  <abstract>The first segment of the program is an interview with two Salvadorans in edmonton; Don Pablo Ayala and Alba; who are part of the Community Monseñor Romero. They talk about what their community does and their plans for the future; such as the creation of the Latin American sports federation. They also talk about their goal to unite all of their Latin American compatriots while at the same time including all Canadians as well. The second segment focuses on a documentary from 1982; "Americas en trancisión". This documentary has been nominated for various prestigious awards and was one of the movies showcased at the Latin American Film Festival in Edmonton. The documentary is in english and it focuses on various Latin American countries such es Chile; El Salvador; Guatemala; Nicaragua and Cuba. It shows the social and political crises that is present in these countries. It also talks about the role that the presence of the United States of America plays in this situation. The third and final segment is a showcase of a traditional dance of the region of Veracruz. This dance is performed by the Grupo Andino, a dance troupe from Veracruz. This performance was recorded at the 15th Latin American Festival organized by Lacer in Edmonton.</abstract>
  <subject>
    <topic>Don Pablo Ayala; Alba; Community Monseñor Romero; film; película; "Americas en trancisión"; Chile; El Salvador; Guatemala; Nicaragua; Cuba; Grupo Andino; Veracruz; dance; baile; 15th Latin American Festival; Festival Lacer; Edmonton</topic>
  </subject>
  <subject>
    <geographic>Edmonton</geographic>
  </subject>
  <subject>
    <geographic>Alberta</geographic>
  </subject>
  <relatedItem type="original">
    <identifier type="local">programa-nosotros-39</identifier>
  </relatedItem>
  
  <accessCondition type="use and reproduction">http://creativecommons.org/licenses/by/4.0/</accessCondition>
  <recordInfo>
    <recordOrigin>Avalon Media System</recordOrigin>
    <recordContentSource>IEN</recordContentSource>
    <recordCreationDate>20160816</recordCreationDate>
    <recordChangeDate>2016-08-18T09:51:57-06:00</recordChangeDate>
    
    <languageOfCataloging>
      <languageTerm authority="iso639-2b" type="code">eng</languageTerm>
    </languageOfCataloging>
    <recordIdentifier source="Fedora">avalon:338</recordIdentifier>
  </recordInfo>
<physicalDescription><internetMediaType>video/quicktime</internetMediaType></physicalDescription><location><url access="object in context"/></location></mods>