<?xml version="1.0" encoding="UTF-8"?><mods xmlns:xsi="http://www.w3.org/2001/XMLSchema-instance" xmlns="http://www.loc.gov/mods/v3" xsi:schemaLocation="http://www.loc.gov/mods/v3 http://www.loc.gov/standards/mods/v3/mods-3-4.xsd">
  <titleInfo usage="primary">
    <title>Music at Convocation Hall - Marnie Giesbrecht, organ</title>
  </titleInfo>
  <name type="personal" usage="primary">
    <namePart>Giesbrecht, Marnie</namePart>
    <role>
      <roleTerm authority="marcrelator" type="code">cre</roleTerm>
      <roleTerm authority="marcrelator" type="text">Creator</roleTerm>
    </role>
  </name>
  <name type="personal">
    <namePart>Cairns, Debra</namePart>
    <role>
      <roleTerm authority="marcrelator" type="code">ctb</roleTerm>
      <roleTerm authority="marcrelator" type="text">Contributor</roleTerm>
    </role>
  </name>
  <name type="personal">
    <namePart>Jones, Brian</namePart>
    <role>
      <roleTerm authority="marcrelator" type="code">ctb</roleTerm>
      <roleTerm authority="marcrelator" type="text">Contributor</roleTerm>
    </role>
  </name>
  <name type="personal">
    <namePart>Prochazka, Tanya</namePart>
    <role>
      <roleTerm authority="marcrelator" type="code">ctb</roleTerm>
      <roleTerm authority="marcrelator" type="text">Contributor</roleTerm>
    </role>
  </name>
  <name type="personal">
    <namePart>University of Alberta Concert Choir</namePart>
    <role>
      <roleTerm authority="marcrelator" type="code">ctb</roleTerm>
      <roleTerm authority="marcrelator" type="text">Contributor</roleTerm>
    </role>
  </name>
  <genre authority="pbcore" valueURI="http://pbcore.org/vocabularies/pbcoreGenre%23music">Music</genre>
  <originInfo>
    <dateIssued encoding="edtf">1998-11-28</dateIssued>
  </originInfo>
  <language>
    <languageTerm type="code">eng</languageTerm>
    <languageTerm type="text">English</languageTerm>
  </language>
  
  
  <accessCondition type="use and reproduction">This audiovisual content is being provided solely for educational use and research, pursuant to exceptions in the Canadian Copyright Act.  Further reproduction or distribution or other use may require additional permissions</accessCondition>
  <note type="venue">Performance location: Convocation Hall, University of Alberta</note>
  <note type="performers">Conductor: Cairns, Debra</note>
  <subject>
    <topic>Vocal music</topic>
  </subject>
  <subject>
    <topic>Instrumental music</topic>
  </subject>
  <subject>
    <topic>Organ music</topic>
  </subject>
  <recordInfo>
    <recordOrigin>Avalon Media System</recordOrigin>
    <recordContentSource>IEN</recordContentSource>
    <recordCreationDate>20180627</recordCreationDate>
    <recordChangeDate>2018-06-27T13:39:39-06:00</recordChangeDate>
    
    <languageOfCataloging>
      <languageTerm authority="iso639-2b" type="code">eng</languageTerm>
    </languageOfCataloging>
    <recordIdentifier source="Fedora">avalon:13118</recordIdentifier>
  </recordInfo>
<physicalDescription><internetMediaType>audio/x-wav</internetMediaType></physicalDescription></mods>