<?xml version="1.0" encoding="UTF-8"?><mods xmlns:xsi="http://www.w3.org/2001/XMLSchema-instance" xmlns="http://www.loc.gov/mods/v3" xsi:schemaLocation="http://www.loc.gov/mods/v3 http://www.loc.gov/standards/mods/v3/mods-3-4.xsd">
  <titleInfo usage="primary">
    <title>Saxophone Chamber Recital</title>
  </titleInfo>
  <name type="personal" usage="primary">
    <namePart>Meng Low, Chee</namePart>
    <role>
      <roleTerm authority="marcrelator" type="code">cre</roleTerm>
      <roleTerm authority="marcrelator" type="text">Creator</roleTerm>
    </role>
  </name>
  <genre authority="pbcore" valueURI="http://pbcore.org/vocabularies/pbcoreGenre%23music">Music</genre>
  <originInfo>
    <dateIssued encoding="edtf">2012-06-06</dateIssued>
  </originInfo>
  <language>
    <languageTerm type="code">zxx</languageTerm>
    <languageTerm type="text">No linguistic content</languageTerm>
  </language>
  
  
  <accessCondition type="use and reproduction">This audiovisual content is being provided solely for educational use and research, pursuant to exceptions in the Canadian Copyright Act.  Further reproduction or distribution or other use may require additional permissions</accessCondition>
  <subject>
    <topic>Instrumental music</topic>
  </subject>
  <subject>
    <geographic>Convocation Hall, University of Alberta</geographic>
  </subject>
  <recordInfo>
    <recordOrigin>Avalon Media System</recordOrigin>
    <recordContentSource>IEN</recordContentSource>
    <recordCreationDate>20180530</recordCreationDate>
    <recordChangeDate>2018-05-30T16:43:55-06:00</recordChangeDate>
    
    <languageOfCataloging>
      <languageTerm authority="iso639-2b" type="code">eng</languageTerm>
    </languageOfCataloging>
    <recordIdentifier source="Fedora">avalon:4946</recordIdentifier>
  </recordInfo>
  <tableOfContents>Racconto No.1, Op. 25 (featuring Jessica McMillan, flute; Matt Nickel, bassoon; Yukari Sasada, double bass) / Jørgeb Bentzon (1897-1951) -- Rhapsody and the Dance in Magreb 2 (featuring Raymond Baril, soprano saxophone; Sylvia Shadick-Taylor, piano) / Yasuhiro Kasamatsu (b. 1960) -- Massaï (featuring Justin Massey, alto saxophone) / Christian Lauba (b. 1952) -- Prix (featuring Megan Evans, horn; Sylvia Shadick-Taylor, piano): I. Merge; II. Comfort; III. Surge / Charles Stolte (b. 1969)</tableOfContents>
<physicalDescription><internetMediaType>video/mp4</internetMediaType></physicalDescription></mods>