<?xml version="1.0" encoding="UTF-8"?><mods xmlns:xsi="http://www.w3.org/2001/XMLSchema-instance" xmlns="http://www.loc.gov/mods/v3" xsi:schemaLocation="http://www.loc.gov/mods/v3 http://www.loc.gov/standards/mods/v3/mods-3-4.xsd">
  <titleInfo usage="primary">
    <title>Programa Nosotros [raw footage], marzo de 2004, Concierto de Los Guaraguao en Edmonton</title>
  </titleInfo>
  <name type="personal" usage="primary">
    <namePart>Sergio Olivares</namePart>
    <role>
      <roleTerm authority="marcrelator" type="code">cre</roleTerm>
      <roleTerm authority="marcrelator" type="text">Creator</roleTerm>
    </role>
  </name>
  <name type="personal">
    <namePart>Azocar, Medardo (Tio Lito)</namePart>
    <role>
      <roleTerm authority="marcrelator" type="code">ctb</roleTerm>
      <roleTerm authority="marcrelator" type="text">Contributor</roleTerm>
    </role>
  </name>
  <name type="personal">
    <namePart>German Vergara</namePart>
    <role>
      <roleTerm authority="marcrelator" type="code">ctb</roleTerm>
      <roleTerm authority="marcrelator" type="text">Contributor</roleTerm>
    </role>
  </name>
  <genre authority="pbcore" valueURI="http://pbcore.org/vocabularies/pbcoreGenre%23variety">Variety</genre>
  <genre authority="pbcore" valueURI="http://pbcore.org/vocabularies/pbcoreGenre%23community">Community</genre>
  <originInfo>
    <dateIssued encoding="edtf">2004-03-13</dateIssued>
    <dateCreated encoding="edtf">2004-03-13</dateCreated>
  </originInfo>
  <language>
    <languageTerm type="code">spa</languageTerm>
    <languageTerm type="text">Spanish</languageTerm>
  </language>
  
  
  <abstract>The Latin American Support Committee and the Edmonton Salvadorean Society host a concert in solidarity for victims of armed conflicts in El Salvador. Members of the Venezuelan quartet, Los Guaraguao, who headline the concert, are interviewed about their first visit to Edmonton. The concert features speeches from representatives of the Edmonton Salvadorean Society, the New Democratic Party, “Comunidad eclesial de base de El Salvador” (CEBES), the Chilean Cultural Society of Edmonton, “Comité de apoyo al pueblo Mapuche” (The Mapuche Support Committee), and “Frente Farabundo Marti para la liberacion nacional” (FMLN). // Related episode: Raw footage for "Programa Nosotros, [marzo de] 2004, Concierto de Los Guaraguao en Edmonton."</abstract>
  <note type="local">Sound issues during concert: mics cannot be heard at various points. Last 10 minutes of footage are from a separate cultural event and appear to be out of context with the rest of the tape. There are no credits: this is mostly unedited footage.</note>
  <subject>
    <topic>Los Guaraguao</topic>
  </subject>
  <subject>
    <topic>protest music</topic>
  </subject>
  <subject>
    <topic>música de protesta, Venezuela</topic>
  </subject>
  <subject>
    <topic>Luís Suarez</topic>
  </subject>
  <subject>
    <topic>Jesús Cordero</topic>
  </subject>
  <subject>
    <topic>Eduardo Martínez</topic>
  </subject>
  <subject>
    <topic>José Guerra</topic>
  </subject>
  <subject>
    <topic>David Eggen</topic>
  </subject>
  <subject>
    <topic>Malcolm Azania</topic>
  </subject>
  <subject>
    <topic>David Eggen (NDP)</topic>
  </subject>
  <subject>
    <topic>Malcolm Azania (NDP)</topic>
  </subject>
  <subject>
    <topic>New Democratic Party</topic>
  </subject>
  <subject>
    <topic>Edmonton politics</topic>
  </subject>
  <subject>
    <topic>CEBES</topic>
  </subject>
  <subject>
    <topic>FMLN</topic>
  </subject>
  <subject>
    <topic>Latin American society in Canada\</topic>
  </subject>
  <subject>
    <topic>Latin American diaspora</topic>
  </subject>
  <subject>
    <topic>Comunidad Chilena en Edmonton</topic>
  </subject>
  <subject>
    <topic>dictadura militar de Chile, Pinochet</topic>
  </subject>
  <subject>
    <topic>chilenos en Canadá</topic>
  </subject>
  <subject>
    <topic>programas comunitarios</topic>
  </subject>
  <subject>
    <topic>Grupo Víctor Jara</topic>
  </subject>
  <subject>
    <topic>Cachimbo, danza</topic>
  </subject>
  <subject>
    <topic>Cueca, danza</topic>
  </subject>
  <subject>
    <topic>hijos de exiliados chilenos</topic>
  </subject>
  <subject>
    <topic>comunidad salvadoreña en Canadá</topic>
  </subject>
  <subject>
    <topic>FMLN</topic>
  </subject>
  <subject>
    <topic>comunidad latina en Canadá</topic>
  </subject>
  <subject>
    <geographic>Venezuela</geographic>
  </subject>
  <subject>
    <geographic>El Salvador</geographic>
  </subject>
  <relatedItem type="original">
    <identifier type="other">950709</identifier>
  </relatedItem>
  
  <accessCondition type="use and reproduction">http://creativecommons.org/licenses/by/4.0/</accessCondition>
  <recordInfo>
    <recordOrigin>Avalon Media System</recordOrigin>
    <recordContentSource>IEN</recordContentSource>
    <recordCreationDate>20180703</recordCreationDate>
    <recordChangeDate>2018-07-03T13:05:04-06:00</recordChangeDate>
    
    <languageOfCataloging>
      <languageTerm authority="iso639-2b" type="code">eng</languageTerm>
    </languageOfCataloging>
    <recordIdentifier source="Fedora">avalon:13850</recordIdentifier>
  </recordInfo>
<physicalDescription><internetMediaType>video/quicktime</internetMediaType></physicalDescription><location><url access="object in context"/></location></mods>