<?xml version="1.0" encoding="UTF-8"?><mods xmlns:xsi="http://www.w3.org/2001/XMLSchema-instance" xmlns="http://www.loc.gov/mods/v3" xsi:schemaLocation="http://www.loc.gov/mods/v3 http://www.loc.gov/standards/mods/v3/mods-3-4.xsd">
  <titleInfo usage="primary">
    <title>Programa Nosotros.</title>
  </titleInfo>
  <name type="personal" usage="primary">
    <namePart>Mario Allende</namePart>
    <role>
      <roleTerm authority="marcrelator" type="code">cre</roleTerm>
      <roleTerm authority="marcrelator" type="text">Creator</roleTerm>
    </role>
  </name>
  <name type="personal">
    <namePart>Azocar, Lito</namePart>
    <role>
      <roleTerm authority="marcrelator" type="code">ctb</roleTerm>
      <roleTerm authority="marcrelator" type="text">Contributor</roleTerm>
    </role>
  </name>
  <genre authority="pbcore" valueURI="http://pbcore.org/vocabularies/pbcoreGenre%23variety">Variety</genre>
  <genre authority="pbcore" valueURI="http://pbcore.org/vocabularies/pbcoreGenre%23community">Community</genre>
  <genre authority="pbcore" valueURI="http://pbcore.org/vocabularies/pbcoreGenre%23performance">Performance</genre>
  <originInfo>
    
    
  <dateIssued encoding="edtf">{1993-02-21, 1993-02-28}</dateIssued><dateCreated encoding="edtf">1993-02-24</dateCreated></originInfo>
  <language>
    <languageTerm type="code">spa</languageTerm>
    <languageTerm type="text">Spanish</languageTerm>
  </language>
  
  
  <abstract>Continuation of a series. A conference in Vancouver with the consulate General of Peru Jaime Pomerada on promoting Latin-American culture, and the difficulties of living far from one’s home and culture. A feature on AIDS and its prevention with Dr. Abraham Peliowski, including an small movie in English dealing with AIDS stereotypes and protection. Sports news. Apache music.</abstract>
  <subject>
    <topic>Consul General de Peru; Consulate General of Peru; Vancouver; Jaime Pomerada; SISA; AIDS; Planned Parenthood; Abraham Peliowski; deportes; sports; fútbol; soccer; Apache</topic>
  </subject>
  <subject>
    <geographic>Edmonton</geographic>
  </subject>
  <subject>
    <geographic>Alberta</geographic>
  </subject>
  <relatedItem type="original">
    
  <identifier type="local">programa-nosotros-64</identifier></relatedItem>
  
  <accessCondition type="use and reproduction">http://creativecommons.org/licenses/by/4.0/</accessCondition>
  <recordInfo>
    <recordOrigin>Avalon Media System</recordOrigin>
    <recordContentSource>IEN</recordContentSource>
    <recordCreationDate>20160816</recordCreationDate>
    <recordChangeDate>2017-05-17T09:29:19-06:00</recordChangeDate>
    
    <languageOfCataloging>
      <languageTerm authority="iso639-2b" type="code">eng</languageTerm>
    </languageOfCataloging>
    <recordIdentifier source="Fedora">avalon:388</recordIdentifier>
  </recordInfo>
<physicalDescription><internetMediaType>video/quicktime</internetMediaType></physicalDescription><location><url access="object in context"/></location></mods>