<?xml version="1.0" encoding="UTF-8"?><mods xmlns:xsi="http://www.w3.org/2001/XMLSchema-instance" xmlns="http://www.loc.gov/mods/v3" xsi:schemaLocation="http://www.loc.gov/mods/v3 http://www.loc.gov/standards/mods/v3/mods-3-4.xsd">
  <titleInfo usage="primary">
    <title>Programa Nosotros. Amparito Olloa</title>
  </titleInfo>
  <name type="personal" usage="primary">
    <namePart>Unknown</namePart>
    <role>
      <roleTerm authority="marcrelator" type="code">cre</roleTerm>
      <roleTerm authority="marcrelator" type="text">Creator</roleTerm>
    </role>
  </name>
  <genre>Variety</genre>
  <genre>Community</genre>
  <genre>Performance</genre>
  <originInfo>
    <dateCreated encoding="edtf">1991-09-01</dateCreated>
    <dateIssued encoding="edtf">1991~</dateIssued>
  </originInfo>
  <language>
    <languageTerm type="code">spa</languageTerm>
    <languageTerm type="text">Spanish</languageTerm>
  </language>
  
  
  <abstract>This is the 1st half of a concert by Amparito Olloa and her band. She sings songs about various parts of Mexican culture such as Malinche, infant mortality and Mexican immigants in the United States. She emphasizes the importance of keeping Mexican culture alive and shares stories about each song.</abstract>
  <subject>
    <topic>Amparito Olloa; Mexico; traditional culture; new song; Malinche; infant mortality; immigration; United States; 
Amparito Olloa; México; la cultura tradicional; la nueva canción; mortalidad infantil; inmigracón; Estados Unidos</topic>
  </subject>
  <subject>
    <geographic>Edmonton</geographic>
  </subject>
  <subject>
    <geographic>Alberta</geographic>
  </subject>
  <relatedItem type="original">
    <identifier type="local">programa-nosotros-44</identifier>
  </relatedItem>
  
  <accessCondition type="use and reproduction">http://creativecommons.org/licenses/by/4.0/</accessCondition>
  <recordInfo>
    <recordOrigin>Avalon Media System</recordOrigin>
    <recordContentSource>IEN</recordContentSource>
    <recordCreationDate>20160816</recordCreationDate>
    <recordChangeDate>2016-08-18T09:49:41-06:00</recordChangeDate>
    
    <languageOfCataloging>
      <languageTerm authority="iso639-2b" type="code">eng</languageTerm>
    </languageOfCataloging>
    <recordIdentifier source="Fedora">avalon:348</recordIdentifier>
  </recordInfo>
<physicalDescription><internetMediaType>video/quicktime</internetMediaType></physicalDescription><location><url access="object in context"/></location></mods>