<?xml version="1.0" encoding="UTF-8"?><mods xmlns:xsi="http://www.w3.org/2001/XMLSchema-instance" xmlns="http://www.loc.gov/mods/v3" xsi:schemaLocation="http://www.loc.gov/mods/v3 http://www.loc.gov/standards/mods/v3/mods-3-4.xsd">
  <titleInfo usage="primary">
    <title>Programa Nosotros, 1982, Asociación Ecuatoriana en Edmonton</title>
  </titleInfo>
  <name type="personal" usage="primary">
    <namePart>Trautman, Dave</namePart>
    <role>
      <roleTerm authority="marcrelator" type="code">cre</roleTerm>
      <roleTerm authority="marcrelator" type="text">Creator</roleTerm>
    </role>
  </name>
  <name type="personal">
    <namePart>Star, Red</namePart>
    <role>
      <roleTerm authority="marcrelator" type="code">ctb</roleTerm>
      <roleTerm authority="marcrelator" type="text">Contributor</roleTerm>
    </role>
  </name>
  <name type="personal">
    <namePart>Maciel, Miguel</namePart>
    <role>
      <roleTerm authority="marcrelator" type="code">ctb</roleTerm>
      <roleTerm authority="marcrelator" type="text">Contributor</roleTerm>
    </role>
  </name>
  <genre authority="pbcore" valueURI="http://pbcore.org/vocabularies/pbcoreGenre%23variety">Variety</genre>
  <genre authority="pbcore" valueURI="http://pbcore.org/vocabularies/pbcoreGenre%23community">Community</genre>
  <originInfo>
    <dateIssued encoding="edtf">1982</dateIssued>
    <dateCreated encoding="edtf">1982</dateCreated>
  </originInfo>
  <language>
    <languageTerm type="code">spa</languageTerm>
    <languageTerm type="text">Spanish</languageTerm>
  </language>
  
  
  <abstract>The Ecuadorian Association in Edmonton presents a series of traditional dances and discuss the details of their traditional costumes. Dora Blanco, representative of the Ecuadorian Association, discusses how the Equadorian centre was found in Edmonton and its activities, as well as Ecuador’s natural characteristics and artistic traditions. Hugo Ruiz discusses different Latin American soccer clubs. Dancers: Patricia Sillen, Mariela Rifo, Carlos Arenas, Luis Acosta, Ruth Acosta, Rosario Aviles, Edison Tunja, Eugenia Acosta, Sammy Ruiz, Sonia Ruiz, Delia Acosta, Alberto Ruiz</abstract>
  <subject>
    <topic>Ecuadorian folk dance</topic>
  </subject>
  <subject>
    <topic>Ecuadorian traditional dress</topic>
  </subject>
  <subject>
    <topic>Edmonton Ecuadorian Centre</topic>
  </subject>
  <subject>
    <topic>folk dance--Ecuador</topic>
  </subject>
  <subject>
    <topic>traditional clothing and dress--Ecuador</topic>
  </subject>
  <subject>
    <topic>geography--Ecuador</topic>
  </subject>
  <subject>
    <topic>traditional arts and crafts--Ecuador</topic>
  </subject>
  <subject>
    <topic>population--Ecuador</topic>
  </subject>
  <subject>
    <topic>Ecuadorian-Canadians</topic>
  </subject>
  <subject>
    <topic>dance--El Montuvio</topic>
  </subject>
  <subject>
    <topic>sports club--Río Amazonas</topic>
  </subject>
  <subject>
    <topic>Ruiz, Hugo</topic>
  </subject>
  <subject>
    <topic>Blanco, Dora</topic>
  </subject>
  <subject>
    <topic>educación</topic>
  </subject>
  <subject>
    <topic>concierto musical</topic>
  </subject>
  <subject>
    <topic>bailes</topic>
  </subject>
  <subject>
    <geographic>Ecuador</geographic>
  </subject>
  <relatedItem type="original">
    <identifier type="other">960474</identifier>
  </relatedItem>
  
  <accessCondition type="use and reproduction">http://creativecommons.org/licenses/by/4.0/</accessCondition>
  <recordInfo>
    <recordOrigin>Avalon Media System</recordOrigin>
    <recordContentSource>IEN</recordContentSource>
    <recordCreationDate>20180703</recordCreationDate>
    <recordChangeDate>2018-07-03T13:47:49-06:00</recordChangeDate>
    
    <languageOfCataloging>
      <languageTerm authority="iso639-2b" type="code">eng</languageTerm>
    </languageOfCataloging>
    <recordIdentifier source="Fedora">avalon:14029</recordIdentifier>
  </recordInfo>
<physicalDescription><internetMediaType>video/quicktime</internetMediaType></physicalDescription><location><url access="object in context"/></location></mods>