<?xml version="1.0" encoding="UTF-8"?><mods xmlns:xsi="http://www.w3.org/2001/XMLSchema-instance" xmlns="http://www.loc.gov/mods/v3" xsi:schemaLocation="http://www.loc.gov/mods/v3 http://www.loc.gov/standards/mods/v3/mods-3-4.xsd">
  <titleInfo usage="primary">
    <title>Programa Nosotros, 17 de octubre de 1994, Made in Argentina and Commemorating 20 Years Since the Chilean Dictatorship</title>
  </titleInfo>
  <name type="personal" usage="primary">
    <namePart>Olivares, Sergio</namePart>
    <role>
      <roleTerm authority="marcrelator" type="code">cre</roleTerm>
      <roleTerm authority="marcrelator" type="text">Creator</roleTerm>
    </role>
  </name>
  <name type="personal">
    <namePart>Azocar, Medardo (Tio Lito)</namePart>
    <role>
      <roleTerm authority="marcrelator" type="code">ctb</roleTerm>
      <roleTerm authority="marcrelator" type="text">Contributor</roleTerm>
    </role>
  </name>
  <name type="personal">
    <namePart>Paiz, Rosina</namePart>
    <role>
      <roleTerm authority="marcrelator" type="code">ctb</roleTerm>
      <roleTerm authority="marcrelator" type="text">Contributor</roleTerm>
    </role>
  </name>
  <name type="personal">
    <namePart>Morales, Patricia</namePart>
    <role>
      <roleTerm authority="marcrelator" type="code">ctb</roleTerm>
      <roleTerm authority="marcrelator" type="text">Contributor</roleTerm>
    </role>
  </name>
  <genre authority="pbcore" valueURI="http://pbcore.org/vocabularies/pbcoreGenre%23variety">Variety</genre>
  <genre authority="pbcore" valueURI="http://pbcore.org/vocabularies/pbcoreGenre%23community">Community</genre>
  <originInfo>
    <dateIssued encoding="edtf">1994-10-17</dateIssued>
    <dateCreated encoding="edtf">1994-09-11</dateCreated>
  </originInfo>
  <language>
    <languageTerm type="code">spa</languageTerm>
    <languageTerm type="text">Spanish</languageTerm>
  </language>
  
  
  <abstract>In the first episode of Nosotros, clips from an Argentinian stage play that was performed at the Edmonton Fringe festival are shown. The members of the theatre group are interviewed about why they traveled from Argentina to perform in Edmonton and about their impressions of the city. In another series of interviews, Mario Allende speaks with Chileans living in Edmonton about their lives in Chile before they moved to Canada and whether or not they wish to return to Chile. In addition, Juan Reimber makes a speech commemorating 20 years since the begining of the military dictatorship in Chile. The episode ends with a performance of the cueca.</abstract>
  <subject>
    <topic>Chilean-Canadians</topic>
  </subject>
  <subject>
    <topic>culture</topic>
  </subject>
  <subject>
    <topic>Fringe</topic>
  </subject>
  <subject>
    <topic>dictatorship</topic>
  </subject>
  <subject>
    <topic>Reimber, Juan</topic>
  </subject>
  <subject>
    <topic>Donovan, Natali</topic>
  </subject>
  <subject>
    <topic>Gomez, Milton</topic>
  </subject>
  <subject>
    <topic>nueva canción</topic>
  </subject>
  <subject>
    <topic>cultura</topic>
  </subject>
  <subject>
    <topic>concierto musical</topic>
  </subject>
  <subject>
    <topic>bailes</topic>
  </subject>
  <subject>
    <topic>poesía</topic>
  </subject>
  <subject>
    <topic>Chilean Canadians</topic>
  </subject>
  <subject>
    <topic>chilenos en Canadá</topic>
  </subject>
  <subject>
    <topic>musica folklórica, Chile</topic>
  </subject>
  <subject>
    <topic>Royal Alberta Museum</topic>
  </subject>
  <subject>
    <geographic>Argentina</geographic>
  </subject>
  <subject>
    <geographic>Chile</geographic>
  </subject>
  <subject>
    <geographic>Edmonton</geographic>
  </subject>
  
  <accessCondition type="use and reproduction">http://creativecommons.org/licenses/by/4.0/</accessCondition>
  <recordInfo>
    <recordOrigin>Avalon Media System</recordOrigin>
    <recordContentSource>IEN</recordContentSource>
    <recordCreationDate>20180703</recordCreationDate>
    <recordChangeDate>2018-07-03T13:31:21-06:00</recordChangeDate>
    
    <languageOfCataloging>
      <languageTerm authority="iso639-2b" type="code">eng</languageTerm>
    </languageOfCataloging>
    <recordIdentifier source="Fedora">avalon:13978</recordIdentifier>
  </recordInfo>
<physicalDescription><internetMediaType>video/quicktime</internetMediaType></physicalDescription><location><url access="object in context"/></location></mods>