<?xml version="1.0" encoding="UTF-8"?><mods xmlns:xsi="http://www.w3.org/2001/XMLSchema-instance" xmlns="http://www.loc.gov/mods/v3" xsi:schemaLocation="http://www.loc.gov/mods/v3 http://www.loc.gov/standards/mods/v3/mods-3-4.xsd">
  <titleInfo usage="primary">
    <title>Programa Nosotros, 11 de marzo de 2007, Ensayos para Homenaje a Violeta Parra</title>
  </titleInfo>
  <name type="personal" usage="primary">
    <namePart>Vásquez, David</namePart>
    <role>
      <roleTerm authority="marcrelator" type="code">cre</roleTerm>
      <roleTerm authority="marcrelator" type="text">Creator</roleTerm>
    </role>
  </name>
  <name type="personal">
    <namePart>Vásquez, David</namePart>
    <role>
      <roleTerm authority="marcrelator" type="code">ctb</roleTerm>
      <roleTerm authority="marcrelator" type="text">Contributor</roleTerm>
    </role>
  </name>
  <genre authority="pbcore" valueURI="http://pbcore.org/vocabularies/pbcoreGenre%23variety">Variety</genre>
  <genre authority="pbcore" valueURI="http://pbcore.org/vocabularies/pbcoreGenre%23community">Community</genre>
  <originInfo>
    <dateIssued encoding="edtf">2007-03-18</dateIssued>
  </originInfo>
  <language>
    <languageTerm type="code">spa</languageTerm>
    <languageTerm type="text">Spanish</languageTerm>
  </language>
  
  
  <abstract>David Vasquez interviews Sergio Gaggero, director of Latin Elements, a show put on by Gabriela Mistral Latin American school to raise funds for the school and to show off the talents of its students and staff. Sergio talks about the second production of Latin Elements and paying homage to Violeta Parra and her cultural legacy in a show entitled “Violeta Legendaria.” Students participating in the event are shown rehearsing their music performances. The episode ends with an informational video produced by the government of Chile about its new health reform policies and footage of Los Galos live in concert.</abstract>
  <subject>
    <topic>Gabriela Mistral Latin American School</topic>
  </subject>
  <subject>
    <topic>education</topic>
  </subject>
  <subject>
    <topic>public health--Chile</topic>
  </subject>
  <subject>
    <topic>music concert</topic>
  </subject>
  <subject>
    <topic>Parra, Violeta</topic>
  </subject>
  <subject>
    <topic>Casa de la memoria</topic>
  </subject>
  <subject>
    <topic>concierto musical</topic>
  </subject>
  <subject>
    <topic>la crisis argentina</topic>
  </subject>
  <subject>
    <topic>politica</topic>
  </subject>
  <subject>
    <topic>educación</topic>
  </subject>
  <subject>
    <topic>música folklórica</topic>
  </subject>
  <subject>
    <topic>Escuela Latinoamericana Gabriela Mistral</topic>
  </subject>
  <subject>
    <geographic>Chile</geographic>
  </subject>
  <subject>
    <geographic>Edmonton</geographic>
  </subject>
  <relatedItem type="original">
    <identifier type="other">960376</identifier>
  </relatedItem>
  
  <accessCondition type="use and reproduction">http://creativecommons.org/licenses/by/4.0/</accessCondition>
  <recordInfo>
    <recordOrigin>Avalon Media System</recordOrigin>
    <recordContentSource>IEN</recordContentSource>
    <recordCreationDate>20180703</recordCreationDate>
    <recordChangeDate>2018-07-03T13:21:56-06:00</recordChangeDate>
    
    <languageOfCataloging>
      <languageTerm authority="iso639-2b" type="code">eng</languageTerm>
    </languageOfCataloging>
    <recordIdentifier source="Fedora">avalon:13930</recordIdentifier>
  </recordInfo>
<physicalDescription><internetMediaType>video/quicktime</internetMediaType></physicalDescription><location><url access="object in context"/></location></mods>