<?xml version="1.0" encoding="UTF-8"?><mods xmlns:xsi="http://www.w3.org/2001/XMLSchema-instance" xmlns="http://www.loc.gov/mods/v3" xsi:schemaLocation="http://www.loc.gov/mods/v3 http://www.loc.gov/standards/mods/v3/mods-3-4.xsd">
  <titleInfo usage="primary">
    <title>Reporting on Indigenous Stories</title>
  </titleInfo>
  <name type="personal" usage="primary">
    <namePart>McCue, Duncan</namePart>
    <role>
      <roleTerm authority="marcrelator" type="code">cre</roleTerm>
      <roleTerm authority="marcrelator" type="text">Creator</roleTerm>
    </role>
  </name>
  <genre authority="pbcore" valueURI="http://pbcore.org/vocabularies/pbcoreGenre%23community">Community</genre>
  <originInfo>
    <dateIssued encoding="edtf">2017</dateIssued>
  </originInfo>
  <language>
    <languageTerm type="code">eng</languageTerm>
    <languageTerm type="text">English</languageTerm>
  </language>
  
  
  <abstract>Award-winning journalist Duncan McCue of CBC Radio's Cross Country Checkup and CBC The National shares tips and insights from his online guide www.riic.ca, which delves into best-practices of reporting in Indigenous communities. This talk will be helpful to all writers and editors working to increase and improve Indigenous content in their publications.</abstract>
  <subject>
    <topic>Reporting</topic>
  </subject>
  <subject>
    <topic>Journalism</topic>
  </subject>
  <subject>
    <topic>CBC</topic>
  </subject>
  <subject>
    <topic>Indigenous</topic>
  </subject>
  <subject>
    <topic>Guidelines</topic>
  </subject>
  <subject>
    <topic>Community</topic>
  </subject>
  <subject>
    <topic>Relationship Building</topic>
  </subject>
  
  <accessCondition type="use and reproduction">http://creativecommons.org/licenses/by-nc-nd/4.0/</accessCondition>
  <recordInfo>
    <recordOrigin>Avalon Media System</recordOrigin>
    <recordContentSource>IEN</recordContentSource>
    <recordCreationDate>20180309</recordCreationDate>
    <recordChangeDate>2018-03-23T15:09:18-06:00</recordChangeDate>
    
    <languageOfCataloging>
      <languageTerm authority="iso639-2b" type="code">eng</languageTerm>
    </languageOfCataloging>
    <recordIdentifier source="Fedora">avalon:4273</recordIdentifier>
  </recordInfo>
<physicalDescription><internetMediaType>video/mp4</internetMediaType></physicalDescription><location><url access="object in context"/></location></mods>