<?xml version="1.0" encoding="UTF-8"?><mods xmlns:xsi="http://www.w3.org/2001/XMLSchema-instance" xmlns="http://www.loc.gov/mods/v3" xsi:schemaLocation="http://www.loc.gov/mods/v3 http://www.loc.gov/standards/mods/v3/mods-3-4.xsd">
  <titleInfo usage="primary">
    <title>Sketches of Terezín Viktor Ullmann's Seventh Piano Sonata - MMus Lecture Recital</title>
  </titleInfo>
  <name type="personal" usage="primary">
    <namePart>Debenham, Jory</namePart>
    <role>
      <roleTerm authority="marcrelator" type="code">cre</roleTerm>
      <roleTerm authority="marcrelator" type="text">Creator</roleTerm>
    </role>
  </name>
  <genre authority="pbcore" valueURI="http://pbcore.org/vocabularies/pbcoreGenre%23music">Music</genre>
  <originInfo>
    <dateIssued encoding="edtf">2011-05-19</dateIssued>
  </originInfo>
  <language>
    <languageTerm type="code">eng</languageTerm>
    <languageTerm type="text">English</languageTerm>
  </language>
  
  
  <accessCondition type="use and reproduction">This audiovisual content is being provided solely for educational use and research, pursuant to exceptions in the Canadian Copyright Act.  Further reproduction or distribution or other use may require additional permissions</accessCondition>
  <subject>
    <topic>Instrumental music</topic>
  </subject>
  <subject>
    <topic>Piano music</topic>
  </subject>
  <subject>
    <geographic>Convocation Hall, University of Alberta</geographic>
  </subject>
  <recordInfo>
    <recordOrigin>Avalon Media System</recordOrigin>
    <recordContentSource>IEN</recordContentSource>
    <recordCreationDate>20180531</recordCreationDate>
    <recordChangeDate>2018-05-31T09:33:47-06:00</recordChangeDate>
    
    <languageOfCataloging>
      <languageTerm authority="iso639-2b" type="code">eng</languageTerm>
    </languageOfCataloging>
    <recordIdentifier source="Fedora">avalon:5078</recordIdentifier>
  </recordInfo>
  <tableOfContents>Lecture: Sketches of Terezín - Viktor Ullmann's Seventh Piano Sonata -- Recital: Sonata No. 7: I. Allegro Gemachliche; II. Alla Marcia; III. Adagio; IV. Scherzo, Allegretto Grazioso, Trio, Scherzo; V. Thema, Variationen und Fugue Über Ein Hebräisches Volkslied / Viktor Ullmann</tableOfContents>
<physicalDescription><internetMediaType>video/mp4</internetMediaType></physicalDescription></mods>