<?xml version="1.0" encoding="UTF-8"?><mods xmlns:xsi="http://www.w3.org/2001/XMLSchema-instance" xmlns="http://www.loc.gov/mods/v3" xsi:schemaLocation="http://www.loc.gov/mods/v3 http://www.loc.gov/standards/mods/v3/mods-3-4.xsd">
  <titleInfo usage="primary">
    <title>Social Technology -- Using Theories of Psychosocial Development to Better Offer Technology Services to Children</title>
  </titleInfo>
  <name type="personal" usage="primary">
    <namePart>Ecclestone, Atlas</namePart>
    <role>
      <roleTerm authority="marcrelator" type="code">cre</roleTerm>
      <roleTerm authority="marcrelator" type="text">Creator</roleTerm>
    </role>
  </name>
  <genre authority="pbcore" valueURI="http://pbcore.org/vocabularies/pbcoreGenre%23educational">Educational</genre>
  <originInfo>
    <dateIssued encoding="edtf">2018</dateIssued>
  </originInfo>
  <language>
    <languageTerm type="code">eng</languageTerm>
    <languageTerm type="text">English</languageTerm>
  </language>
  
  
  <abstract>The exponential growth of technology, and our society’s subsequent reliance on this technology, has left many concerned about the negative repercussions on the social development of children raised in a society so engrossed with technology. Yet computer literacy continues to be an important skill set. It is important for modern library staff to have a working knowledge of this conflict when offering programs and services to patrons in early childhood.This literature review explores and evaluates the interdisciplinary use of the Eriksonian model of psychosocial development in determining the responsible and effective use of technology in early childhood. Though the Eriksonian model of psychosocial development is comprised of eight stages (from infancy to death), this literature review is only concerned with research pertaining to the first four stages (infancy to age 12).</abstract>
  <subject>
    <topic>Psychosocial development theory</topic>
  </subject>
  <subject>
    <topic>Digital literacy</topic>
  </subject>
  <subject>
    <topic>Library services to children</topic>
  </subject>
  
  <accessCondition type="use and reproduction">http://creativecommons.org/licenses/by-nc-sa/4.0/</accessCondition>
  <recordInfo>
    <recordOrigin>Avalon Media System</recordOrigin>
    <recordContentSource>IEN</recordContentSource>
    <recordCreationDate>20180329</recordCreationDate>
    <recordChangeDate>2018-03-29T14:15:28-06:00</recordChangeDate>
    
    <languageOfCataloging>
      <languageTerm authority="iso639-2b" type="code">eng</languageTerm>
    </languageOfCataloging>
    <recordIdentifier source="Fedora">avalon:4374</recordIdentifier>
  </recordInfo>
<physicalDescription><internetMediaType>video/mp4</internetMediaType></physicalDescription><location><url access="object in context"/></location></mods>