<?xml version="1.0" encoding="UTF-8"?><mods xmlns:xsi="http://www.w3.org/2001/XMLSchema-instance" xmlns="http://www.loc.gov/mods/v3" xsi:schemaLocation="http://www.loc.gov/mods/v3 http://www.loc.gov/standards/mods/v3/mods-3-4.xsd">
  <titleInfo usage="primary">
    <title>Growing up Coy</title>
  </titleInfo>
  <name type="personal" usage="primary">
    <namePart>Juhola, Eric</namePart>
    <role>
      <roleTerm authority="marcrelator" type="code">cre</roleTerm>
      <roleTerm authority="marcrelator" type="text">Creator</roleTerm>
    </role>
  </name>
  <name type="personal">
    <namePart>Juhola, Eric</namePart>
    <role>
      <roleTerm authority="marcrelator" type="code">ctb</roleTerm>
      <roleTerm authority="marcrelator" type="text">Contributor</roleTerm>
    </role>
  </name>
  <name type="personal">
    <namePart>Stulberg, Jeremy</namePart>
    <role>
      <roleTerm authority="marcrelator" type="code">ctb</roleTerm>
      <roleTerm authority="marcrelator" type="text">Contributor</roleTerm>
    </role>
  </name>
  <name type="personal">
    <namePart>Holtzberg, Diana</namePart>
    <role>
      <roleTerm authority="marcrelator" type="code">ctb</roleTerm>
      <roleTerm authority="marcrelator" type="text">Contributor</roleTerm>
    </role>
  </name>
  <name type="personal">
    <namePart>Stulberg, Randy</namePart>
    <role>
      <roleTerm authority="marcrelator" type="code">ctb</roleTerm>
      <roleTerm authority="marcrelator" type="text">Contributor</roleTerm>
    </role>
  </name>
  <name type="personal">
    <namePart>Mathis, Coy</namePart>
    <role>
      <roleTerm authority="marcrelator" type="code">ctb</roleTerm>
      <roleTerm authority="marcrelator" type="text">Contributor</roleTerm>
    </role>
  </name>
  <name type="personal">
    <namePart>Libertino, Christopher</namePart>
    <role>
      <roleTerm authority="marcrelator" type="code">ctb</roleTerm>
      <roleTerm authority="marcrelator" type="text">Contributor</roleTerm>
    </role>
  </name>
  <name type="personal">
    <namePart>Oldak, Jason</namePart>
    <role>
      <roleTerm authority="marcrelator" type="code">ctb</roleTerm>
      <roleTerm authority="marcrelator" type="text">Contributor</roleTerm>
    </role>
  </name>
  <name type="personal">
    <namePart>Shane, Giga</namePart>
    <role>
      <roleTerm authority="marcrelator" type="code">ctb</roleTerm>
      <roleTerm authority="marcrelator" type="text">Contributor</roleTerm>
    </role>
  </name>
  <name type="personal">
    <namePart>Still Point Pictures (Firm)</namePart>
    <role>
      <roleTerm authority="marcrelator" type="code">ctb</roleTerm>
      <roleTerm authority="marcrelator" type="text">Contributor</roleTerm>
    </role>
  </name>
  <name type="personal">
    <namePart>Outcast Films</namePart>
    <role>
      <roleTerm authority="marcrelator" type="code">ctb</roleTerm>
      <roleTerm authority="marcrelator" type="text">Contributor</roleTerm>
    </role>
  </name>
  <genre authority="pbcore" valueURI="http://pbcore.org/vocabularies/pbcoreGenre%23documentary">Documentary</genre>
  <originInfo>
    <place>
      <placeTerm type="code" authority="marccountry">nyu</placeTerm>
    </place>
    
    <issuance>monographic</issuance>
    <place>
      <placeTerm type="text">New York, N.Y.]</placeTerm>
    </place>
    
  <dateIssued encoding="edtf">2016</dateIssued><publisher>Outcast Films</publisher></originInfo>
  <language>
    <languageTerm type="code">eng</languageTerm>
    <languageTerm type="text">English</languageTerm>
  </language>
  <language>
    <languageTerm type="code">eng</languageTerm>
    <languageTerm type="text">English</languageTerm>
  </language>
  
  
  <abstract>"'Growing Up Coy' follows a landmark transgender rights case in Colorado where a six-year-old transgender girl named Coy has been banned from the girl's bathroom at her school. Coy's parents hire a lawyer to pursue a civil rights case of discrimination, and the family is thrust into the international media spotlight, causing their lives to change forever. A timely topic as states across the US battle with this civil rights issue. The film also asks a universal question that every parent may face: How far would you go to fight for your child's rights?"--Container.</abstract>
  <note type="statement of responsibility">Stillpoint Pictures presents ; directed and produced by Eric Juhola ; produced and edited by Jeremy Stulberg.</note>
  <note type="general">Originally produced as a motion picture in 2016.</note>
  <note type="general">Includes deleted scenes.</note>
  <note type="creation/production credits">Executive producer, Diana Holtzberg ; cinematography, Jason Oldak, Randy Stulberg, Giga Shane ; original score by Christopher Libertino.</note>
  <note type="performers">Coy Mathis.</note>
  <note type="language">In English with optional English captions; closed-captioned in English.</note>
  <subject>
    <geographicCode authority="marcgac">n-us-co</geographicCode>
  </subject>
  <subject>
    <topic>Mathis, Coy.</topic>
  </subject>
  <subject>
    <topic>Transgender children</topic>
  </subject>
  <subject>
    <topic>Legal status, laws, etc</topic>
  </subject>
  <subject>
    <topic>Civil rights</topic>
  </subject>
  <subject>
    <geographic>Colorado</geographic>
  </subject>
  <relatedItem type="original">
    <physicalDescription>
      <form authority="marccategory">videorecording</form>
      <form authority="marcsmd">videodisc</form>
      
      <form type="media" authority="rdamedia">video</form>
      <form type="carrier" authority="rdacarrier">videodisc</form>
    </physicalDescription>
  <physicalDescription><extent>1 online resource (82 min.) : sound, color</extent></physicalDescription><identifier type="local">7838596</identifier></relatedItem>
  
  
  <accessCondition type="use and reproduction">University of Alberta Libraries perpetual license. Purchased 2017-04-10 from Outcast films.</accessCondition>
  <recordInfo>
    <descriptionStandard>rda</descriptionStandard>
    <recordContentSource authority="marcorg">IBZ</recordContentSource>
    <recordCreationDate encoding="edtf">170126</recordCreationDate>
    <recordChangeDate encoding="iso8601">2017-08-09T13:27:40-06:00</recordChangeDate>
    
    <recordOrigin>Converted from MARCXML to MODS version 3.5 using MARC21slim2MODS3-5.xsl (Revision 1.106
				2014/12/19), customized for the Avalon Media System (last revised 2014/12/26)</recordOrigin>
    <languageOfCataloging>
      <languageTerm authority="iso639-2b" type="code">eng</languageTerm>
    </languageOfCataloging>
  <recordIdentifier source="Fedora">avalon:3315</recordIdentifier><recordIdentifier source="local">7838596</recordIdentifier></recordInfo>
  <classification authority="lcc">HQ77.95.C6 G76 2016</classification>
  <classification authority="ddc" edition="23">306.76/8</classification>
<physicalDescription><internetMediaType>video/quicktime</internetMediaType></physicalDescription><location><url access="object in context"/></location></mods>