<?xml version="1.0" encoding="UTF-8"?><mods xmlns:xsi="http://www.w3.org/2001/XMLSchema-instance" xmlns="http://www.loc.gov/mods/v3" xsi:schemaLocation="http://www.loc.gov/mods/v3 http://www.loc.gov/standards/mods/v3/mods-3-4.xsd">
  <titleInfo usage="primary">
    <title>DMus Recital, Sandra Joy Friesen, piano</title>
  </titleInfo>
  <name type="personal" usage="primary">
    <namePart>Friesen, Sandra Joy</namePart>
    <role>
      <roleTerm authority="marcrelator" type="code">cre</roleTerm>
      <roleTerm authority="marcrelator" type="text">Creator</roleTerm>
    </role>
  </name>
  <genre authority="pbcore" valueURI="http://pbcore.org/vocabularies/pbcoreGenre%23music">Music</genre>
  <originInfo>
    <dateIssued encoding="edtf">2012-11-21</dateIssued>
  </originInfo>
  <language>
    <languageTerm type="code">zxx</languageTerm>
    <languageTerm type="text">No linguistic content</languageTerm>
  </language>
  
  
  <accessCondition type="use and reproduction">This audiovisual content is being provided solely for educational use and research, pursuant to exceptions in the Canadian Copyright Act.  Further reproduction or distribution or other use may require additional permissions</accessCondition>
  <subject>
    <topic>Instrumental music</topic>
  </subject>
  <subject>
    <topic>Piano music</topic>
  </subject>
  <subject>
    <geographic>Convocation Hall, University of Alberta</geographic>
  </subject>
  <recordInfo>
    <recordOrigin>Avalon Media System</recordOrigin>
    <recordContentSource>IEN</recordContentSource>
    <recordCreationDate>20180530</recordCreationDate>
    <recordChangeDate>2018-05-30T16:45:11-06:00</recordChangeDate>
    
    <languageOfCataloging>
      <languageTerm authority="iso639-2b" type="code">eng</languageTerm>
    </languageOfCataloging>
    <recordIdentifier source="Fedora">avalon:4950</recordIdentifier>
  </recordInfo>
  <tableOfContents>Transplants (2005) for prepared piano: i. burning in an open space, with balloons; ii. sinking vertically, just off-shore; iii. down amongst young trees / Scott Smallwood (b. 1969) -- Treatise (1963-67) Graphic Score: free-interpretation of pages 142-145 / Cornelius Cardew (1936-1981) -- entends, entends le passé qui marche... (1992) with audio file / Hope Lee (b. 1953) -- Vingt Regards sur l'Enfant-Jésus (1947) #10 Regard de l'Esprit de joie / Olivier Messiaen (1908-1992) -- Sonata in B minor (1853): I. Lento assai; Allegro energico; II. Andante sostenuto; III. Allegro energico / Franz Liszt (1811-1886)</tableOfContents>
<physicalDescription><internetMediaType>video/mp4</internetMediaType></physicalDescription></mods>