<?xml version="1.0" encoding="UTF-8"?><mods xmlns:xsi="http://www.w3.org/2001/XMLSchema-instance" xmlns="http://www.loc.gov/mods/v3" xsi:schemaLocation="http://www.loc.gov/mods/v3 http://www.loc.gov/standards/mods/v3/mods-3-4.xsd">
  <titleInfo usage="primary">
    <title>Programa Nosotros [raw footage], 9 de mayo de 2004, Día de las Madres 2004</title>
  </titleInfo>
  <genre authority="pbcore" valueURI="http://pbcore.org/vocabularies/pbcoreGenre%23variety">Variety</genre>
  <genre authority="pbcore" valueURI="http://pbcore.org/vocabularies/pbcoreGenre%23community">Community</genre>
  <originInfo>
    <dateIssued encoding="edtf">2004-05-09</dateIssued>
    <dateCreated encoding="edtf">2004-05-16</dateCreated>
  </originInfo>
  <language>
    <languageTerm type="code">spa</languageTerm>
    <languageTerm type="text">Spanish</languageTerm>
  </language>
  
  
  <abstract>Raw footage for "Programa Nosotros, mayo de 2004, Día de las Madres 2004". “El Brindis del Bohemio,” music performances.</abstract>
  <note type="local">No sound from 00:00 to 02:38. Unedited footage. Sound problems around minute 26.</note>
  <subject>
    <topic>Congreso Hispano-Canadiense</topic>
  </subject>
  <subject>
    <topic>imigracion</topic>
  </subject>
  <subject>
    <topic>conferencia de las mujeres</topic>
  </subject>
  <subject>
    <topic>asociación de servicios inmigrantes</topic>
  </subject>
  <subject>
    <topic>activismo social</topic>
  </subject>
  <subject>
    <topic>EISA</topic>
  </subject>
  <subject>
    <topic>Herramientas por la Paz</topic>
  </subject>
  <subject>
    <geographic>Edmonton</geographic>
  </subject>
  <relatedItem type="original">
    <identifier type="other">971815</identifier>
  </relatedItem>
  
  <accessCondition type="use and reproduction">http://creativecommons.org/licenses/by/4.0/</accessCondition>
  <recordInfo>
    <recordOrigin>Avalon Media System</recordOrigin>
    <recordContentSource>IEN</recordContentSource>
    <recordCreationDate>20180703</recordCreationDate>
    <recordChangeDate>2018-07-03T13:18:12-06:00</recordChangeDate>
    
    <languageOfCataloging>
      <languageTerm authority="iso639-2b" type="code">eng</languageTerm>
    </languageOfCataloging>
    <recordIdentifier source="Fedora">avalon:13908</recordIdentifier>
  </recordInfo>
<physicalDescription><internetMediaType>video/quicktime</internetMediaType></physicalDescription><location><url access="object in context"/></location></mods>