<?xml version="1.0" encoding="UTF-8"?><mods xmlns:xsi="http://www.w3.org/2001/XMLSchema-instance" xmlns="http://www.loc.gov/mods/v3" xsi:schemaLocation="http://www.loc.gov/mods/v3 http://www.loc.gov/standards/mods/v3/mods-3-4.xsd">
  <titleInfo usage="primary">
    <title>World Music Showcase</title>
  </titleInfo>
  <name type="personal" usage="primary">
    <namePart>Ghanaian Art Music Ensemble</namePart>
    <role>
      <roleTerm authority="marcrelator" type="code">cre</roleTerm>
      <roleTerm authority="marcrelator" type="text">Creator</roleTerm>
    </role>
  </name>
  <name type="personal" usage="primary">
    <namePart>West African Music Ensemble</namePart>
    <role>
      <roleTerm authority="marcrelator" type="code">cre</roleTerm>
      <roleTerm authority="marcrelator" type="text">Creator</roleTerm>
    </role>
  </name>
  <name type="personal" usage="primary">
    <namePart>Indian Music Ensemble</namePart>
    <role>
      <roleTerm authority="marcrelator" type="code">cre</roleTerm>
      <roleTerm authority="marcrelator" type="text">Creator</roleTerm>
    </role>
  </name>
  <name type="personal" usage="primary">
    <namePart>Middle Eastern &amp; North African Music Ensemble</namePart>
    <role>
      <roleTerm authority="marcrelator" type="code">cre</roleTerm>
      <roleTerm authority="marcrelator" type="text">Creator</roleTerm>
    </role>
  </name>
  <genre authority="pbcore" valueURI="http://pbcore.org/vocabularies/pbcoreGenre%23music">Music</genre>
  <originInfo>
    <dateIssued encoding="edtf">2011-04-07</dateIssued>
  </originInfo>
  <language>
    <languageTerm type="code">zxx</languageTerm>
    <languageTerm type="text">No linguistic content</languageTerm>
  </language>
  
  
  <accessCondition type="use and reproduction">This audiovisual content is being provided solely for educational use and research, pursuant to exceptions in the Canadian Copyright Act.  Further reproduction or distribution or other use may require additional permissions</accessCondition>
  <subject>
    <topic>World Music</topic>
  </subject>
  <subject>
    <geographic>Francis Winspear Centre for Music</geographic>
  </subject>
  <recordInfo>
    <recordOrigin>Avalon Media System</recordOrigin>
    <recordContentSource>IEN</recordContentSource>
    <recordCreationDate>20180531</recordCreationDate>
    <recordChangeDate>2018-05-31T09:30:02-06:00</recordChangeDate>
    
    <languageOfCataloging>
      <languageTerm authority="iso639-2b" type="code">eng</languageTerm>
    </languageOfCataloging>
    <recordIdentifier source="Fedora">avalon:5067</recordIdentifier>
  </recordInfo>
  <tableOfContents>Ghanaian Art Music Ensemble: -- Midi Yesu Kristo / Kenn Kafui -- M'Asomdwee Ndi Hene / Kenn Kafui -- Mida Akpe Na Mawu / Kenn Kafui -- Dark Sunset: Kwadzo the Deviant / Wisdom Komabu -- West African Music Ensemble: -- Sovu -- Gahu -- Gota -- Indian Music Ensemble: -- Modern rendition of the Indian National Anthem -- Prabhuji -- Raga Maaru Bihag -- Raga Malkauns -- Vande Mataram -- Middle Eastern &amp; North African Music Ensemble: -- Assiss Wara (Snip Paper) / A. Rahbani (1923-1986) &amp; M. Rahbani (1925-2009) -- Taqsim -- Ya Mahla al-Fusha (What a Beautiful Walk by the Seaside) -- Mugham Bayati Shiraz / poetry by S. Ezim Shirvani (1836-1888) -- Getme Getme Gel (Don't Leave, Don't Leave, Come) / S. Rustamov (1907-1983) -- Shoor Asheghaneh (Passion of Love) / M. NeyDavood (1900-1990), F. Moshiri (1926-2001) -- Mizmor Laila (Night Song) / A. Nini (b. 1969) -- Taqsim -- Hibbina (Love us) / F. al-Atrash (1917-1974) -- Longa Kurdili Hijaz Kar / G. Baktagir</tableOfContents>
<physicalDescription><internetMediaType>video/mp4</internetMediaType></physicalDescription></mods>