<?xml version="1.0" encoding="UTF-8"?><mods xmlns:xsi="http://www.w3.org/2001/XMLSchema-instance" xmlns="http://www.loc.gov/mods/v3" xsi:schemaLocation="http://www.loc.gov/mods/v3 http://www.loc.gov/standards/mods/v3/mods-3-4.xsd">
  <titleInfo usage="primary">
    <title>Programa Nosotros, 8 de marzo de 2009, El Salvador's 2009 Elections</title>
  </titleInfo>
  <name type="personal" usage="primary">
    <namePart>Azocar, Medardo (Tio Lito)</namePart>
    <role>
      <roleTerm authority="marcrelator" type="code">cre</roleTerm>
      <roleTerm authority="marcrelator" type="text">Creator</roleTerm>
    </role>
  </name>
  <name type="personal">
    <namePart>Amigas</namePart>
    <role>
      <roleTerm authority="marcrelator" type="code">ctb</roleTerm>
      <roleTerm authority="marcrelator" type="text">Contributor</roleTerm>
    </role>
  </name>
  <name type="personal">
    <namePart>Jaled, Lupita</namePart>
    <role>
      <roleTerm authority="marcrelator" type="code">ctb</roleTerm>
      <roleTerm authority="marcrelator" type="text">Contributor</roleTerm>
    </role>
  </name>
  <genre authority="pbcore" valueURI="http://pbcore.org/vocabularies/pbcoreGenre%23variety">Variety</genre>
  <genre authority="pbcore" valueURI="http://pbcore.org/vocabularies/pbcoreGenre%23community">Community</genre>
  <originInfo>
    <dateIssued encoding="edtf">2009-03-15</dateIssued>
  </originInfo>
  <language>
    <languageTerm type="code">spa</languageTerm>
    <languageTerm type="text">Spanish</languageTerm>
  </language>
  
  
  <abstract>Announcement from representatives of Amigas and German Vidal, principal of Gabriela Mistral Latin American School, about their events and services. Lupita Jaled speaks with Ana Alfaro and Leonel Viscarra, both members of the Salvadorean community, to comment on the 2009 elections in El Salvador and the importance of emphasizing the history and politics of Latin America.</abstract>
  <subject>
    <topic>Amigas</topic>
  </subject>
  <subject>
    <topic>Gabriela Mistral Latin American School</topic>
  </subject>
  <subject>
    <topic>music concert</topic>
  </subject>
  <subject>
    <topic>politics</topic>
  </subject>
  <subject>
    <topic>Salvadorean-Canadians</topic>
  </subject>
  <subject>
    <topic>Vidal, German</topic>
  </subject>
  <subject>
    <topic>Viscarra, Leonel</topic>
  </subject>
  <subject>
    <topic>Alfaro, Ana</topic>
  </subject>
  <subject>
    <topic>Jaled, Lupita</topic>
  </subject>
  <subject>
    <topic>Adasme, Maria Elena</topic>
  </subject>
  <subject>
    <topic>Romero, Rosa</topic>
  </subject>
  <subject>
    <topic>Ramos, Katy</topic>
  </subject>
  <subject>
    <topic>relaciones laborales</topic>
  </subject>
  <subject>
    <topic>industria</topic>
  </subject>
  <subject>
    <topic>fabrica</topic>
  </subject>
  <subject>
    <topic>comunidad</topic>
  </subject>
  <subject>
    <topic>muebles</topic>
  </subject>
  <subject>
    <geographic>El Salvador</geographic>
  </subject>
  
  <accessCondition type="use and reproduction">http://creativecommons.org/licenses/by/4.0/</accessCondition>
  <recordInfo>
    <recordOrigin>Avalon Media System</recordOrigin>
    <recordContentSource>IEN</recordContentSource>
    <recordCreationDate>20180703</recordCreationDate>
    <recordChangeDate>2018-07-03T13:26:31-06:00</recordChangeDate>
    
    <languageOfCataloging>
      <languageTerm authority="iso639-2b" type="code">eng</languageTerm>
    </languageOfCataloging>
    <recordIdentifier source="Fedora">avalon:13956</recordIdentifier>
  </recordInfo>
<physicalDescription><internetMediaType>video/quicktime</internetMediaType></physicalDescription><location><url access="object in context"/></location></mods>