<?xml version="1.0" encoding="UTF-8"?><mods xmlns:xsi="http://www.w3.org/2001/XMLSchema-instance" xmlns="http://www.loc.gov/mods/v3" xsi:schemaLocation="http://www.loc.gov/mods/v3 http://www.loc.gov/standards/mods/v3/mods-3-4.xsd">
  <titleInfo usage="primary">
    <title>Tribute to R.S. Eaton by T. Rolston</title>
  </titleInfo>
  <name type="personal" usage="primary">
    <namePart>Rolston, Tom</namePart>
    <role>
      <roleTerm authority="marcrelator" type="code">cre</roleTerm>
      <roleTerm authority="marcrelator" type="text">Creator</roleTerm>
    </role>
  </name>
  <genre authority="pbcore" valueURI="http://pbcore.org/vocabularies/pbcoreGenre%23music">Music</genre>
  <originInfo>
    <dateIssued encoding="edtf">1968-02-09</dateIssued>
  </originInfo>
  <language>
    <languageTerm type="code">eng</languageTerm>
    <languageTerm type="text">English</languageTerm>
  </language>
  
  
  <abstract>CKUA radio broadcast. Contains: The University Mixed Chorus (1967 02 03): Rise Up My Love, My Fair One (Willan, Healey), Two Songs for the Coming of Spring (Somers, Harry), We'll Rant and We'll Roar (arr. Ridout, Godfrey), Three French Canadian Folk Songs (arr. Eaton, Richard); Menuhin, Yehudi &amp; The London Symphony Orchestra: Violin Concerto in B Minor, Op. 61 - I: Allegro (Elgar, Edward); University Singers &amp; Edmonton Symphony: Carmina Burana (Orff, Carl)</abstract>
  <accessCondition type="use and reproduction">This audiovisual content is being provided solely for educational use and research, pursuant to exceptions in the Canadian Copyright Act.  Further reproduction or distribution or other use may require additional permissions</accessCondition>
  <subject>
    <topic>Choral music</topic>
  </subject>
  <recordInfo>
    <recordOrigin>Avalon Media System</recordOrigin>
    <recordContentSource>IEN</recordContentSource>
    <recordCreationDate>20180618</recordCreationDate>
    <recordChangeDate>2018-06-18T09:31:10-06:00</recordChangeDate>
    
    <languageOfCataloging>
      <languageTerm authority="iso639-2b" type="code">eng</languageTerm>
    </languageOfCataloging>
    <recordIdentifier source="Fedora">avalon:5316</recordIdentifier>
  </recordInfo>
<physicalDescription><internetMediaType>audio/x-wav</internetMediaType></physicalDescription></mods>