<?xml version="1.0" encoding="UTF-8"?><mods xmlns:xsi="http://www.w3.org/2001/XMLSchema-instance" xmlns="http://www.loc.gov/mods/v3" xsi:schemaLocation="http://www.loc.gov/mods/v3 http://www.loc.gov/standards/mods/v3/mods-3-4.xsd">
  <titleInfo usage="primary">
    <title>Roundtable with Authors and Editors</title>
  </titleInfo>
  <name type="personal" usage="primary">
    <namePart>Akiwenzie-Damm, Kateri</namePart>
    <role>
      <roleTerm authority="marcrelator" type="code">cre</roleTerm>
      <roleTerm authority="marcrelator" type="text">Creator</roleTerm>
    </role>
  </name>
  <name type="personal" usage="primary">
    <namePart>Dunning, Norma</namePart>
    <role>
      <roleTerm authority="marcrelator" type="code">cre</roleTerm>
      <roleTerm authority="marcrelator" type="text">Creator</roleTerm>
    </role>
  </name>
  <name type="personal" usage="primary">
    <namePart>Halfe, Louise</namePart>
    <role>
      <roleTerm authority="marcrelator" type="code">cre</roleTerm>
      <roleTerm authority="marcrelator" type="text">Creator</roleTerm>
    </role>
  </name>
  <name type="personal" usage="primary">
    <namePart>Ogg, Arden</namePart>
    <role>
      <roleTerm authority="marcrelator" type="code">cre</roleTerm>
      <roleTerm authority="marcrelator" type="text">Creator</roleTerm>
    </role>
  </name>
  <genre authority="pbcore" valueURI="http://pbcore.org/vocabularies/pbcoreGenre%23panel">Panel</genre>
  <originInfo>
    <dateIssued encoding="edtf">2017</dateIssued>
  </originInfo>
  <language>
    <languageTerm type="code">eng</languageTerm>
    <languageTerm type="text">English</languageTerm>
  </language>
  
  
  <abstract>Editing Indigenous Writing is a discussion about editing works by Indigenous authors, or works that contain Indigenous subject matter, as well as editing across cultures and languages. What are the challenges editors face when working across cultures or with languages with which they may only be peripherally acquainted, or that are often a second or even a third language? How do writers view this relationship? What are their expectations of editing and/or the publishing experience? How have these expectations been met, or not? By opening a discussion on this topic, we can begin to understand the challenges and opportunities inherent in the author-editor relationship.</abstract>
  <subject>
    <topic>Editing</topic>
  </subject>
  <subject>
    <topic>Indigenous</topic>
  </subject>
  <subject>
    <topic>Writers</topic>
  </subject>
  <subject>
    <topic>Cultures</topic>
  </subject>
  <subject>
    <topic>Languages</topic>
  </subject>
  <subject>
    <topic>Relationships</topic>
  </subject>
  
  <accessCondition type="use and reproduction">http://creativecommons.org/licenses/by-nc-nd/4.0/</accessCondition>
  <recordInfo>
    <recordOrigin>Avalon Media System</recordOrigin>
    <recordContentSource>IEN</recordContentSource>
    <recordCreationDate>20180309</recordCreationDate>
    <recordChangeDate>2018-03-23T15:09:20-06:00</recordChangeDate>
    
    <languageOfCataloging>
      <languageTerm authority="iso639-2b" type="code">eng</languageTerm>
    </languageOfCataloging>
    <recordIdentifier source="Fedora">avalon:4285</recordIdentifier>
  </recordInfo>
<physicalDescription><internetMediaType>video/mp4</internetMediaType></physicalDescription><location><url access="object in context"/></location></mods>