<?xml version="1.0" encoding="UTF-8"?><mods xmlns:xsi="http://www.w3.org/2001/XMLSchema-instance" xmlns="http://www.loc.gov/mods/v3" xsi:schemaLocation="http://www.loc.gov/mods/v3 http://www.loc.gov/standards/mods/v3/mods-3-4.xsd">
  <titleInfo usage="primary">
    <title>The Librarian's Playbook: An Introduction to Indie Tabletop RPGs</title>
  </titleInfo>
  <name type="personal" usage="primary">
    <namePart>Kumpf, Emily</namePart>
    <role>
      <roleTerm authority="marcrelator" type="code">cre</roleTerm>
      <roleTerm authority="marcrelator" type="text">Creator</roleTerm>
    </role>
  </name>
  <genre authority="pbcore" valueURI="http://pbcore.org/vocabularies/pbcoreGenre%23educational">Educational</genre>
  <originInfo>
    <dateIssued encoding="edtf">2018</dateIssued>
  </originInfo>
  <language>
    <languageTerm type="code">eng</languageTerm>
    <languageTerm type="text">English</languageTerm>
  </language>
  
  
  <abstract>When we think about innovation in LIS, we often think digital and electronic, but we also have the opportunity to explore older technologies and non-traditional media that are not often associated with libraries. In this presentation, I will provide an introduction to one such medium: tabletop role-playing games (RPGs). I will focus on independently- created RPGs and the ways in which they can be integrated into library programming. My discussion of the theoretical aspects draws on examples from various games and systems, but I will also give a brief overview of three indie RPGs -- Follow, Be Witching, and The Deep Forest -- that can be used in programs, as well as some general tips for facilitating games.</abstract>
  <subject>
    <topic>Libraries -- cultural programs</topic>
  </subject>
  <subject>
    <topic>Tabletop role-playing games</topic>
  </subject>
  <subject>
    <topic>Collaborative storytelling</topic>
  </subject>
  
  <accessCondition type="use and reproduction">http://creativecommons.org/licenses/by-nc-sa/4.0/</accessCondition>
  <recordInfo>
    <recordOrigin>Avalon Media System</recordOrigin>
    <recordContentSource>IEN</recordContentSource>
    <recordCreationDate>20180329</recordCreationDate>
    <recordChangeDate>2018-03-29T14:15:31-06:00</recordChangeDate>
    
    <languageOfCataloging>
      <languageTerm authority="iso639-2b" type="code">eng</languageTerm>
    </languageOfCataloging>
    <recordIdentifier source="Fedora">avalon:4378</recordIdentifier>
  </recordInfo>
<physicalDescription><internetMediaType>video/mp4</internetMediaType></physicalDescription><location><url access="object in context"/></location></mods>