<?xml version="1.0" encoding="UTF-8"?><mods xmlns:xsi="http://www.w3.org/2001/XMLSchema-instance" xmlns="http://www.loc.gov/mods/v3" xsi:schemaLocation="http://www.loc.gov/mods/v3 http://www.loc.gov/standards/mods/v3/mods-3-4.xsd">
  <titleInfo usage="primary">
    <title>Programa Nosotros, 1982-[05], Pepe Fariña</title>
  </titleInfo>
  <name type="personal" usage="primary">
    <namePart>Trautman, Dave</namePart>
    <role>
      <roleTerm authority="marcrelator" type="code">cre</roleTerm>
      <roleTerm authority="marcrelator" type="text">Creator</roleTerm>
    </role>
  </name>
  <name type="personal">
    <namePart>Star, Red</namePart>
    <role>
      <roleTerm authority="marcrelator" type="code">ctb</roleTerm>
      <roleTerm authority="marcrelator" type="text">Contributor</roleTerm>
    </role>
  </name>
  <name type="personal">
    <namePart>Maciel, Miguel</namePart>
    <role>
      <roleTerm authority="marcrelator" type="code">ctb</roleTerm>
      <roleTerm authority="marcrelator" type="text">Contributor</roleTerm>
    </role>
  </name>
  <genre authority="pbcore" valueURI="http://pbcore.org/vocabularies/pbcoreGenre%23variety">Variety</genre>
  <genre authority="pbcore" valueURI="http://pbcore.org/vocabularies/pbcoreGenre%23community">Community</genre>
  <originInfo>
    <dateIssued encoding="edtf">1982-05-01</dateIssued>
    <dateCreated encoding="edtf">1982-05</dateCreated>
  </originInfo>
  <language>
    <languageTerm type="code">spa</languageTerm>
    <languageTerm type="text">Spanish</languageTerm>
  </language>
  
  
  <abstract>Musician Pepe Farina sings and plays guitar, and talks about Chile's canto nuevo movement.</abstract>
  <subject>
    <topic>performance--Nueva trova</topic>
  </subject>
  <subject>
    <topic>performance--Pepe Fariña</topic>
  </subject>
  <subject>
    <topic>Fariña, Pepe</topic>
  </subject>
  <subject>
    <topic>fútbol</topic>
  </subject>
  <subject>
    <topic>deportes</topic>
  </subject>
  <subject>
    <topic>chilenos en Canadá</topic>
  </subject>
  <subject>
    <topic>cultura</topic>
  </subject>
  <subject>
    <topic>concierto musical</topic>
  </subject>
  <subject>
    <topic>bailes</topic>
  </subject>
  <subject>
    <geographic>Cuba</geographic>
  </subject>
  <relatedItem type="original">
    <identifier type="other">960474</identifier>
  </relatedItem>
  
  <accessCondition type="use and reproduction">http://creativecommons.org/licenses/by/4.0/</accessCondition>
  <recordInfo>
    <recordOrigin>Avalon Media System</recordOrigin>
    <recordContentSource>IEN</recordContentSource>
    <recordCreationDate>20180703</recordCreationDate>
    <recordChangeDate>2018-07-03T13:47:17-06:00</recordChangeDate>
    
    <languageOfCataloging>
      <languageTerm authority="iso639-2b" type="code">eng</languageTerm>
    </languageOfCataloging>
    <recordIdentifier source="Fedora">avalon:14027</recordIdentifier>
  </recordInfo>
<physicalDescription><internetMediaType>video/quicktime</internetMediaType></physicalDescription><location><url access="object in context"/></location></mods>