<?xml version="1.0" encoding="UTF-8"?><mods xmlns:xsi="http://www.w3.org/2001/XMLSchema-instance" xmlns="http://www.loc.gov/mods/v3" xsi:schemaLocation="http://www.loc.gov/mods/v3 http://www.loc.gov/standards/mods/v3/mods-3-4.xsd">
  <titleInfo usage="primary">
    <title>Programa Nosotros. Interview with a Woman from Nicaragua</title>
  </titleInfo>
  <name type="personal" usage="primary">
    <namePart>Unknown</namePart>
    <role>
      <roleTerm authority="marcrelator" type="code">cre</roleTerm>
      <roleTerm authority="marcrelator" type="text">Creator</roleTerm>
    </role>
  </name>
  <genre>Variety</genre>
  <genre>Community</genre>
  <genre>Interview</genre>
  <originInfo>
    <dateCreated encoding="edtf">1982</dateCreated>
    <dateIssued encoding="edtf">1982</dateIssued>
  </originInfo>
  <language>
    <languageTerm type="code">spa</languageTerm>
    <languageTerm type="text">Spanish</languageTerm>
  </language>
  
  
  <abstract>This video features an interview with a woman (Julia) from Nicaragua who emigrated to Canada because of the political revolution in Nicaragua. They discuss the dangers of living in Nicaragua at the time and the influence of the United States and its imperialism as well.</abstract>
  <subject>
    <topic>Nicaragua; revolution; revolucion nicaraguense; immigration; inmigracion; United States of America imperialism; imperialismo de los Estados Unidos</topic>
  </subject>
  <subject>
    <geographic>Edmonton</geographic>
  </subject>
  <subject>
    <geographic>Alberta</geographic>
  </subject>
  <relatedItem type="original">
    <identifier type="local">programa-nosotros-2A</identifier>
  </relatedItem>
  
  <accessCondition type="use and reproduction">http://creativecommons.org/licenses/by/4.0/</accessCondition>
  <recordInfo>
    <recordOrigin>Avalon Media System</recordOrigin>
    <recordContentSource>IEN</recordContentSource>
    <recordCreationDate>20160816</recordCreationDate>
    <recordChangeDate>2016-08-18T09:51:21-06:00</recordChangeDate>
    
    <languageOfCataloging>
      <languageTerm authority="iso639-2b" type="code">eng</languageTerm>
    </languageOfCataloging>
    <recordIdentifier source="Fedora">avalon:418</recordIdentifier>
  </recordInfo>
<physicalDescription><internetMediaType>video/quicktime</internetMediaType></physicalDescription><location><url access="object in context"/></location></mods>